texto_normalizado,nombre_visible,tipo,activo
a. latina,A. Latina,LOC,true
abbey road,Abbey Road,LOC,true
abejorra,Abejorra,LOC,true
abejorral,Abejorral,LOC,true
abrego,Abrego,LOC,true
abriaquí,Abriaquí,LOC,true
acevedo,Acevedo,LOC,true
acopi yumbo,Acopi Yumbo,LOC,true
acrópolis de atenas,Acrópolis de Atenas,LOC,true
adolfo,Adolfo,LOC,true
aeropuerto alfonso bonilla aragón,Aeropuerto Alfonso Bonilla Aragón,LOC,true
aeropuerto de guayaquil,Aeropuerto de Guayaquil,LOC,true
aeropuerto de maiquetía,Aeropuerto de Maiquetía,LOC,true
aeropuerto de tolú,Aeropuerto de Tolú,LOC,true
aeropuerto de valledupar,Aeropuerto de Valledupar,LOC,true
aeropuerto el dorado,Aeropuerto el Dorado,LOC,true
aeropuerto ernesto cortissoz,Aeropuerto Ernesto Cortissoz,LOC,true
aeropuerto internacional,Aeropuerto Internacional,LOC,true
aeropuerto internacional de kuwait,Aeropuerto Internacional de Kuwait,LOC,true
aeropuerto internacional de maiquetía,Aeropuerto Internacional de Maiquetía,LOC,true
aeropuerto internacional el dorado,Aeropuerto Internacional el Dorado,LOC,true
aeropuerto internacional matecaña,Aeropuerto Internacional Matecaña,LOC,true
aeropuerto internacional rafael núñez,Aeropuerto Internacional Rafael Núñez,LOC,true
aeropuerto la nubia,Aeropuerto la Nubia,LOC,true
aeropuerto los garzones,Aeropuerto los Garzones,LOC,true
aeropuerto matecaña,Aeropuerto Matecaña,LOC,true
aeropuerto palonegro,Aeropuerto Palonegro,LOC,true
afganistán,Afganistán,LOC,true
africa,Africa,LOC,true
agbar,Agbar,LOC,true
agosalsa,Agosalsa,LOC,true
agu,Agu,LOC,true
aguachica,Aguachica,LOC,true
aguaclara,Aguaclara,LOC,true
aguada de pablo,Aguada de Pablo,LOC,true
aguadas,Aguadas,LOC,true
aguas claras,Aguas Claras,LOC,true
aguas claras de ocaña,Aguas Claras de Ocaña,LOC,true
aguja espacial,Aguja Espacial,LOC,true
aicm,Aicm,LOC,true
aida,Aida,LOC,true
aipe,Aipe,LOC,true
air-e,Air-e,ORG,true
airbnb,Airbnb,ORG,true
ajizal,Ajizal,LOC,true
alabama,Alabama,LOC,true
alameda,Alameda,LOC,true
alameda del río,Alameda del Río,LOC,true
alaska,Alaska,LOC,true
albania,Albania,LOC,true
albinen,Albinen,LOC,true
albuquerque,Albuquerque,LOC,true
albán,Albán,LOC,true
alcibia,Alcibia,LOC,true
alcoy,Alcoy,LOC,true
alegre,Alegre,LOC,true
aleida,Aleida,LOC,true
alemania,Alemania,LOC,true
alessandria,Alessandria,LOC,true
alf,Alf,LOC,true
alfonso bonilla,Alfonso Bonilla,LOC,true
alfonso bonilla aragón,Alfonso Bonilla Aragón,LOC,true
alfonso lópez,Alfonso López,LOC,true
alfonso lópez pumarejo,Alfonso López Pumarejo,LOC,true
algarrobo,Algarrobo,LOC,true
algeciras,Algeciras,LOC,true
alhambra,Alhambra,LOC,true
alicante,Alicante,LOC,true
almaguer,Almaguer,LOC,true
almaraz,Almaraz,LOC,true
almenara,Almenara,LOC,true
almería,Almería,LOC,true
almorzadero,Almorzadero,LOC,true
alpes,Alpes,LOC,true
alpes suizos,Alpes Suizos,LOC,true
alta guajira,Alta Guajira,LOC,true
altamira,Altamira,LOC,true
altavista,Altavista,LOC,true
alto ariari,Alto Ariari,LOC,true
alto bosque,Alto Bosque,LOC,true
alto de la antena,Alto de la Antena,LOC,true
alto de letras,Alto de Letras,LOC,true
alto de los chorros,Alto de los Chorros,LOC,true
alto del coro,Alto del Coro,LOC,true
alto del mercado,Alto del Mercado,LOC,true
alto del romeral,Alto del Romeral,LOC,true
alto del trigo,Alto del Trigo,LOC,true
alto nápoles,Alto Nápoles,LOC,true
alto prado,Alto Prado,LOC,true
altos de golán,Altos de Golán,LOC,true
altos de la risota,Altos de la Risota,LOC,true
altos de los chorros,Altos de los Chorros,LOC,true
altos de meléndez,Altos de Meléndez,LOC,true
altos de menga,Altos de Menga,LOC,true
altos de monserrate,Altos de Monserrate,LOC,true
altos de san isidro,Altos de San Isidro,LOC,true
altos de santa elena,Altos de Santa Elena,LOC,true
altos del golán,Altos del Golán,LOC,true
alvarado,Alvarado,LOC,true
amalfi,Amalfi,LOC,true
amazonas,Amazonas,LOC,true
amazonia,Amazonia,LOC,true
amazonía,Amazonía,LOC,true
ambalema,Ambalema,LOC,true
ambalá,Ambalá,LOC,true
amberes,Amberes,LOC,true
america,América,LOC,true
america latina,América Latina,LOC,true
américa,América,LOC,true
américa latina,América Latina,LOC,true
américas,Américas,LOC,true
américo montanini,Américo Montanini,LOC,true
ana pilar,Ana Pilar,LOC,true
ancud,Ancud,LOC,true
andalo,Andalo,LOC,true
andalucía,Andalucía,LOC,true
andariega,Andariega,LOC,true
andes,Andes,LOC,true
andina,Andina,LOC,true
andino,Andino,LOC,true
andorra,Andorra,LOC,true
andrómeda,Andrómeda,LOC,true
anfield,Anfield,LOC,true
angostura,Angostura,LOC,true
ankara,Ankara,LOC,true
annecy,Annecy,LOC,true
anolaima,Anolaima,LOC,true
anori,Anori,LOC,true
anorí,Anorí,LOC,true
anserma,Anserma,LOC,true
ansermanuevo,Ansermanuevo,LOC,true
antas,Antas,LOC,true
antibes,Antibes,LOC,true
antigua grecia,Antigua Grecia,LOC,true
antigua y barbuda,Antigua y Barbuda,LOC,true
antioquia,Antioquia,LOC,true
antioquía,Antioquía,LOC,true
antofagasta,Antofagasta,LOC,true
antártica,Antártica,LOC,true
antártida,Antártida,LOC,true
antártida occidental,Antártida Occidental,LOC,true
anzoátegui,Anzoátegui,LOC,true
apartadó,Apartadó,LOC,true
apiay,Apiay,LOC,true
apulo,Apulo,LOC,true
apure,Apure,LOC,true
arabia,Arabia,LOC,true
aracataca,Aracataca,LOC,true
aramco,Aramco,LOC,true
aranjuez,Aranjuez,LOC,true
aranzazu,Aranzazu,LOC,true
arauca,Arauca,LOC,true
arauquita,Arauquita,LOC,true
arbeláez,Arbeláez,LOC,true
arboleda,Arboleda,LOC,true
arboletes,Arboletes,LOC,true
arca,Arca,LOC,true
arcabuco,Arcabuco,LOC,true
arco minero,Arco Minero,LOC,true
aremca,Aremca,LOC,true
arenal,Arenal,LOC,true
arenal del sur,Arenal del Sur,LOC,true
arenosa,Arenosa,LOC,true
arequipa,Arequipa,LOC,true
argelia,Argelia,LOC,true
argentina,Argentina,LOC,true
arhuaco,Arhuaco,LOC,true
arizona,Arizona,LOC,true
arjona,Arjona,LOC,true
arkansas,Arkansas,LOC,true
arlington,Arlington,LOC,true
armenia,Armenia,LOC,true
armero,Armero,LOC,true
aro,Aro,LOC,true
arroyo de las canoas,Arroyo de las Canoas,LOC,true
arroyo de piedra,Arroyo de Piedra,LOC,true
arroyo grande,Arroyo Grande,LOC,true
arroyo hondo,Arroyo Hondo,LOC,true
arroyohondo,Arroyohondo,LOC,true
arroz barato,Arroz Barato,LOC,true
arrufat,Arrufat,LOC,true
aruba,Aruba,LOC,true
ascoli,Ascoli,LOC,true
asia,Asia,LOC,true
asocupitales,Asocupitales,LOC,true
asojac,Asojac,LOC,true
assen,Assen,LOC,true
aston,Aston,LOC,true
aston villa,Aston Villa,ORG,true
astorga,Astorga,LOC,true
asunción,Asunción,LOC,true
asía,Asía,LOC,true
asís,Asís,LOC,true
atacama,Atacama,LOC,true
ataco,Ataco,LOC,true
atanasio,Atanasio,LOC,true
atanasio girador,Atanasio Girador,LOC,true
atanasio girardot,Atanasio Girardot,LOC,true
atarván,Atarván,LOC,true
atenas,Atenas,LOC,true
atlanta,Atlanta,LOC,true
atlantico,Atlántico,LOC,true
atlántica,Atlántica,LOC,true
atlántico,Atlántico,LOC,true
atrio,Atrio,LOC,true
auckland,Auckland,LOC,true
auditorio león de greiff,Auditorio León de Greiff,LOC,true
austin,Austin,LOC,true
australia,Australia,LOC,true
austria,Austria,LOC,true
autonorte,Autonorte,LOC,true
autopista,Autopista,LOC,true
autopista sur,Autopista Sur,LOC,true
autódromo de tocancipá,Autódromo de Tocancipá,LOC,true
auvernia,Auvernia,LOC,true
av el dorado,Av el Dorado,LOC,true
av. 39,Av. 39,LOC,true
av. 68,Av. 68,LOC,true
av. américas,Av. Américas,LOC,true
av. bosa,Av. Bosa,LOC,true
av. calle 100,Av. Calle 100,LOC,true
av. calle 85,Av. Calle 85,LOC,true
av. carrera 15,Av. Carrera 15,LOC,true
av. carrera 40,Av. Carrera 40,LOC,true
av. centenario,Av. Centenario,LOC,true
av. crisanto luque,Av. Crisanto Luque,LOC,true
av. daniel lemaitre,Av. Daniel Lemaitre,LOC,true
av. el dorado,Av. el Dorado,LOC,true
av. el pedregal,Av. el Pedregal,LOC,true
av. jiménez,Av. Jiménez,LOC,true
av. nqs,Av. Nqs,LOC,true
av. pedro de heredia,Av. Pedro de Heredia,LOC,true
av. primero de mayo,Av. Primero de Mayo,LOC,true
av. roosevelt,Av. Roosevelt,LOC,true
av. villavicencio,Av. Villavicencio,LOC,true
avenida 19,Avenida 19,LOC,true
avenida 2 norte,Avenida 2 Norte,LOC,true
avenida 68,Avenida 68,LOC,true
avenida 8 norte,Avenida 8 Norte,LOC,true
avenida 9 norte,Avenida 9 Norte,LOC,true
avenida ambalá,Avenida Ambalá,LOC,true
avenida belalcázar,Avenida Belalcázar,LOC,true
avenida bicentenario,Avenida Bicentenario,LOC,true
avenida bosa,Avenida Bosa,LOC,true
avenida carrera 40,Avenida Carrera 40,LOC,true
avenida cañasgordas,Avenida Cañasgordas,LOC,true
avenida circunvalar,Avenida Circunvalar,LOC,true
avenida ciudad de cali,Avenida Ciudad de Cali,LOC,true
avenida crisanto luque,Avenida Crisanto Luque,LOC,true
avenida de las americas,Avenida de las Americas,LOC,true
avenida de las américas,Avenida de las Américas,LOC,true
avenida de manga,Avenida de Manga,LOC,true
avenida del lago,Avenida del Lago,LOC,true
avenida del río,Avenida del Río,LOC,true
avenida el consulado,Avenida el Consulado,LOC,true
avenida el dorado,Avenida el Dorado,LOC,true
avenida el pedregal,Avenida el Pedregal,LOC,true
avenida el platanal,Avenida el Platanal,LOC,true
avenida esperanza,Avenida Esperanza,LOC,true
avenida guadalupe,Avenida Guadalupe,LOC,true
avenida jiménez,Avenida Jiménez,LOC,true
avenida la esperanza,Avenida la Esperanza,LOC,true
avenida las peñitas,Avenida las Peñitas,LOC,true
avenida las torres,Avenida las Torres,LOC,true
avenida laureano gómez,Avenida Laureano Gómez,LOC,true
avenida libertadores,Avenida Libertadores,LOC,true
avenida mirolindo,Avenida Mirolindo,LOC,true
avenida murillo,Avenida Murillo,LOC,true
avenida mutis,Avenida Mutis,LOC,true
avenida nqs,Avenida Nqs,LOC,true
avenida pasoancho,Avenida Pasoancho,LOC,true
avenida pedro romero,Avenida Pedro Romero,LOC,true
avenida regional,Avenida Regional,LOC,true
avenida roosevelt,Avenida Roosevelt,LOC,true
avenida villavicencio,Avenida Villavicencio,LOC,true
ayacucho,Ayacucho,LOC,true
ayapel,Ayapel,LOC,true
azerbaiyán,Azerbaiyán,LOC,true
azure,Azure,LOC,true
b/quilla,B/quilla,LOC,true
bab el-mandeb,Bab El-mandeb,LOC,true
bagatelle,Bagatelle,LOC,true
bahamas,Bahamas,LOC,true
bahia solano,Bahía Solano,LOC,true
bahréin,Bahréin,LOC,true
bahía solano,Bahía Solano,LOC,true
baikonur,Baikonur,LOC,true
baily,Baily,LOC,true
bajo baudó,Bajo Baudó,LOC,true
bajo cauca,Bajo Cauca,LOC,true
bajo ostión,Bajo Ostión,LOC,true
bajo san jorge,Bajo San Jorge,LOC,true
bajo san juan,Bajo San Juan,LOC,true
bakú,Bakú,LOC,true
balboa,Balboa,LOC,true
balcanes,Balcanes,LOC,true
balcones del sol,Balcones del Sol,LOC,true
bali,Bali,LOC,true
balneario hurtado de valledupar,Balneario Hurtado de Valledupar,LOC,true
baltimore,Baltimore,LOC,true
baluarte,Baluarte,LOC,true
bananera,Bananera,LOC,true
bandar abás,Bandar Abás,LOC,true
bangkok,Bangkok,LOC,true
bangladesh,Bangladesh,LOC,true
bangladés,Bangladés,LOC,true
barajas,Barajas,LOC,true
baranoa,Baranoa,LOC,true
barbacoas,Barbacoas,LOC,true
barbados,Barbados,LOC,true
barboa,Barboa,LOC,true
barbosa,Barbosa,LOC,true
barichara,Barichara,LOC,true
barinas,Barinas,LOC,true
barlovento,Barlovento,LOC,true
barracas,Barracas,LOC,true
barragán,Barragán,LOC,true
barranca vieja,Barranca Vieja,LOC,true
barrancabermeja,Barrancabermeja,LOC,true
barrancas,Barrancas,LOC,true
barranco de loba,Barranco de Loba,LOC,true
barranquilla,Barranquilla,LOC,true
barranquillita,Barranquillita,LOC,true
barrio 20 de julio,Barrio 20 de Julio,LOC,true
barrio abajo,Barrio Abajo,LOC,true
barrio aeropuerto,Barrio Aeropuerto,LOC,true
barrio alfonso lópez,Barrio Alfonso López,LOC,true
barrio antiguo,Barrio Antiguo,LOC,true
barrio bicentenario,Barrio Bicentenario,LOC,true
barrio blas de lezo,Barrio Blas de Lezo,LOC,true
barrio bocagrande,Barrio Bocagrande,LOC,true
barrio cabrera,Barrio Cabrera,LOC,true
barrio calixto,Barrio Calixto,LOC,true
barrio canelos,Barrio Canelos,LOC,true
barrio capri,Barrio Capri,LOC,true
barrio carlos meisel,Barrio Carlos Meisel,LOC,true
barrio carora,Barrio Carora,LOC,true
barrio carrizal,Barrio Carrizal,LOC,true
barrio cevillar,Barrio Cevillar,LOC,true
barrio chiminangos ii,Barrio Chiminangos Ii,LOC,true
barrio chino,Barrio Chino,LOC,true
barrio don alberto,Barrio Don Alberto,LOC,true
barrio el bosque,Barrio el Bosque,LOC,true
barrio el ferry,Barrio el Ferry,LOC,true
barrio el reposo,Barrio el Reposo,LOC,true
barrio escobal,Barrio Escobal,LOC,true
barrio evaristo garcía,Barrio Evaristo García,LOC,true
barrio ferrocarril,Barrio Ferrocarril,LOC,true
barrio galán,Barrio Galán,LOC,true
barrio girardot,Barrio Girardot,LOC,true
barrio jordán,Barrio Jordán,LOC,true
barrio lo amador,Barrio Lo Amador,LOC,true
barrio los calamares,Barrio los Calamares,LOC,true
barrio manrique,Barrio Manrique,LOC,true
barrio manuela beltrán,Barrio Manuela Beltrán,LOC,true
barrio marco lopera,Barrio Marco Lopera,LOC,true
barrio monterredondo,Barrio Monterredondo,LOC,true
barrio moravia,Barrio Moravia,LOC,true
barrio motilones,Barrio Motilones,LOC,true
barrio nazareno,Barrio Nazareno,LOC,true
barrio nelson arango,Barrio Nelson Arango,LOC,true
barrio obrero,barrio Obrero,LOC,true
barrio olaya,Barrio Olaya,LOC,true
barrio pablo sexto,Barrio Pablo Sexto,LOC,true
barrio paraíso,Barrio Paraíso,LOC,true
barrio porvenir,Barrio Porvenir,LOC,true
barrio salomia,Barrio Salomia,LOC,true
barrio san francisco,Barrio San Francisco,LOC,true
barrio santa ana,Barrio Santa Ana,LOC,true
barrio siloé,Barrio Siloé,LOC,true
barrio suárez,Barrio Suárez,LOC,true
barrio terranova,Barrio Terranova,LOC,true
barrio toberín,Barrio Toberín,LOC,true
barrio topacio,Barrio Topacio,LOC,true
barrio trinidad,Barrio Trinidad,LOC,true
barrio triste,Barrio Triste,LOC,true
barrio villa maría selene,Barrio Villa María Selene,LOC,true
barrios unidos,Barrios Unidos,LOC,true
baru,Baru,LOC,true
baruta,Baruta,LOC,true
baréin,Baréin,LOC,true
barú,Barú,LOC,true
base aérea de apiay,Base Aérea de Apiay,LOC,true
base aérea marco fidel suárez,Base Aérea Marco Fidel Suárez,LOC,true
base de antinarcóticos,Base de Antinarcóticos,LOC,true
base militar de tibú,Base Militar de Tibú,LOC,true
basílica de buga,Basílica de Buga,LOC,true
basílica del señor de los milagros,Basílica del Señor de los Milagros,LOC,true
basílica del voto nacional,Basílica del Voto Nacional,LOC,true
basílica menor de san benito,Basílica Menor de San Benito,LOC,true
batallón de pasto,Batallón de Pasto,LOC,true
bavaria,Bavaria,ORG,true
bayeux,Bayeux,LOC,true
baywatch,Baywatch,LOC,true
bazurto,Bazurto,LOC,true
bc place vancouver,Bc Place Vancouver,LOC,true
beaufort,Beaufort,LOC,true
beaverbrook,Beaverbrook,LOC,true
becerril,Becerril,LOC,true
bedford,Bedford,LOC,true
beijing,Beijing,LOC,true
beirut,Beirut,LOC,true
belalcázar,Belalcázar,LOC,true
belencito,Belencito,LOC,true
belfast,Belfast,LOC,true
belgica,Bélgica,LOC,true
belice,Belice,LOC,true
bellavista,Bellavista,LOC,true
bellinzona,Bellinzona,LOC,true
bello,Bello,LOC,true
belém do pará,Belém do Pará,LOC,true
belén de bajirá,Belén de Bajirá,LOC,true
belén de umbría,Belén de Umbría,LOC,true
benamira,Benamira,LOC,true
bendiciones,Bendiciones,LOC,true
benjamín herrera,Benjamín Herrera,LOC,true
benz,Benz,LOC,true
berbeo,Berbeo,LOC,true
bergerac,Bergerac,LOC,true
berlin,Berlin,LOC,true
berlín,Berlín,LOC,true
bernabéu,Bernabéu,LOC,true
berruecos,Berruecos,LOC,true
berrugas,Berrugas,LOC,true
besito volao,Besito Volao,LOC,true
betoyes,Betoyes,LOC,true
betulia,Betulia,LOC,true
beverly hills,Beverly Hills,LOC,true
biblioteca luis ángel arango,Biblioteca Luis Ángel Arango,LOC,true
biblioteca nacional,Biblioteca Nacional,LOC,true
biblioteca virgilio,Biblioteca Virgilio,LOC,true
biblioteca virgilio barco,Biblioteca Virgilio Barco,LOC,true
bicentenario,Bicentenario,LOC,true
biddeford,Biddeford,LOC,true
biffi la salle,Biffi la Salle,LOC,true
bikini,Bikini,LOC,true
bilbao,Bilbao,LOC,true
birmingham,Birmingham,LOC,true
birmingham city,Birmingham City,LOC,true
bloques de moscopán,Bloques de Moscopán,LOC,true
boca de yuma,Boca de Yuma,LOC,true
boca juniors,Boca Juniors,ORG,true
bocachica,Bocachica,LOC,true
bocagrande,Bocagrande,LOC,true
bocas de ceniza,Bocas de Ceniza,LOC,true
bochalema,Bochalema,LOC,true
bogota,Bogotá,LOC,true
bogotop,Bogotop,LOC,true
bogotá,Bogotá,LOC,true
bohórquez,Bohórquez,LOC,true
bojayá,Bojayá,LOC,true
bolivar,Bolívar,LOC,true
bolivia,Bolivia,LOC,true
bolsonaro,Bolsonaro,PER,true
bolívar,Bolívar,LOC,true
bolívia,Bolivia,LOC,true
bonda,Bonda,LOC,true
bosa,Bosa,LOC,true
bosconia,Bosconia,LOC,true
bosnia,Bosnia,LOC,true
bosque,Bosque,LOC,true
bosquecito,Bosquecito,LOC,true
boston,Boston,LOC,true
boyaca,Boyacá,LOC,true
boyacense,Boyacense,LOC,true
boyacá,Boyacá,LOC,true
brasil,Brasil,LOC,true
brasileña,Brasileña,LOC,true
brazo morales,Brazo Morales,LOC,true
brazo seco,Brazo Seco,LOC,true
briceno,Briceno,LOC,true
briceño,Briceño,LOC,true
brigard,Brigard,LOC,true
brisas de las torres,Brisas de las Torres,LOC,true
brisas de los álamos,Brisas de los Álamos,LOC,true
brisbane,Brisbane,LOC,true
broadway,Broadway,LOC,true
bronx,Bronx,LOC,true
brooklyn,Brooklyn,LOC,true
brubatá,Brubatá,LOC,true
bruselas,Bruselas,LOC,true
bucaramanga,Bucaramanga,LOC,true
bucarasica,Bucarasica,LOC,true
budapest,Budapest,LOC,true
buena suerte,Buena Suerte,LOC,true
buenaventura,Buenaventura,LOC,true
buenavista,Buenavista,LOC,true
buenos aires,Buenos Aires,LOC,true
buesaco,Buesaco,LOC,true
buesaquillo,Buesaquillo,LOC,true
bulevar de oriente,Bulevar de Oriente,LOC,true
bulevar del oriente,Bulevar del Oriente,LOC,true
bulevar del río,Bulevar del Río,LOC,true
bulevar figueroa,Bulevar Figueroa,LOC,true
bulevar navideño,Bulevar Navideño,LOC,true
bulevar parques del olímpico,Bulevar Parques del Olímpico,LOC,true
bulgaria,Bulgaria,LOC,true
burdeos,Burdeos,LOC,true
burgenstock,Burgenstock,LOC,true
buritaca,Buritaca,LOC,true
buritica,Buritica,LOC,true
buriticá,Buriticá,LOC,true
busan,Busan,LOC,true
báltico,Báltico,LOC,true
bélgica,Bélgica,LOC,true
bélice,Bélice,LOC,true
ca,Ca,LOC,true
cabo cañaveral,Cabo Cañaveral,LOC,true
cabo san lucas,Cabo San Lucas,LOC,true
cabo verde,Cabo Verde,LOC,true
cabos,Cabos,LOC,true
cabrera,Cabrera,LOC,true
cabuyaro,Cabuyaro,LOC,true
cabí,Cabí,LOC,true
cafam,Cafam,ORG,true
cafetero,Cafetero,LOC,true
café cruzado,Café Cruzado,LOC,true
caguán,Caguán,LOC,true
cai,Cai,LOC,true
cai de bosa,Cai de Bosa,LOC,true
caicedonia,Caicedonia,LOC,true
cajamarca,Cajamarca,LOC,true
cajibío,Cajibío,LOC,true
cajicá,Cajicá,LOC,true
calabazo,Calabazo,LOC,true
calamar,Calamar,LOC,true
calancala,Calancala,LOC,true
calbuco,Calbuco,LOC,true
calcuta,Calcuta,LOC,true
caldas,Caldas,LOC,true
calderas,Calderas,LOC,true
caldono,Caldono,LOC,true
calera,Calera,LOC,true
cali,Cali,LOC,true
calichana,Calichana,LOC,true
california,California,LOC,true
calima,Calima,LOC,true
calima darién,Calima Darién,LOC,true
calima el darien,Calima el Darien,LOC,true
calima el darién,Calima el Darién,LOC,true
calima-darién,Calima-darién,LOC,true
callao,Callao,LOC,true
calle 100,Calle 100,LOC,true
calle 103,Calle 103,LOC,true
calle 11,Calle 11,LOC,true
calle 116,Calle 116,LOC,true
calle 13,Calle 13,LOC,true
calle 134,Calle 134,LOC,true
calle 14,Calle 14,LOC,true
calle 153,Calle 153,LOC,true
calle 16,Calle 16,LOC,true
calle 17,Calle 17,LOC,true
calle 187,Calle 187,LOC,true
calle 19,Calle 19,LOC,true
calle 205,Calle 205,LOC,true
calle 21,Calle 21,LOC,true
calle 22,Calle 22,LOC,true
calle 22a bis,Calle 22a Bis,LOC,true
calle 23,Calle 23,LOC,true
calle 24,Calle 24,LOC,true
calle 25,Calle 25,LOC,true
calle 26,Calle 26,LOC,true
calle 30,Calle 30,LOC,true
calle 30 del pie de la popa,Calle 30 del Pie de la Popa,LOC,true
calle 34,Calle 34,LOC,true
calle 36,Calle 36,LOC,true
calle 42,Calle 42,LOC,true
calle 45,Calle 45,LOC,true
calle 48c,Calle 48c,LOC,true
calle 5,Calle 5,LOC,true
calle 52 norte,Calle 52 Norte,LOC,true
calle 53,Calle 53,LOC,true
calle 59,Calle 59,LOC,true
calle 63,Calle 63,LOC,true
calle 67,Calle 67,LOC,true
calle 68,Calle 68,LOC,true
calle 70,Calle 70,LOC,true
calle 72,Calle 72,LOC,true
calle 75c sur,Calle 75c Sur,LOC,true
calle 76,Calle 76,LOC,true
calle 79,Calle 79,LOC,true
calle 80,Calle 80,LOC,true
calle 82,Calle 82,LOC,true
calle 84,Calle 84,LOC,true
calle 85,Calle 85,LOC,true
calle 87,Calle 87,LOC,true
calle de barcelona,Calle de Barcelona,LOC,true
calle de fusagasugá,Calle de Fusagasugá,LOC,true
calle de la cuchara,Calle de la Cuchara,LOC,true
calle de londres,Calle de Londres,LOC,true
calle de los niños,Calle de los Niños,LOC,true
calle larga,Calle Larga,LOC,true
calle novena,Calle Novena,LOC,true
calle quinta,Calle Quinta,LOC,true
calle san juan de dios,Calle San Juan de Dios,LOC,true
caloto,Caloto,LOC,true
camboya,Camboya,LOC,true
cambridge,Cambridge,LOC,true
camilo daza,Camilo Daza,LOC,true
camino adela de char,Camino Adela de Char,LOC,true
camino adelita de char,Camino Adelita de Char,LOC,true
camp east montana,Camp East Montana,LOC,true
campa,Campa,LOC,true
campamento,Campamento,LOC,true
campamento miasma,Campamento Miasma,LOC,true
campesina,Campesina,LOC,true
campo alegre,Campo Alegre,LOC,true
campo de la cruz,Campo de la Cruz,LOC,true
campo dos,Campo Dos,LOC,true
campo milagro,Campo Milagro,LOC,true
campo rubiales,Campo Rubiales,LOC,true
campoalegre,Campoalegre,LOC,true
campollo,Campollo,LOC,true
campín,Campín,LOC,true
canada,Canada,LOC,true
canadá,Canadá,LOC,true
canaima,Canaima,LOC,true
canal chiamaría,Canal Chiamaría,LOC,true
canal de la mancha,Canal de la Mancha,LOC,true
canal del dique,Canal del Dique,LOC,true
canal san francisco,Canal San Francisco,LOC,true
canalete,Canalete,LOC,true
canapote,Canapote,LOC,true
canarias,Canarias,LOC,true
cancha la inmaculada,Cancha la Inmaculada,LOC,true
cancún,Cancún,LOC,true
candelaria,Candelaria,LOC,true
cannes,Cannes,LOC,true
cannes lions,Cannes Lions,LOC,true
cantabria,Cantabria,LOC,true
cantagallo,Cantagallo,LOC,true
cantón norte,Cantón Norte,LOC,true
cantón pichincha,Cantón Pichincha,LOC,true
caparrapí,Caparrapí,LOC,true
capital musical,Capital Musical,LOC,true
capitana del mar,Capitana del Mar,LOC,true
capitolio,Capitolio,LOC,true
capitolio nacional,Capitolio Nacional,LOC,true
capri,Capri,LOC,true
caquetá,Caquetá,LOC,true
caraballeda,Caraballeda,LOC,true
caracas,Caracas,LOC,true
caracolí,Caracolí,LOC,true
caramanta,Caramanta,LOC,true
carcasona,Carcasona,LOC,true
carchi,Carchi,LOC,true
cardiff,Cardiff,LOC,true
carepa,Carepa,LOC,true
cari,Cari,LOC,true
caribe,Caribe,LOC,true
caribeña,Caribeña,LOC,true
carlos e. restrepo,Carlos E. Restrepo,LOC,true
carlos holmes trujillo,Carlos Holmes Trujillo,LOC,true
carmen de atrato,Carmen de Atrato,LOC,true
carmen de tonchalá,Carmen de Tonchalá,LOC,true
carolina del sur,Carolina del Sur,LOC,true
carrera 15,Carrera 15,LOC,true
carrera 19,Carrera 19,LOC,true
carrera 30,Carrera 30,LOC,true
carrera 36,Carrera 36,LOC,true
carrera 39,Carrera 39,LOC,true
carrera 44,Carrera 44,LOC,true
carrera 46,Carrera 46,LOC,true
carrera 70,Carrera 70,LOC,true
carrera 7l,Carrera 7l,LOC,true
carrera 83,Carrera 83,LOC,true
carrera séptima,Carrera Séptima,LOC,true
carreto,Carreto,LOC,true
carrizal,Carrizal,LOC,true
cartagena,Cartagena,LOC,true
cartagena de indias,Cartagena de Indias,LOC,true
cartago,Cartago,LOC,true
carì,Carì,LOC,true
casa blanca,Casa Blanca,LOC,true
casa catinchi,Casa Catinchi,LOC,true
casa de las agujas,Casa de las Agujas,LOC,true
casa del carnaval,Casa del Carnaval,LOC,true
casa del pueblo de guanacas,Casa del Pueblo de Guanacas,LOC,true
casa ecológica,Casa Ecológica,LOC,true
casa mafapo,Casa Mafapo,LOC,true
casa straithorst clausen,Casa Straithorst Clausen,LOC,true
casa streithorst clausen,Casa Streithorst Clausen,LOC,true
casa sámano,Casa Sámano,LOC,true
casa-museo,Casa-museo,LOC,true
casabe,Casabe,LOC,true
casacará,Casacará,LOC,true
casanare,Casanare,LOC,true
casas de justicia,Casas de Justicia,LOC,true
casas refugio,Casas Refugio,LOC,true
casavieja,Casavieja,LOC,true
cascais,Cascais,LOC,true
cascajal,Cascajal,LOC,true
casino río,Casino Río,LOC,true
casona de la danza,Casona de la Danza,LOC,true
castellón,Castellón,LOC,true
castilla,Castilla,LOC,true
castillo de beaufort,Castillo de Beaufort,LOC,true
castillo de san felipe,Castillo de San Felipe,LOC,true
castillogrande,Castillogrande,LOC,true
cataluna,Cataluna,LOC,true
cataluña,Cataluña,LOC,true
catam,Catam,LOC,true
cataratas del iguazú,Cataratas del Iguazú,LOC,true
catatumbo,Catatumbo,LOC,true
catedral,Catedral,LOC,true
catedral de dormición,Catedral de Dormición,LOC,true
catedral de la dormición,Catedral de la Dormición,LOC,true
catedral de manizales,Catedral de Manizales,LOC,true
catedral de sal,Catedral de Sal,LOC,true
catedral primada,Catedral Primada,LOC,true
catedral san francisco de asís,Catedral San Francisco de Asís,LOC,true
catia la mar,Catia la Mar,LOC,true
cauca,Cauca,LOC,true
caucacia,Caucacia,LOC,true
caucasia,Caucasia,LOC,true
caulker,Caulker,LOC,true
cautiverio,Cautiverio,LOC,true
cavernas de santa bárbara,Cavernas de Santa Bárbara,LOC,true
cayo isla serrana,Cayo Isla Serrana,LOC,true
cayzedo,Cayzedo,LOC,true
cañahuate,Cañahuate,LOC,true
cañasgordas,Cañasgordas,LOC,true
cañaveral,Cañaveral,LOC,true
cañaveralejo,Cañaveralejo,LOC,true
caño chamaría,Caño Chamaría,LOC,true
caño cristales,Caño Cristales,LOC,true
caño de la auyama,Caño de la Auyama,LOC,true
caño limón,Caño Limón,LOC,true
cañón de las iguanas,Cañón de las Iguanas,LOC,true
cañón del chicamocha,Cañón del Chicamocha,LOC,true
cañón del combeima,Cañón del Combeima,LOC,true
cañón del micay,Cañón del Micay,LOC,true
cc paseo villa del río,Cc Paseo Villa del Río,LOC,true
cdmx,Cdmx,LOC,true
ceballos,Ceballos,LOC,true
cedritos,Cedritos,LOC,true
ceguera,Ceguera,LOC,true
ceja,Ceja,LOC,true
celebes,Celebes,LOC,true
cementerio,Cementerio,LOC,true
cementerio calancala,Cementerio Calancala,LOC,true
cementerio central,Cementerio Central,LOC,true
cementerio central de neiva,Cementerio Central de Neiva,LOC,true
cementerio de puerto libertador,Cementerio de Puerto Libertador,LOC,true
cementerio del sur,Cementerio del Sur,LOC,true
cementerio jardines,Cementerio Jardines,LOC,true
cenfer,Cenfer,LOC,true
center,Center,LOC,true
central de transporte,Central de Transporte,LOC,true
central park,Central Park,LOC,true
centro - sur de caldas,Centro - Sur de Caldas,LOC,true
centro comercial andino,Centro Comercial Andino,LOC,true
centro comercial chipichape,Centro Comercial Chipichape,LOC,true
centro comercial mall parrish,Centro Comercial Mall Parrish,LOC,true
centro cultural,Centro Cultural,LOC,true
centro cívico,Centro Cívico,LOC,true
centro de detención transitorio de neiva,Centro de Detención Transitorio de Neiva,LOC,true
centro de experiencia santa teresa,Centro de Experiencia Santa Teresa,LOC,true
centro de formación de la cooperación española,Centro de Formación de la Cooperación Española,LOC,true
centro de rescate de fauna marina,Centro de Rescate de Fauna Marina,LOC,true
centro historico,Centro Histórico,LOC,true
centro histórico,Centro Histórico,LOC,true
centro histórico de cartagena,Centro Histórico de Cartagena,LOC,true
centro nacional de las artes,Centro Nacional de las Artes,LOC,true
centro penitenciario,Centro Penitenciario,LOC,true
centro recreacional usc,Centro Recreacional Usc,LOC,true
centroamerica,Centroamerica,LOC,true
centroamérica,Centroamérica,LOC,true
centros de escucha,Centros de Escucha,LOC,true
centros felicidad,Centros Felicidad,LOC,true
cepitá,Cepitá,LOC,true
cereté,Cereté,LOC,true
cerezo osaka,Cerezo Osaka,LOC,true
cerlalc,Cerlalc,LOC,true
cerrejon,Cerrejon,LOC,true
cerro aminda de cumbitara,Cerro Aminda de Cumbitara,LOC,true
cerro colorado,Cerro Colorado,LOC,true
cerro de barco,Cerro de Barco,LOC,true
cerro de las tres cruces,Cerro de las Tres Cruces,LOC,true
cerro del barco,Cerro del Barco,LOC,true
cerro ecce homo,Cerro Ecce Homo,LOC,true
cerro matoso,Cerro Matoso,LOC,true
cerro pan de azúcar,Cerro Pan de Azúcar,LOC,true
cerro quitasol,Cerro Quitasol,LOC,true
cerro santa ana,Cerro Santa Ana,LOC,true
cerro santana,Cerro Santana,LOC,true
cerromatoso,Cerromatoso,LOC,true
cerros de mavecure,Cerros de Mavecure,LOC,true
cerros orientales,Cerros Orientales,LOC,true
cesar,Cesar,LOC,true
cespo,Cespo,LOC,true
ceuta,Ceuta,LOC,true
ch,Ch,LOC,true
chacao,Chacao,LOC,true
chachagüí,Chachagüí,LOC,true
chad,Chad,LOC,true
chaguaní,Chaguaní,LOC,true
chalán,Chalán,LOC,true
chambaculeras,Chambaculeras,LOC,true
chambacú,Chambacú,LOC,true
champagnat,Champagnat,LOC,true
champlain,Champlain,LOC,true
chancay,Chancay,LOC,true
chapacuá,Chapacuá,LOC,true
chaparral,Chaparral,LOC,true
chapinero,Chapinero,LOC,true
chapinero alto,Chapinero Alto,LOC,true
charala,Charala,LOC,true
charalá,Charalá,LOC,true
charles de gaulle,Charles de Gaulle,LOC,true
charta,Charta,LOC,true
chattanooga,Chattanooga,LOC,true
chavo,Chavo,LOC,true
chengue,Chengue,LOC,true
chequia,Chequia,LOC,true
chernóbil,Chernóbil,LOC,true
chiapas,Chiapas,LOC,true
chiavari,Chiavari,LOC,true
chiba,Chiba,LOC,true
chicago,Chicago,LOC,true
chiclayo,Chiclayo,LOC,true
chicoral,Chicoral,LOC,true
chigorodó,Chigorodó,LOC,true
chikunguña,Chikunguña,LOC,true
chile,Chile,LOC,true
chilena,Chilena,LOC,true
chima,Chima,LOC,true
chimborazo,Chimborazo,LOC,true
chimichagua,Chimichagua,LOC,true
chimitá,Chimitá,LOC,true
china,China,LOC,true
chinavita,Chinavita,LOC,true
chinchiná,Chinchiná,LOC,true
chingaza,Chingaza,LOC,true
chinácota,Chinácota,LOC,true
chipaque,Chipaque,LOC,true
chipichape,Chipichape,LOC,true
chipre,Chipre,LOC,true
chiquinquirá,Chiquinquirá,LOC,true
chirajara,Chirajara,LOC,true
chiriguaná,Chiriguaná,LOC,true
chitagá,Chitagá,LOC,true
chivatá,Chivatá,LOC,true
chivor,Chivor,LOC,true
choachí,Choachí,LOC,true
chochó,Chochó,LOC,true
choco,Chocó,LOC,true
chocontá,Chocontá,LOC,true
chocó,Chocó,LOC,true
cholón,Cholón,LOC,true
chongqing,Chongqing,LOC,true
chontico,Chontico,LOC,true
chorrera,Chorrera,LOC,true
chorritos,Chorritos,LOC,true
chorro de quevedo,Chorro de Quevedo,LOC,true
chucuri,Chucuri,LOC,true
chusacá,Chusacá,LOC,true
chuscalito,Chuscalito,LOC,true
chía,Chía,LOC,true
chíquiza,Chíquiza,LOC,true
cicuco,Cicuco,LOC,true
cienaga,Cienaga,LOC,true
cincinnati,Cincinnati,LOC,true
cinturón de fuego,Cinturón de Fuego,LOC,true
circasia,Circasia,LOC,true
circo,Circo,LOC,true
circunvalar,Circunvalar,LOC,true
circunvalar oriental,Circunvalar Oriental,LOC,true
cisjordania,Cisjordania,LOC,true
ciudad altavoz,Ciudad Altavoz,LOC,true
ciudad bicentenario,Ciudad Bicentenario,LOC,true
ciudad bolivar,Ciudad Bolívar,LOC,true
ciudad bolívar,Ciudad Bolívar,LOC,true
ciudad capri,Ciudad Capri,LOC,true
ciudad carpita,Ciudad Carpita,LOC,true
ciudad cortissoz,Ciudad Cortissoz,LOC,true
ciudad de mexico,Ciudad de México,LOC,true
ciudad de méxico,Ciudad de México,LOC,true
ciudad del este,Ciudad del Este,LOC,true
ciudad del parque,Ciudad del Parque,LOC,true
ciudad del vaticano,Ciudad del Vaticano,LOC,true
ciudad gótica,Ciudad Gótica,LOC,true
ciudad jardín,Ciudad Jardín,LOC,true
ciudad jardín sur,Ciudad Jardín Sur,LOC,true
ciudad kennedy,Ciudad Kennedy,LOC,true
ciudad mallorquín,Ciudad Mallorquín,LOC,true
ciudad modelo,Ciudad Modelo,LOC,true
ciudad paraíso,Ciudad Paraíso,LOC,true
ciudad perdida,Ciudad Perdida,LOC,true
ciudad rock,Ciudad Rock,LOC,true
ciudad salitre,Ciudad Salitre,LOC,true
ciudad vieja,Ciudad Vieja,LOC,true
ciudadela 20,Ciudadela 20,LOC,true
ciudadela 2000,Ciudadela 2000,LOC,true
ciudadela colsubsidio,Ciudadela Colsubsidio,LOC,true
ciudadela petronio,Ciudadela Petronio,LOC,true
ciudadela petronio álvarez,Ciudadela Petronio Álvarez,LOC,true
ciénaga,Ciénaga,LOC,true
ciénaga de la virgen,Ciénaga de la Virgen,LOC,true
ciénaga de los manatíes,Ciénaga de los Manatíes,LOC,true
ciénaga de oro,Ciénaga de Oro,LOC,true
ciénaga grande,Ciénaga Grande,LOC,true
clemencia,Clemencia,LOC,true
clover sonoma,Clover Sonoma,LOC,true
clínica de obesidad,Clínica de Obesidad,LOC,true
clínica diamanti,Clínica Diamanti,LOC,true
cna,Cna,LOC,true
coachella,Coachella,LOC,true
coachella 2026,Coachella 2026,ORG,true
coahuila,Coahuila,LOC,true
cochabamba,Cochabamba,LOC,true
cocorná,Cocorná,LOC,true
codazzi,Codazzi,LOC,true
coello,Coello,LOC,true
cogote,Cogote,LOC,true
colina campestre,Colina Campestre,LOC,true
colinas del tunal,Colinas del Tunal,LOC,true
coliseo,Coliseo,LOC,true
coliseo bernardo caraballo,Coliseo Bernardo Caraballo,LOC,true
coliseo de boxeo,Coliseo de Boxeo,LOC,true
coliseo de ferias,Coliseo de Ferias,LOC,true
coliseo de hockey,Coliseo de Hockey,LOC,true
coliseo de tenis de mesa,Coliseo de Tenis de Mesa,LOC,true
coliseo evangelista mora,Coliseo Evangelista Mora,LOC,true
coliseo menor,Coliseo Menor,LOC,true
coliseo peralta,Coliseo Peralta,LOC,true
coliseo sergio antonio ruano,Coliseo Sergio Antonio Ruano,LOC,true
colobia,Colobia,LOC,true
colombia,Colombia,LOC,true
colombianismos,Colombianismos,LOC,true
colombias,Colombias,LOC,true
colombiatón,Colombiatón,LOC,true
colombo americano,Colombo Americano,LOC,true
colorloto,Colorloto,ORG,true
colpatria,Colpatria,LOC,true
coltejer,Coltejer,LOC,true
colón,Colón,LOC,true
combarranquilla,Combarranquilla,LOC,true
comercial andino,Comercial Andino,LOC,true
comfama arví,Comfama Arví,LOC,true
comfamiliar,Comfamiliar,LOC,true
comfamiliar de la calle 79,Comfamiliar de la Calle 79,LOC,true
comfasucre,Comfasucre,LOC,true
complejo acuático,Complejo Acuático,LOC,true
complejo deportivo el campestre,Complejo Deportivo el Campestre,LOC,true
comuna 1,Comuna 1,LOC,true
comuna 13,Comuna 13,LOC,true
comuna 16,Comuna 16,LOC,true
comuna 21,Comuna 21,LOC,true
comuna 9,Comuna 9,LOC,true
comuneros ii,Comuneros Ii,LOC,true
concepción,Concepción,LOC,true
condado,Condado,LOC,true
coney island,Coney Island,LOC,true
congo,Congo,LOC,true
congregación reforma,Congregación Reforma,LOC,true
conidec,Conidec,LOC,true
cono sur,Cono Sur,LOC,true
consacá,Consacá,LOC,true
convención,Convención,LOC,true
conx,Conx,LOC,true
cooperación española,Cooperación Española,LOC,true
copacabana,Copacabana,LOC,true
copenhague,Copenhague,LOC,true
corabastos,Corabastos,LOC,true
coralina,Coralina,LOC,true
cordialidad,Cordialidad,LOC,true
cordoba,Córdoba,LOC,true
cordoberxia,Cordoberxia,LOC,true
corea del sur,Corea del Sur,LOC,true
corinto,Corinto,LOC,true
coromoro,Coromoro,LOC,true
corozal,Corozal,LOC,true
corpoguajira,Corpoguajira,LOC,true
corpus christi,Corpus Christi,LOC,true
corredor de carga,Corredor de Carga,LOC,true
corredor de la séptima,Corredor de la Séptima,LOC,true
corredor universitario,Corredor Universitario,LOC,true
cortissoz,Cortissoz,LOC,true
cortolima,Cortolima,LOC,true
costa,Costa,LOC,true
costa caribe,Costa Caribe,LOC,true
costa de marfil,Costa de Marfil,LOC,true
costa rica,Costa Rica,LOC,true
cota,Cota,LOC,true
covent garden,Covent Garden,LOC,true
coveñas,Coveñas,LOC,true
coviandina,Coviandina,LOC,true
coward,Coward,LOC,true
coyaima,Coyaima,LOC,true
cravo sur,Cravo Sur,LOC,true
credichévere,Credichévere,LOC,true
crespo,Crespo,LOC,true
crimea,Crimea,LOC,true
cristal bajo,Cristal Bajo,LOC,true
cristo rey,Cristo Rey,LOC,true
cristóbal,Cristóbal,LOC,true
cristóbal colón,Cristóbal Colón,LOC,true
croacia,Croacia,LOC,true
cruz verde,Cruz Verde,LOC,true
cuadra cerrada,Cuadra Cerrada,LOC,true
cuarto de legua,Cuarto de Legua,LOC,true
cuatro vientos,Cuatro Vientos,LOC,true
cuauhtémoc,Cuauhtémoc,LOC,true
cuba,Cuba,LOC,true
cubarral,Cubarral,LOC,true
cubará,Cubará,LOC,true
cucunubá,Cucunubá,LOC,true
cucuta,Cucuta,LOC,true
cuestecitas,Cuestecitas,LOC,true
cuevana 3,Cuevana 3,LOC,true
culiacán,Culiacán,LOC,true
cumaribo,Cumaribo,LOC,true
cumbal,Cumbal,LOC,true
cumbitara,Cumbitara,LOC,true
cundinamarca,Cundinamarca,LOC,true
curasao,Curasao,LOC,true
curazao,Curazao,LOC,true
curos,Curos,LOC,true
curramba,Curramba,LOC,true
curumani,Curumani,LOC,true
curumaní,Curumaní,LOC,true
cuítiva,Cuítiva,LOC,true
cáceres,Cáceres,LOC,true
cácota,Cácota,LOC,true
cádiz,Cádiz,LOC,true
cándida,Cándida,LOC,true
cáqueza,Cáqueza,LOC,true
cárcel de itagüí,Cárcel de Itagüí,LOC,true
cárcel distrital el bosque,Cárcel Distrital el Bosque,LOC,true
cárcel el buen pastor,Cárcel el Buen Pastor,LOC,true
cárcel palogordo,Cárcel Palogordo,LOC,true
cómbita,Cómbita,LOC,true
córdoba,Córdoba,LOC,true
cúcuta,Cúcuta,LOC,true
dabeiba,Dabeiba,LOC,true
dagua,Dagua,LOC,true
dallas,Dallas,LOC,true
damasco,Damasco,LOC,true
danubio,Danubio,LOC,true
dapa,Dapa,LOC,true
darién,Darién,LOC,true
daviarena,Daviarena,LOC,true
davivienda,Davivienda,ORG,true
de aguablanca,De Aguablanca,LOC,true
de beaufort,De Beaufort,LOC,true
de bran,De Bran,LOC,true
de chiquinquirá,De Chiquinquirá,LOC,true
de dios,De Dios,LOC,true
de el cocuy,De el Cocuy,LOC,true
de hierro,De Hierro,LOC,true
de la ascensión,De la Ascensión,LOC,true
de la fama,De la Fama,LOC,true
de la hermandad,De la Hermandad,LOC,true
de la inmaculada concepción,De la Inmaculada Concepción,LOC,true
de la macarena,De la Macarena,LOC,true
de la sele,De la Sele,LOC,true
de mayabangloma,De Mayabangloma,LOC,true
de megua,De Megua,LOC,true
de mercado,De Mercado,LOC,true
de obesidad,De Obesidad,LOC,true
de ormuz,De Ormuz,LOC,true
de palmira,De Palmira,LOC,true
de reclusión ii,De Reclusión Ii,LOC,true
de santurbán,De Santurbán,LOC,true
de ternera,De Ternera,LOC,true
de teruel,De Teruel,LOC,true
de tokio,De Tokio,LOC,true
de uniatlántico,De Uniatlántico,LOC,true
de varadero,De Varadero,LOC,true
de variedades,De Variedades,LOC,true
de venecia,De Venecia,LOC,true
de viboral,De Viboral,LOC,true
de zipaquirá,De Zipaquirá,LOC,true
decameron,Decameron,LOC,true
decameron barú,Decameron Barú,LOC,true
del café,Del Café,LOC,true
del dique,Del Dique,LOC,true
del mío,Del Mío,LOC,true
del norte,Del Norte,LOC,true
del rey,Del Rey,LOC,true
del río,Del Río,LOC,true
del río claro,Del Río Claro,LOC,true
del sabor,Del Sabor,LOC,true
del sisga,Del Sisga,LOC,true
del sur,Del Sur,LOC,true
delante,Delante,LOC,true
delhi,Delhi,LOC,true
deluque,Deluque,PER,true
denor,Denor,LOC,true
denver,Denver,LOC,true
deportes,Deportes,LOC,true
desembarco,Desembarco,LOC,true
desembarco de normandía,Desembarco de Normandía,LOC,true
desierto,Desierto,LOC,true
desierto de la tatacoa,Desierto de la Tatacoa,LOC,true
despacho oval,Despacho Oval,LOC,true
despertador,Despertador,LOC,true
destinos de paz,Destinos de Paz,LOC,true
di soligo,Di Soligo,LOC,true
dibulla,Dibulla,LOC,true
dique,Dique,LOC,true
dique flotante,Dique Flotante,LOC,true
disney,Disney,ORG,true
disney world,Disney World,LOC,true
disneyland,Disneyland,LOC,true
district,District,LOC,true
distrito creativo,Distrito Creativo,LOC,true
distrito de aguablanca,Distrito de Aguablanca,LOC,true
dnipró,Dnipró,LOC,true
doha,Doha,LOC,true
dolores,Dolores,LOC,true
dominicana,Dominicana,LOC,true
don bosco,Don Bosco,LOC,true
don bosco iv,Don Bosco Iv,LOC,true
donetsk,Donetsk,LOC,true
donnarumma,Donnarumma,PER,true
doradal,Doradal,LOC,true
dorado,Dorado,LOC,true
doral,Doral,LOC,true
dos quebradas,Dos Quebradas,LOC,true
dosquebradas,Dosquebradas,LOC,true
downdetector,Downdetector,ORG,true
downing street,Downing Street,LOC,true
doña juana,Doña Juana,LOC,true
drogas la rebaja,Drogas la Rebaja,ORG,true
drywall,Drywall,LOC,true
dublín,Dublín,LOC,true
dubrovnik,Dubrovnik,LOC,true
dubái,Dubái,LOC,true
duitama,Duitama,LOC,true
duke,Duke,LOC,true
dulles,Dulles,LOC,true
dunas de taroa,Dunas de Taroa,LOC,true
dunhuang,Dunhuang,LOC,true
durania,Durania,LOC,true
e.e. u.u,E.e. U.u,LOC,true
ecce homo,Ecce Homo,LOC,true
ecco homo,Ecco Homo,LOC,true
ecuador,Ecuador,LOC,true
edificio ana pilar,Edificio Ana Pilar,LOC,true
edificio de la aduana,Edificio de la Aduana,LOC,true
edificio de petroperú,Edificio de Petroperú,LOC,true
edificio vanessa,Edificio Vanessa,LOC,true
edimburgo,Edimburgo,LOC,true
ee uu,Estados Unidos,LOC,true
ee. uu,EE. UU,LOC,true
ee.uu,EE.UU,LOC,true
eeuu,Estados Unidos,LOC,true
egipto,Egipto,LOC,true
eiffel,Eiffel,LOC,true
eje,Eje,LOC,true
eje cafetero,Eje Cafetero,LOC,true
el agrado,El Agrado,LOC,true
el aguila,El Águila,LOC,true
el ajizal,El Ajizal,LOC,true
el alacrán,El Alacrán,LOC,true
el amparo,El Amparo,LOC,true
el apial,El Apial,LOC,true
el aro,El Aro,LOC,true
el bagre,El Bagre,LOC,true
el banco,El Banco,LOC,true
el barne,El Barne,LOC,true
el barranquero,El Barranquero,LOC,true
el bombeo,El Bombeo,LOC,true
el bordo,El Bordo,LOC,true
el bosque,El Bosque,LOC,true
el bronx,El Bronx,LOC,true
el buen pastor,El Buen Pastor,LOC,true
el burlador,El Burlador,LOC,true
el burro,El Burro,LOC,true
el cabrero,El Cabrero,LOC,true
el cairo,El Cairo,LOC,true
el campín,El Campín,LOC,true
el campín de la sudamericana,El Campín de la Sudamericana,LOC,true
el carmelo,El Carmelo,LOC,true
el carmen,El Carmen,LOC,true
el carmen de bolívar,El Carmen de Bolívar,LOC,true
el caño,El Caño,LOC,true
el cebadero,El Cebadero,LOC,true
el cerrejón,El Cerrejón,LOC,true
el cerrito,El Cerrito,LOC,true
el cerro,El Cerro,LOC,true
el charco,El Charco,LOC,true
el charquito,El Charquito,LOC,true
el chicho,El Chicho,LOC,true
el chicó,El Chicó,LOC,true
el cocuy,El Cocuy,LOC,true
el cogote,El Cogote,LOC,true
el concorde,El Concorde,LOC,true
el darién,El Darién,LOC,true
el despertador,El Despertador,LOC,true
el doncello,El Doncello,LOC,true
el dorado,El Dorado,LOC,true
el edén,El Edén,LOC,true
el escobero,El Escobero,LOC,true
el esfuerzo,El Esfuerzo,LOC,true
el espinal,El Espinal,LOC,true
el estanquillo,El Estanquillo,LOC,true
el estrecho,El Estrecho,LOC,true
el ferry,El Ferry,LOC,true
el filo,El Filo,LOC,true
el finestral,El Finestral,LOC,true
el gallinero,El Gallinero,LOC,true
el golfito,El Golfito,LOC,true
el golán,El Golán,LOC,true
el guabal,El Guabal,LOC,true
el guavio,El Guavio,LOC,true
el helicoide,El Helicoide,LOC,true
el hoyo,El Hoyo,LOC,true
el ingenio,El Ingenio,LOC,true
el juncal,El Juncal,LOC,true
el junquito,El Junquito,LOC,true
el laguito,El Laguito,LOC,true
el lido,El Lido,LOC,true
el limón,El Limón,LOC,true
el litoral de san juan,El Litoral de San Juan,LOC,true
el litoral del san juan,El Litoral del San Juan,LOC,true
el llanito,El Llanito,LOC,true
el llano,El Llano,LOC,true
el malecón,El Malecón,LOC,true
el manantial,El Manantial,LOC,true
el morrito,El Morrito,LOC,true
el morro de tulcán,El Morro de Tulcán,LOC,true
el muro,El Muro,LOC,true
el naranjal,El Naranjal,LOC,true
el neusa,El Neusa,LOC,true
el nogal,El Nogal,LOC,true
el olimpo,El Olimpo,LOC,true
el pakistán de los fundadores de valledupar,El Pakistán de los Fundadores de Valledupar,LOC,true
el palito,El Palito,LOC,true
el parque,El Parque,LOC,true
el paso,El Paso,LOC,true
el patía,El Patía,LOC,true
el paujil,El Paujil,LOC,true
el pedregal,El Pedregal,LOC,true
el penol,El Peñol,LOC,true
el peñol,El Peñol,LOC,true
el peñón,El Peñón,LOC,true
el pintao,El Pintao,LOC,true
el plateado,El Plateado,LOC,true
el poblado,El Poblado,LOC,true
el popular,El Popular,LOC,true
el porvenir,El Porvenir,LOC,true
el pozón,El Pozón,LOC,true
el prado,El Prado,LOC,true
el pueblito,El Pueblito,LOC,true
el páramo,El Páramo,LOC,true
el quimbo,El Quimbo,LOC,true
el recreo,El Recreo,LOC,true
el remanso,El Remanso,LOC,true
el reposo,El Reposo,LOC,true
el retiro,El Retiro,LOC,true
el rincón,El Rincón,LOC,true
el roble,El Roble,LOC,true
el rocío,El Rocío,LOC,true
el rodadero,El Rodadero,LOC,true
el rodeo,El Rodeo,LOC,true
el romeral,El Romeral,LOC,true
el rosario,El Rosario,LOC,true
el salado,El Salado,LOC,true
el salitre,El Salitre,LOC,true
el salvador,El Salvador,LOC,true
el santuario,El Santuario,LOC,true
el silencio,El Silencio,LOC,true
el socorro,El Socorro,LOC,true
el son del barrio,El Son del Barrio,LOC,true
el tambo,El Tambo,LOC,true
el tarra,El Tarra,LOC,true
el templete,El Templete,LOC,true
el tocuyo,El Tocuyo,LOC,true
el toril,El Toril,LOC,true
el toyo,El Toyo,LOC,true
el tranvía,El Tranvía,LOC,true
el trébol,El Trébol,LOC,true
el tucán,El Tucán,LOC,true
el tunal,El Tunal,LOC,true
el tuparro,El Tuparro,LOC,true
el túnel,El Túnel,LOC,true
el ubérrimo,El Ubérrimo,LOC,true
el vaivén,El Vaivén,LOC,true
el vaquero,El Vaquero,LOC,true
el vbar,El Vbar,LOC,true
el verjón,El Verjón,LOC,true
el virrey,El Virrey,LOC,true
el yucal,El Yucal,LOC,true
el zapatero,El Zapatero,LOC,true
el zulia,El Zulia,LOC,true
el águila,El Águila,LOC,true
elena,Elena,LOC,true
eljach,Eljach,PER,true
elye wahi,Elye Wahi,LOC,true
elías,Elías,LOC,true
elíptico,Elíptico,LOC,true
embalse de tominé,Embalse de Tominé,LOC,true
embalse del guájaro,Embalse del Guájaro,LOC,true
emery,Emery,LOC,true
emiratos árabes,Emiratos Árabes,LOC,true
empire state,Empire State,LOC,true
empire state building,Empire State Building,LOC,true
engativá,Engativá,LOC,true
envejecimiento,Envejecimiento,LOC,true
envigado,Envigado,LOC,true
epic universe,Epic Universe,LOC,true
ernesto,Ernesto,LOC,true
ernesto cortissoz,Ernesto Cortissoz,LOC,true
escallón villa,Escallón Villa,LOC,true
escocia,Escocia,LOC,true
escuela,Escuela,LOC,true
eslovenia,Eslovenia,LOC,true
esmeraldas,Esmeraldas,LOC,true
espana,España,LOC,true
esparta,Esparta,LOC,true
españa,España,LOC,true
esperanza,Esperanza,LOC,true
espinal,Espinal,LOC,true
estacion espacial internacional,Estación Espacial Internacional,LOC,true
estación 13,Estación 13,LOC,true
estación 4,Estación 4,LOC,true
estación 8,Estación 8,LOC,true
estación de la sabana,Estación de la Sabana,LOC,true
estación del ferrocarril,Estación del Ferrocarril,LOC,true
estación ecología las guartinajas,Estación Ecología las Guartinajas,LOC,true
estación espacial internacional,Estación Espacial Internacional,LOC,true
estación héroes,Estación Héroes,LOC,true
estación metro 26,Estación Metro 26,LOC,true
estación quiroga,Estación Quiroga,LOC,true
estación roberto franco,Estación Roberto Franco,LOC,true
estación san bernardo,Estación San Bernardo,LOC,true
estadio akron,Estadio Akron,LOC,true
estadio américo montanini,Estadio Américo Montanini,LOC,true
estadio atanasio girardot,estadio Atanasio Girardot,LOC,true
estadio azteca,Estadio Azteca,LOC,true
estadio campín,Estadio Campín,LOC,true
estadio centenario,Estadio Centenario,LOC,true
estadio de atletismo alfonso galvis duque,Estadio de Atletismo Alfonso Galvis Duque,LOC,true
estadio de béisbol menor de pasatiempo,Estadio de Béisbol Menor de Pasatiempo,LOC,true
estadio de houston,Estadio de Houston,LOC,true
estadio de techo,Estadio de Techo,LOC,true
estadio el campín,Estadio el Campín,LOC,true
estadio hernán ramírez villegas,Estadio Hernán Ramírez Villegas,LOC,true
estadio jaime morón,Estadio Jaime Morón,LOC,true
estadio jaraguay,Estadio Jaraguay,LOC,true
estadio libertad,Estadio Libertad,LOC,true
estadio manuel murillo,Estadio Manuel Murillo,LOC,true
estadio marino klinger,Estadio Marino Klinger,LOC,true
estadio metropolitano,Estadio Metropolitano,LOC,true
estadio nemesio camacho,Estadio Nemesio Camacho,LOC,true
estadio palogrande,Estadio Palogrande,LOC,true
estadio pascual guerrero,Estadio Pascual Guerrero,LOC,true
estadio romelio martínez,Estadio Romelio Martínez,LOC,true
estadio santiago bernabéu,Estadio Santiago Bernabéu,LOC,true
estado falcón,Estado Falcón,LOC,true
estados unidos,Estados Unidos,LOC,true
estambul,Estambul,LOC,true
estanzuela,Estanzuela,LOC,true
estaquecá,Estaquecá,LOC,true
estatua de la libertad,Estatua de la Libertad,LOC,true
estatua del toro,Estatua del Toro,LOC,true
estocolmo,Estocolmo,LOC,true
estonia,Estonia,LOC,true
estrecho,Estrecho,LOC,true
estrecho de ormuz,Estrecho de Ormuz,LOC,true
etiopia,Etiopia,LOC,true
etiopía,Etiopía,LOC,true
euphoria,Euphoria,LOC,true
europa,Europa,LOC,true
everest,Everest,LOC,true
exclusiva,Exclusiva,LOC,true
expogeek,Expogeek,LOC,true
exposiciones,Exposiciones,LOC,true
fable,Fable,ORG,true
facatativá,Facatativá,LOC,true
fai della paganella,Fai Della Paganella,LOC,true
falan,Falan,LOC,true
falcón,Falcón,LOC,true
falkland,Falkland,LOC,true
fama,Fama,LOC,true
farallones de cali,Farallones de Cali,LOC,true
faro del fin del mundo,Faro del Fin del Mundo,LOC,true
fatherland,Fatherland,LOC,true
fc,Fc,LOC,true
ferrocarril,Ferrocarril,LOC,true
fest,Fest,LOC,true
filadelfia,Filadelfia,LOC,true
filandia,Filandia,LOC,true
filipinas,Filipinas,LOC,true
finagro,Finagro,LOC,true
finlandia,Finlandia,LOC,true
firavitoba,Firavitoba,LOC,true
firavitova,Firavitova,LOC,true
flandes,Flandes,LOC,true
flor del campo,Flor del Campo,LOC,true
florencia,Florencia,LOC,true
flores,Flores,LOC,true
flores del recreo,Flores del Recreo,LOC,true
florida,Florida,LOC,true
floridablanca,Floridablanca,LOC,true
foco rojo,Foco Rojo,LOC,true
foios,Foios,LOC,true
foix,Foix,LOC,true
fontana de trevi,Fontana de Trevi,LOC,true
fontana di trevi,Fontana Di Trevi,LOC,true
fontibon,Fontibon,LOC,true
fontibón,Fontibón,LOC,true
fort lauderdale,Fort Lauderdale,LOC,true
fortul,Fortul,LOC,true
francia,Francia,LOC,true
franja,Franja,LOC,true
franja de gaza,Franja de Gaza,LOC,true
frankfurt,Frankfurt,LOC,true
franklin,Franklin,LOC,true
fredonia,Fredonia,LOC,true
fresno,Fresno,LOC,true
frontera gold,Frontera Gold,LOC,true
frontino,Frontino,LOC,true
fráncfort,Fráncfort,LOC,true
fuerte militar de tolemaida,Fuerte Militar de Tolemaida,LOC,true
funza,Funza,LOC,true
fusa,Fusa,LOC,true
fusagasuga,Fusagasuga,LOC,true
fusagasugá,Fusagasugá,LOC,true
fábrica de cultura,Fábrica de Cultura,LOC,true
fátima,Fátima,LOC,true
fómeque,Fómeque,LOC,true
gachancipa,Gachancipa,LOC,true
gachancipá,Gachancipá,LOC,true
gaira,Gaira,LOC,true
galapa,Galapa,LOC,true
galeras,Galeras,LOC,true
galería 72,Galería 72,LOC,true
galería a cielo abierto,Galería A Cielo Abierto,LOC,true
galería alameda,Galería Alameda,LOC,true
galería de apolo,Galería de Apolo,LOC,true
galería santa elena,Galería Santa Elena,LOC,true
gales,Gales,LOC,true
galápagos,Galápagos,LOC,true
gambote,Gambote,LOC,true
ganímedes,Ganímedes,LOC,true
garagoa,Garagoa,LOC,true
garcia rovira,Garcia Rovira,LOC,true
gardenias,Gardenias,LOC,true
garganta,Garganta,LOC,true
garzón,Garzón,LOC,true
gaza,Gaza,LOC,true
gensa,Gensa,LOC,true
george town,George Town,LOC,true
georgia,Georgia,LOC,true
getsemaní,Getsemaní,LOC,true
ghana,Ghana,LOC,true
gibraltar,Gibraltar,LOC,true
gil,Gil,LOC,true
gilgo beach,Gilgo Beach,LOC,true
ginebra,Ginebra,LOC,true
girardota,Girardota,LOC,true
giron,Giron,LOC,true
gironda,Gironda,LOC,true
girón,Girón,LOC,true
gladiador de malambo,Gladiador de Malambo,LOC,true
glorieta de gran vía,Glorieta de Gran Vía,LOC,true
glorieta de la media luna,Glorieta de la Media Luna,LOC,true
glorieta de mosquera,Glorieta de Mosquera,LOC,true
glorieta del rodeo,Glorieta del Rodeo,LOC,true
gobernación del meta,Gobernación del Meta,LOC,true
golfo,Golfo,LOC,true
golfo de california,Golfo de California,LOC,true
golfo de maine,Golfo de Maine,LOC,true
golfo de morrosquillo,Golfo de Morrosquillo,LOC,true
golfo de uraba,Golfo de Urabá,LOC,true
golfo de urabá,Golfo de Urabá,LOC,true
golfo pérsico,Golfo Pérsico,LOC,true
golán,Golán,LOC,true
gorgona,Gorgona,LOC,true
gramalote,Gramalote,LOC,true
gran bretaña,Gran Bretaña,LOC,true
gran estación,Gran Estación,LOC,true
gran limonar,Gran Limonar,LOC,true
gran malecon,Gran Malecón,LOC,true
gran malecón,Gran Malecón,LOC,true
gran premio de mónaco,Gran Premio de Mónaco,LOC,true
gran salón del pueblo de pekín,Gran Salón del Pueblo de Pekín,LOC,true
gran vía,Gran Vía,LOC,true
granabastos,Granabastos,LOC,true
granada,Granada,LOC,true
granados,Granados,LOC,true
granizal,Granizal,LOC,true
granja,Granja,LOC,true
granja comary,Granja Comary,LOC,true
grecia,Grecia,LOC,true
greiff,Greiff,LOC,true
groenlandia,Groenlandia,LOC,true
guacarí,Guacarí,LOC,true
guachaca,Guachaca,LOC,true
guacharacas,Guacharacas,LOC,true
guachene,Guachene,LOC,true
guachené,Guachené,LOC,true
guachucal,Guachucal,LOC,true
guadalajara,Guadalajara,LOC,true
guadalupe,Guadalupe,LOC,true
guadua,Guadua,LOC,true
guaduas,Guaduas,LOC,true
guaimaral,Guaimaral,LOC,true
guainía,Guainía,LOC,true
guaira,Guaira,LOC,true
gualanday,Gualanday,LOC,true
guambía,Guambía,LOC,true
guamo,Guamo,LOC,true
guanabara,Guanabara,LOC,true
guantanamo,Guantanamo,LOC,true
guantánamo,Guantánamo,LOC,true
guapi,Guapi,LOC,true
guaranda,Guaranda,LOC,true
guarne,Guarne,LOC,true
guasca,Guasca,LOC,true
guatape,Guatape,LOC,true
guatapé,Guatapé,LOC,true
guatavita,Guatavita,LOC,true
guatemala,Guatemala,LOC,true
guateque,Guateque,LOC,true
guavaire,Guavaire,LOC,true
guaviare,Guaviare,LOC,true
guayabetal,Guayabetal,LOC,true
guayabo fiscal,Guayabo Fiscal,LOC,true
guayaquil,Guayaquil,LOC,true
guican,Guican,LOC,true
guiza,Guiza,LOC,true
guyana,Guyana,LOC,true
guyanesa,Guyanesa,LOC,true
génova,Génova,LOC,true
gójar,Gójar,LOC,true
güicán,Güicán,LOC,true
hacarí,Hacarí,LOC,true
hacienda guacharacas,Hacienda Guacharacas,LOC,true
hacienda nápoles,Hacienda Nápoles,LOC,true
haiti,Haiti,LOC,true
haití,Haití,LOC,true
halland,Halland,LOC,true
hard rock stadium,Hard Rock Stadium,LOC,true
hatillo de loba,Hatillo de Loba,LOC,true
hato de la virgen,Hato de la Virgen,LOC,true
hawai,Hawai,LOC,true
hawái,Hawái,LOC,true
haya,Haya,LOC,true
helicoide,Helicoide,LOC,true
hemingway,Hemingway,LOC,true
henequén,Henequén,LOC,true
hermitage,Hermitage,LOC,true
hermosillo,Hermosillo,LOC,true
hernán ramírez villegas,Hernán Ramírez Villegas,LOC,true
heroica,Heroica,LOC,true
herrán,Herrán,LOC,true
herveo,Herveo,LOC,true
higueretal,Higueretal,LOC,true
hiroshima,Hiroshima,LOC,true
hispanoamérica,Hispanoamérica,LOC,true
hockey,Hockey,LOC,true
holanda,Holanda,LOC,true
hollywood,Hollywood,LOC,true
honduras,Honduras,LOC,true
hong kong,Hong Kong,LOC,true
hortúa,Hortúa,LOC,true
hospital de alta complejidad,Hospital de Alta Complejidad,LOC,true
hospital de duitama,Hospital de Duitama,LOC,true
hospital de pasacaballos,Hospital de Pasacaballos,LOC,true
hospital de ramiriquí,Hospital de Ramiriquí,LOC,true
hospital de sant pau,Hospital de Sant Pau,LOC,true
hospital de suba,Hospital de Suba,LOC,true
hospital universitario,Hospital Universitario,LOC,true
hospitalet,Hospitalet,LOC,true
hotel dibeni,Hotel Dibeni,LOC,true
hotel la rosa dorada,Hotel la Rosa Dorada,LOC,true
hotel tequendama,Hotel Tequendama,LOC,true
houston,Houston,LOC,true
huascarán,Huascarán,LOC,true
huehuetlán,Huehuetlán,LOC,true
huerta,Huerta,LOC,true
huesca,Huesca,LOC,true
huila,Huila,LOC,true
huisitó,Huisitó,LOC,true
humedal jaboque,Humedal Jaboque,LOC,true
humo negro,Humo Negro,LOC,true
hungaroring,Hungaroring,LOC,true
hungría,Hungría,LOC,true
ibague,Ibague,LOC,true
ibagué,Ibagué,LOC,true
ibai,Ibai,LOC,true
iberoamérica,Iberoamérica,LOC,true
idaho,Idaho,LOC,true
iglesia de caldono,Iglesia de Caldono,LOC,true
iglesia de confines,Iglesia de Confines,LOC,true
iglesia de la merced,Iglesia de la Merced,LOC,true
iglesia notre dame,Iglesia Notre Dame,LOC,true
iglesia san francisco,Iglesia San Francisco,LOC,true
iglesia santa bárbara,Iglesia Santa Bárbara,LOC,true
illinois,Illinois,LOC,true
imax,Imax,LOC,true
imperia,Imperia,LOC,true
india,India,LOC,true
india catalina,India Catalina,LOC,true
indonesia,Indonesia,LOC,true
inglaterra,Inglaterra,LOC,true
intercambiador de la carolina,Intercambiador de la Carolina,LOC,true
inzá,Inzá,LOC,true
iowa,Iowa,LOC,true
ipanema,Ipanema,LOC,true
irak,Irak,LOC,true
iran,Irán,LOC,true
irlanda,Irlanda,LOC,true
irlanda del norte,Irlanda del Norte,LOC,true
ironman 70,Ironman 70,LOC,true
irán,Irán,LOC,true
iscuandé,Iscuandé,LOC,true
isla,Isla,LOC,true
isla de margarita,Isla de Margarita,LOC,true
isla de salamanca,Isla de Salamanca,LOC,true
isla del encanto,Isla del Encanto,LOC,true
isla del sol,Isla del Sol,LOC,true
isla grande,Isla Grande,LOC,true
isla holbox,Isla Holbox,LOC,true
isla malpelo,Isla Malpelo,LOC,true
isla marion,Isla Marion,LOC,true
isla múcura,Isla Múcura,LOC,true
isla salamanca,Isla Salamanca,LOC,true
isla serrana,Isla Serrana,LOC,true
isla sur de nueva zelanda,Isla Sur de Nueva Zelanda,LOC,true
isla tintipán,Isla Tintipán,LOC,true
islandia,Islandia,LOC,true
islas caimán,Islas Caimán,LOC,true
islas del rosario,Islas del Rosario,LOC,true
islas maldivas,Islas Maldivas,LOC,true
islas malvinas,Islas Malvinas,LOC,true
isnos,Isnos,LOC,true
israel,Israel,LOC,true
istmina,Istmina,LOC,true
itagui,Itagui,LOC,true
itaguí,Itaguí,LOC,true
itagüí,Itagüí,LOC,true
itaipú,Itaipú,LOC,true
italia,Italia,LOC,true
itapúa,Itapúa,LOC,true
itt,Itt,LOC,true
ituango,Ituango,LOC,true
iztapalapa,Iztapalapa,LOC,true
jaboque,Jaboque,LOC,true
jagüey,Jagüey,LOC,true
jaime,Jaime,LOC,true
jaime morón,Jaime Morón,LOC,true
jalisco,Jalisco,LOC,true
jamundi,Jamundi,LOC,true
jamundí,Jamundí,LOC,true
jan yunis,Jan Yunis,LOC,true
japon,Japon,LOC,true
japón,Japón,LOC,true
jaraguay,Jaraguay,LOC,true
jardín botánico,Jardín Botánico,LOC,true
jarillón,Jarillón,LOC,true
jarillón de petecuy ii,Jarillón de Petecuy Ii,LOC,true
jark,Jark,LOC,true
jauja,Jauja,LOC,true
jeju,Jeju,LOC,true
jerico,Jerico,LOC,true
jericó,Jericó,LOC,true
jersón,Jersón,LOC,true
jerusalen,Jerusalen,LOC,true
jerusalén,Jerusalén,LOC,true
johannesburgo,Johannesburgo,LOC,true
john f. kennedy,John F. Kennedy,LOC,true
jordania,Jordania,LOC,true
jordán,Jordán,LOC,true
jose maria cordova,José María Córdova,LOC,true
josefov,Josefov,LOC,true
josé holguín garcés,José Holguín Garcés,LOC,true
josé maría córdova,José María Córdova,LOC,true
juan de acosta,Juan de Acosta,LOC,true
juan de colón,Juan de Colón,LOC,true
juan domínguez romero,Juan Domínguez Romero,LOC,true
juan mina,Juan Mina,LOC,true
juanchaco,Juanchaco,LOC,true
junín,Junín,LOC,true
jurassic park,Jurassic Park,LOC,true
járkov,Járkov,LOC,true
kalamary i,Kalamary I,LOC,true
kansas,Kansas,LOC,true
kansas city,Kansas City,LOC,true
karachi,Karachi,LOC,true
kenia,Kenia,LOC,true
kennedy,Kennedy,LOC,true
kennedy center,Kennedy Center,LOC,true
kennedy space center,Kennedy Space Center,LOC,true
kharg,Kharg,LOC,true
kibú,Kibú,LOC,true
kick,Kick,LOC,true
kiev,Kiev,LOC,true
kioscos,Kioscos,LOC,true
kissimmee,Kissimmee,LOC,true
km18,Km18,LOC,true
kogui,Kogui,LOC,true
kokonuco,Kokonuco,LOC,true
kosovo,Kosovo,LOC,true
kostyantynivka,Kostyantynivka,LOC,true
kumamoto,Kumamoto,LOC,true
kuriles,Kuriles,LOC,true
kuwait,Kuwait,LOC,true
kéfir,Kéfir,LOC,true
la alameda,La Alameda,LOC,true
la alboraya,La Alboraya,LOC,true
la alpujarra,La Alpujarra,LOC,true
la amistad,La Amistad,LOC,true
la antioqueñita,La Antioqueñita,ORG,true
la apartada,La Apartada,LOC,true
la arena usc,La Arena Usc,LOC,true
la arenosa,La Arenosa,LOC,true
la aurora,La Aurora,LOC,true
la baja,La Baja,LOC,true
la balsa arte,La Balsa Arte,LOC,true
la bastilla,La Bastilla,LOC,true
la bayadera,La Bayadera,LOC,true
la betulia,La Betulia,LOC,true
la bocana,La Bocana,LOC,true
la bodeguita,La Bodeguita,LOC,true
la boquilla,La Boquilla,LOC,true
la caimanera,La Caimanera,LOC,true
la calera,La Calera,LOC,true
la calleja,La Calleja,LOC,true
la campiña,La Campiña,LOC,true
la candelaria,La Candelaria,LOC,true
la caro,La Caro,LOC,true
la catedral,La Catedral,LOC,true
la ceiba,La Ceiba,LOC,true
la ceja,La Ceja,LOC,true
la celia,La Celia,LOC,true
la central,La Central,LOC,true
la chinita,La Chinita,LOC,true
la chorrera,La Chorrera,LOC,true
la circunvalar,La Circunvalar,LOC,true
la colina,La Colina,LOC,true
la concepción,La Concepción,LOC,true
la conejera,La Conejera,LOC,true
la cordialidad,La Cordialidad,LOC,true
la costeña chiriguaná,La Costeña Chiriguaná,LOC,true
la cueva,La Cueva,LOC,true
la cumbia,La Cumbia,LOC,true
la cumbre de floridablanca,La Cumbre de Floridablanca,LOC,true
la danta de algeciras,La Danta de Algeciras,LOC,true
la donjuana,La Donjuana,LOC,true
la dorada,La Dorada,LOC,true
la escombrera,La Escombrera,LOC,true
la esmeralda,La Esmeralda,LOC,true
la esperanza,La Esperanza,LOC,true
la estrella,La Estrella,LOC,true
la favorita,La Favorita,LOC,true
la feria de sabanalarga,La Feria de Sabanalarga,LOC,true
la flora,La Flora,LOC,true
la floresta,La Floresta,LOC,true
la florida,La Florida,LOC,true
la fortaleza,La Fortaleza,LOC,true
la gabarra,La Gabarra,LOC,true
la gloria,La Gloria,LOC,true
la graciela,La Graciela,LOC,true
la granja,La Granja,LOC,true
la guaira,La Guaira,LOC,true
la guajira,La Guajira,LOC,true
la guiara,La Guiara,LOC,true
la habana,La Habana,LOC,true
la hacienda,La Hacienda,LOC,true
la haya,La Haya,LOC,true
la independencia,La Independencia,LOC,true
la jagua de ibirico,La Jagua de Ibirico,LOC,true
la joyita,La Joyita,LOC,true
la ladera,La Ladera,LOC,true
la laguna,La Laguna,LOC,true
la libertad,La Libertad,LOC,true
la linea,La Línea,LOC,true
la lizama,La Lizama,LOC,true
la loma,La Loma,LOC,true
la luciérnaga,La Luciérnaga,LOC,true
la luz,La Luz,LOC,true
la línea,La Línea,LOC,true
la macarena,La Macarena,LOC,true
la manga,La Manga,LOC,true
la manuela,La Manuela,LOC,true
la marina,La Marina,LOC,true
la maría,La María,LOC,true
la merced,La Merced,LOC,true
la mesa,La Mesa,LOC,true
la milagrosa,La Milagrosa,LOC,true
la mojana,La Mojana,LOC,true
la noche caracol,La Noche Caracol,LOC,true
la nueva floresta,La Nueva Floresta,LOC,true
la palma,La Palma,LOC,true
la paz,La Paz,LOC,true
la perimetral,La Perimetral,LOC,true
la pesebrera,La Pesebrera,LOC,true
la picaleña,La Picaleña,LOC,true
la picota,La Picota,LOC,true
la piragua,La Piragua,LOC,true
la plata,La Plata,LOC,true
la playa,La Playa,LOC,true
la playa de belén,La Playa de Belén,LOC,true
la popa,La Popa,LOC,true
la quinta,La Quinta,LOC,true
la rebaja,La Rebaja,LOC,true
la riviera,La Riviera,LOC,true
la rosa dorada,La Rosa Dorada,LOC,true
la rosita,La Rosita,LOC,true
la salvajina,La Salvajina,LOC,true
la sele,La Sele,LOC,true
la selva,La Selva,LOC,true
la sierra,La Sierra,LOC,true
la sierrita,La Sierrita,LOC,true
la soberanía,La Soberanía,LOC,true
la sonadora de calarcá,La Sonadora de Calarcá,LOC,true
la tebaida,La Tebaida,LOC,true
la tenaza,La Tenaza,LOC,true
la teta,La Teta,LOC,true
la tocata,La Tocata,LOC,true
la tramacúa,La Tramacúa,LOC,true
la trinidad,La Trinidad,LOC,true
la troncal,La Troncal,LOC,true
la union,La Unión,LOC,true
la unión,La Unión,LOC,true
la uvita,La Uvita,LOC,true
la vanguardia,La Vanguardia,LOC,true
la vega,La Vega,LOC,true
la victoria,La Victoria,LOC,true
la virginia,La Virginia,LOC,true
la vía al llano,La Vía Al Llano,LOC,true
la yunga,La Yunga,LOC,true
la zona gris,La Zona Gris,LOC,true
labateca,Labateca,LOC,true
labranzagrande,Labranzagrande,LOC,true
lago,Lago,LOC,true
lago caimán,Lago Caimán,LOC,true
lago calima,Lago Calima,LOC,true
lago de tota,Lago de Tota,LOC,true
lago hurón,Lago Hurón,LOC,true
lagos de caujaral,Lagos de Caujaral,LOC,true
lagos de torca,Lagos de Torca,LOC,true
laguna,Laguna,LOC,true
laguna damas del nare,Laguna Damas del Nare,LOC,true
laguna de chambacú,Laguna de Chambacú,LOC,true
laguna de luruaco,Laguna de Luruaco,LOC,true
laguna de tota,Laguna de Tota,LOC,true
lampedusa,Lampedusa,LOC,true
lamu,Lamu,LOC,true
landazuri,Landazuri,LOC,true
landázuri,Landázuri,LOC,true
laos,Laos,LOC,true
las américas,Las Américas,LOC,true
las areneras,Las Areneras,LOC,true
las areneras de amagá,Las Areneras de Amagá,LOC,true
las casitas,Las Casitas,LOC,true
las cayenas,Las Cayenas,LOC,true
las cañas,Las Cañas,LOC,true
las colinas,Las Colinas,LOC,true
las colonias,Las Colonias,LOC,true
las cruces,Las Cruces,LOC,true
las flores,Las Flores,LOC,true
las gardenias,Las Gardenias,LOC,true
las gaviotas,Las Gaviotas,LOC,true
las granjas,Las Granjas,LOC,true
las liscas,Las Liscas,LOC,true
las llanadas,Las Llanadas,LOC,true
las malvinas,Las Malvinas,LOC,true
las margaritas,Las Margaritas,LOC,true
las marinas,Las Marinas,LOC,true
las moras,Las Moras,LOC,true
las nieves,Las Nieves,LOC,true
las palmas,Las Palmas,LOC,true
las palmeras,Las Palmeras,LOC,true
las peñas,Las Peñas,LOC,true
las piscinas,Las Piscinas,LOC,true
las quintas,Las Quintas,LOC,true
las tablitas,Las Tablitas,LOC,true
las vegas,Las Vegas,LOC,true
latinoamerica,Latinoamerica,LOC,true
latinoamérica,Latinoamérica,LOC,true
laureles,Laureles,LOC,true
lausana,Lausana,LOC,true
lebrija,Lebrija,LOC,true
leticia,Leticia,LOC,true
letonia,Letonia,LOC,true
libano,Líbano,LOC,true
liberia,Liberia,LOC,true
liborina,Liborina,LOC,true
lima,Lima,LOC,true
lima metropolitana,Lima Metropolitana,LOC,true
liman,Liman,LOC,true
linares,Linares,LOC,true
lincoln,Lincoln,LOC,true
lipaya,Lipaya,LOC,true
lisboa,Lisboa,LOC,true
lituania,Lituania,LOC,true
llano,Llano,LOC,true
llano colombiano,Llano Colombiano,LOC,true
llano grande,Llano Grande,LOC,true
llano verde,Llano Verde,LOC,true
llanogrande,Llanogrande,LOC,true
llanos,Llanos,LOC,true
llanos orientales,Llanos Orientales,LOC,true
lleras,Lleras,LOC,true
lleras camargo,Lleras Camargo,LOC,true
llorente,Llorente,LOC,true
loboguerrero,Loboguerrero,LOC,true
localidad 2,Localidad 2,LOC,true
localidad 3,Localidad 3,LOC,true
locker,Locker,LOC,true
locker de zulma guzmán,Locker de Zulma Guzmán,LOC,true
loma de los bernal,Loma de los Bernal,LOC,true
loma fresca,Loma Fresca,LOC,true
londoño,Londoño,LOC,true
londres,Londres,LOC,true
long island,Long Island,LOC,true
lopez de micay,López de Micay,LOC,true
loran,Loran,LOC,true
loreria del meta,Loreria del Meta,LOC,true
lorica,Lorica,LOC,true
los 40,Los 40,LOC,true
los alcatraces,Los Alcatraces,LOC,true
los alcázares,Los Alcázares,LOC,true
los almendros,Los Almendros,LOC,true
los alpes,Los Alpes,LOC,true
los andes,Los Andes,LOC,true
los andes sotomayor,Los Andes Sotomayor,LOC,true
los angeles,Los Ángeles,LOC,true
los cabos,Los Cabos,LOC,true
los calamares,Los Calamares,LOC,true
los caracoles,Los Caracoles,LOC,true
los cerezos,Los Cerezos,LOC,true
los chorros,Los Chorros,LOC,true
los corales,Los Corales,LOC,true
los costeños,Los Costeños,ORG,true
los cristales,Los Cristales,LOC,true
los curos,Los Curos,LOC,true
los córdobas,Los Córdobas,LOC,true
los estudiantes,Los Estudiantes,LOC,true
los gallardos,Los Gallardos,LOC,true
los garzones,Los Garzones,LOC,true
los hamptons,Los Hamptons,LOC,true
los hippies,Los Hippies,LOC,true
los héroes,Los Héroes,LOC,true
los jardines,Los Jardines,LOC,true
los manatíes,Los Manatíes,LOC,true
los mártires,Los Mártires,LOC,true
los naranjos,Los Naranjos,LOC,true
los olivos,Los Olivos,LOC,true
los olivos i,Los Olivos I,LOC,true
los olivos ii,Los Olivos Ii,LOC,true
los palmitos,Los Palmitos,LOC,true
los patios,Los Patios,LOC,true
los patriotas,Los Patriotas,LOC,true
los pegasos,Los Pegasos,LOC,true
los pitufos,Los Pitufos,LOC,true
los robles,Los Robles,LOC,true
los rosales,Los Rosales,LOC,true
los santos,Los Santos,LOC,true
los toboganes,Los Toboganes,LOC,true
los valentinos,Los Valentinos,LOC,true
los ángeles,Los Ángeles,LOC,true
louisiana,Louisiana,LOC,true
lourdes,Lourdes,LOC,true
lugansk,Lugansk,LOC,true
luis carlo lópez,Luis Carlo López,LOC,true
luisiana,Luisiana,LOC,true
luna del río,Luna del Río,LOC,true
luruaco,Luruaco,LOC,true
lusitania,Lusitania,LOC,true
luxor,Luxor,LOC,true
láser,Láser,LOC,true
líbano,Líbano,LOC,true
líneas de nasca,Líneas de Nasca,LOC,true
líneas de nazca,Líneas de Nazca,LOC,true
lópez de micay,López de Micay,LOC,true
maca gero,Maca Gero,LOC,true
macanal,Macanal,LOC,true
macao,Macao,LOC,true
macedonia,Macedonia,LOC,true
machetá,Machetá,LOC,true
machu picchu,Machu Picchu,LOC,true
macizo volcánico del ruiz,Macizo Volcánico del Ruiz,LOC,true
macuto,Macuto,LOC,true
madeira,Madeira,LOC,true
madison,Madison,LOC,true
madison square garden,Madison Square Garden,LOC,true
madrid,Madrid,LOC,true
magangué,Magangué,LOC,true
magdalena,Magdalena,LOC,true
magüí,Magüí,LOC,true
mahahual,Mahahual,LOC,true
mahates,Mahates,LOC,true
maicao,Maicao,LOC,true
maine,Maine,LOC,true
maiquetia,Maiquetia,LOC,true
maiquetía,Maiquetía,LOC,true
malagana,Malagana,LOC,true
malambo,Malambo,LOC,true
malasia,Malasia,LOC,true
maldivas,Maldivas,LOC,true
malecón,Malecón,LOC,true
malecón de rebolo,Malecón de Rebolo,LOC,true
malecón del río,Malecón del Río,LOC,true
mali,Mali,LOC,true
mallama,Mallama,LOC,true
mallorquín,Mallorquín,LOC,true
malpelo,Malpelo,LOC,true
malta,Malta,LOC,true
malvinas,Malvinas,LOC,true
malá strana,Malá Strana,LOC,true
malí,Malí,LOC,true
mamonal,Mamonal,LOC,true
manantial,Manantial,LOC,true
manaure,Manaure,LOC,true
manchester city,Manchester City,ORG,true
manga,Manga,LOC,true
mangangué,Mangangué,LOC,true
manhattan,Manhattan,LOC,true
manila,Manila,LOC,true
manizales,Manizales,LOC,true
manrique,Manrique,LOC,true
manta,Manta,LOC,true
manuel murillo toro,Manuel Murillo Toro,LOC,true
manzanillo de el bosque,Manzanillo de el Bosque,LOC,true
manzanillo del mar,Manzanillo del Mar,LOC,true
mapiripán,Mapiripán,LOC,true
mar amarillo,Mar Amarillo,LOC,true
mar caribe,mar Caribe,LOC,true
mar caspio,Mar Caspio,LOC,true
mar mediterráneo,Mar Mediterráneo,LOC,true
mar muerto,Mar Muerto,LOC,true
mar negro,Mar Negro,LOC,true
mar rojo,Mar Rojo,LOC,true
maracaibo,Maracaibo,LOC,true
maracaná,Maracaná,LOC,true
maracay,Maracay,LOC,true
marbella,Marbella,LOC,true
marco fidel suárez,Marco Fidel Suárez,LOC,true
mardique,Mardique,LOC,true
margarita,Margarita,LOC,true
marialabaja,Marialabaja,LOC,true
marina el alamein,Marina el Alamein,LOC,true
marinilla,Marinilla,LOC,true
mario,Mario,LOC,true
maripí,Maripí,LOC,true
mariquita,Mariquita,LOC,true
marmato,Marmato,LOC,true
marquetalia,Marquetalia,LOC,true
marrano loco,Marrano Loco,LOC,true
marruecos,Marruecos,LOC,true
marsella,Marsella,LOC,true
marta gisella,Marta Gisella,LOC,true
marte,Marte,LOC,true
martinica,Martinica,LOC,true
martín cabeza,Martín Cabeza,LOC,true
marylebone,Marylebone,LOC,true
maría la baja,María la Baja,LOC,true
maría paz,María Paz,LOC,true
maríalabaja,Maríalabaja,LOC,true
massa,Massa,LOC,true
massachusetts,Massachusetts,LOC,true
matecaña,Matecaña,LOC,true
mato grosso,Mato Grosso,LOC,true
matoso,Matoso,LOC,true
maurice,Maurice,LOC,true
mayorca,Mayorca,LOC,true
mbappé,Mbappé,PER,true
me quejo,Me Quejo,LOC,true
medallo,Medallo,LOC,true
medellin,Medellin,LOC,true
medellinglish,Medellinglish,LOC,true
medellín,Medellín,LOC,true
medihelp,Medihelp,LOC,true
medina,Medina,LOC,true
medio atrato,Medio Atrato,LOC,true
medio oriente,Medio Oriente,LOC,true
medio san juan,Medio San Juan,LOC,true
meditech,Meditech,LOC,true
mediterráneo,Mediterráneo,LOC,true
medjugorje,Medjugorje,LOC,true
medplus,Medplus,LOC,true
megua,Megua,LOC,true
meissen,Meissen,LOC,true
melbourne,Melbourne,LOC,true
melilla,Melilla,LOC,true
meléndez,Meléndez,LOC,true
membrillal,Membrillal,LOC,true
memphis,Memphis,LOC,true
mendihuaca,Mendihuaca,LOC,true
mendoza,Mendoza,LOC,true
menton,Menton,LOC,true
mercabastos,Mercabastos,LOC,true
mercaderes,Mercaderes,LOC,true
mercurio,Mercurio,LOC,true
merecure,Merecure,LOC,true
mesetas,Mesetas,LOC,true
mesolandia,Mesolandia,LOC,true
metlife stadium,Metlife Stadium,LOC,true
metropolitana,Metropolitana,LOC,true
metropolitano,Metropolitano,LOC,true
metrópolis,Metrópolis,LOC,true
metz,Metz,LOC,true
mexico,México,LOC,true
mezquita,Mezquita,LOC,true
mi plaza los robles,Mi Plaza los Robles,LOC,true
miami,Miami,LOC,true
miami-dade,Miami-dade,LOC,true
miasma,Miasma,LOC,true
micay,Micay,LOC,true
michigan,Michigan,LOC,true
michoacán,Michoacán,LOC,true
microsoft,Microsoft,ORG,true
mid-ohio,Mid-ohio,LOC,true
midtown manhattan,Midtown Manhattan,LOC,true
milán,Milán,LOC,true
mina de segovia,Mina de Segovia,LOC,true
mina el cogote,Mina el Cogote,LOC,true
minanbé,Minanbé,LOC,true
minca,Minca,LOC,true
mindanao,Mindanao,LOC,true
minigualdad,Minigualdad,ORG,true
ministerio de agricultura,Ministerio de Agricultura,ORG,true
minnesota,Minnesota,LOC,true
mirador de nuevo bosque,Mirador de Nuevo Bosque,LOC,true
miraflores,Miraflores,LOC,true
miramar,Miramar,LOC,true
miranda,Miranda,LOC,true
mistrató,Mistrató,LOC,true
misuri,Misuri,LOC,true
mitú,Mitú,LOC,true
mocarí,Mocarí,LOC,true
mochuelo,Mochuelo,LOC,true
mocoa,Mocoa,LOC,true
modelia,Modelia,LOC,true
modena,Modena,LOC,true
mogotes,Mogotes,LOC,true
mojana,Mojana,LOC,true
mojarras,Mojarras,LOC,true
molinero,Molinero,LOC,true
molino rojo,Molino Rojo,LOC,true
molivento,Molivento,LOC,true
mompox,Mompox,LOC,true
monasterio de san benito abad,Monasterio de San Benito Abad,LOC,true
mondomo,Mondomo,LOC,true
mondoñedo,Mondoñedo,LOC,true
mongua,Mongua,LOC,true
monguí,Monguí,LOC,true
moniquirá,Moniquirá,LOC,true
monserrate,Monserrate,LOC,true
monstropolis,Monstropolis,LOC,true
mont saint-michel,Mont Saint-michel,LOC,true
montalbán,Montalbán,LOC,true
montanini,Montanini,LOC,true
montblanc,Montblanc,LOC,true
monte everest,Monte Everest,LOC,true
monte fuji,Monte Fuji,LOC,true
monte olimpo,Monte Olimpo,LOC,true
monte rushmore,Monte Rushmore,LOC,true
montebello,Montebello,LOC,true
montecristo,Montecristo,LOC,true
montelíbano,Montelíbano,LOC,true
montenegro,Montenegro,LOC,true
monteria,Montería,LOC,true
monterrey,Monterrey,LOC,true
montería,Montería,LOC,true
montes,Montes,LOC,true
montes de maría,Montes de María,LOC,true
montevideo,Montevideo,LOC,true
montevideo ii,Montevideo Ii,LOC,true
montmeló,Montmeló,LOC,true
montreal,Montreal,LOC,true
monumental,Monumental,LOC,true
monumento a lincoln,Monumento A Lincoln,LOC,true
moravia,Moravia,LOC,true
morelia,Morelia,LOC,true
morichal de comfandi,Morichal de Comfandi,LOC,true
morroa,Morroa,LOC,true
morrochusco,Morrochusco,LOC,true
morumbí,Morumbí,LOC,true
morón,Morón,LOC,true
mosquera,Mosquera,LOC,true
motavita,Motavita,LOC,true
motilón,Motilón,LOC,true
movistar arena,Movistar Arena,LOC,true
moñitos,Moñitos,LOC,true
muhca,Muhca,LOC,true
muisca de bosa,Muisca de Bosa,LOC,true
mulatos,Mulatos,LOC,true
multicampus de suba,Multicampus de Suba,LOC,true
mundo feliz,Mundo Feliz,LOC,true
municipal,Municipal,LOC,true
murillo,Murillo,LOC,true
murillo toro,Murillo Toro,LOC,true
murindo,Murindo,LOC,true
museo de arte moderno,Museo de Arte Moderno,LOC,true
museo de la academia,Museo de la Academia,LOC,true
museo del louvre,Museo del Louvre,LOC,true
museo del oro,Museo del Oro,LOC,true
museo el chicó,Museo el Chicó,LOC,true
museo la tertulia,Museo la Tertulia,LOC,true
museo lalique,Museo Lalique,LOC,true
museo legends,Museo Legends,LOC,true
museo planeta salsa,Museo Planeta Salsa,LOC,true
muzo,Muzo,LOC,true
muña,Muña,LOC,true
mykolaiv,Mykolaiv,LOC,true
mykonos,Mykonos,LOC,true
málaga,Málaga,LOC,true
mánchester,Mánchester,LOC,true
médoc,Médoc,LOC,true
mérida,Mérida,LOC,true
méxico,México,LOC,true
míchigan,Míchigan,LOC,true
mónaco,Mónaco,LOC,true
múnich,Múnich,LOC,true
nacional los nevados,Nacional los Nevados,LOC,true
nacional tayrona,Nacional Tayrona,LOC,true
nando marín,Nando Marín,LOC,true
naranjito,Naranjito,LOC,true
narino,Nariño,LOC,true
nariño,Nariño,LOC,true
nasca,Nasca,LOC,true
nasdaq,Nasdaq,LOC,true
nashville,Nashville,LOC,true
natagaima,Natagaima,LOC,true
natural tayrona,Natural Tayrona,LOC,true
nauru,Nauru,LOC,true
navarra,Navarra,LOC,true
navarro,Navarro,LOC,true
nazca,Nazca,LOC,true
nebraska,Nebraska,LOC,true
nebulosa de orión,Nebulosa de Orión,LOC,true
nechí,Nechí,LOC,true
necoclí,Necoclí,LOC,true
neira,Neira,LOC,true
neiva,Neiva,LOC,true
nelson mandela,Nelson Mandela,LOC,true
nemesio camacho,Nemesio Camacho,LOC,true
nemocon,Nemocon,LOC,true
nemocón,Nemocón,LOC,true
neomundo,Neomundo,LOC,true
neopanamax,Neopanamax,LOC,true
nepal,Nepal,LOC,true
neusa,Neusa,LOC,true
nevada,Nevada,LOC,true
nevado de santa isabel,Nevado de Santa Isabel,LOC,true
nevado del cocuy,Nevado del Cocuy,LOC,true
nicaragua,Nicaragua,LOC,true
nimaima,Nimaima,LOC,true
nocaima,Nocaima,LOC,true
nordeste,Nordeste,LOC,true
normandía,Normandía,LOC,true
nororiente,Nororiente,LOC,true
norosí,Norosí,LOC,true
norte de santander,Norte de Santander,LOC,true
norteamerica,Norteamerica,LOC,true
norteamérica,Norteamérica,LOC,true
noruega,Noruega,LOC,true
notaría 20,Notaría 20,LOC,true
notaría del parque de la 93,Notaría del Parque de la 93,LOC,true
novi ligure,Novi Ligure,LOC,true
nuestra señora de los remedios,Nuestra Señora de los Remedios,LOC,true
nuestra señora del carmen,Nuestra Señora del Carmen,LOC,true
nuestra señora del rosario,Nuestra Señora del Rosario,LOC,true
nueva colonia,Nueva Colonia,LOC,true
nueva delhi,Nueva Delhi,LOC,true
nueva esperanza,Nueva Esperanza,LOC,true
nueva estación,Nueva Estación,LOC,true
nueva floresta,Nueva Floresta,LOC,true
nueva jersey,Nueva Jersey,LOC,true
nueva junta,Nueva Junta,LOC,true
nueva orleans,Nueva Orleans,LOC,true
nueva york,Nueva York,LOC,true
nueva zelanda,Nueva Zelanda,LOC,true
nuevo bosque,Nuevo Bosque,LOC,true
nuevo chambacú,Nuevo Chambacú,LOC,true
nuevo milenio,Nuevo Milenio,LOC,true
nuevo oriente,Nuevo Oriente,LOC,true
nuevo paraíso,Nuevo Paraíso,LOC,true
nuevo éxito,Nuevo Éxito,LOC,true
nunchía,Nunchía,LOC,true
nuquí,Nuquí,LOC,true
nuremberg,Nuremberg,LOC,true
nápoles,Nápoles,LOC,true
nátaga,Nátaga,LOC,true
níger,Níger,LOC,true
nóvita,Nóvita,LOC,true
oaxaca,Oaxaca,LOC,true
obando,Obando,LOC,true
ocaña,Ocaña,LOC,true
occidental,Occidental,LOC,true
occidente,Occidente,LOC,true
ocensa,Ocensa,LOC,true
octava sur,Octava Sur,LOC,true
océano pacífico,Océano Pacífico,LOC,true
odesa,Odesa,LOC,true
oficina oval,Oficina Oval,LOC,true
ohio,Ohio,LOC,true
oiba,Oiba,LOC,true
oki,Oki,LOC,true
oklahoma,Oklahoma,LOC,true
olaya,Olaya,LOC,true
olaya herrera,Olaya Herrera,LOC,true
olmeca,Olmeca,LOC,true
ontario,Ontario,LOC,true
orange,Orange,LOC,true
orcières-merlette,Orcières-merlette,LOC,true
oregon,Oregon,LOC,true
oreshnik,Oreshnik,LOC,true
oriana,Oriana,LOC,true
orientales,Orientales,LOC,true
oriente,Oriente,LOC,true
oriente medio,Oriente Medio,LOC,true
orinoco,Orinoco,LOC,true
orinoquia,Orinoquia,LOC,true
orinoquía,Orinoquía,LOC,true
orito,Orito,LOC,true
orlando,Orlando,LOC,true
orlando cabrera,Orlando Cabrera,LOC,true
ormuz,Ormuz,LOC,true
orsay,Orsay,LOC,true
ortega,Ortega,LOC,true
oslo,Oslo,LOC,true
ovejas,Ovejas,LOC,true
oxford,Oxford,LOC,true
pacífica,Pacífica,LOC,true
pacífico,Pacífico,LOC,true
padilla,Padilla,LOC,true
padua,Padua,LOC,true
pailitas,Pailitas,LOC,true
paipa,Paipa,LOC,true
paises bajos,Países Bajos,LOC,true
paisita,Paisita,LOC,true
paita,Paita,LOC,true
pajares salinas,Pajares Salinas,LOC,true
pakistan,Pakistan,LOC,true
pakistán,Pakistán,LOC,true
palacio,Palacio,LOC,true
palacio de justicia,Palacio de Justicia,LOC,true
palacio de la aduana,Palacio de la Aduana,LOC,true
palacio de los deportes,Palacio de los Deportes,LOC,true
palacio de san carlos,Palacio de San Carlos,LOC,true
palacio san carlos,Palacio San Carlos,LOC,true
palacé,Palacé,LOC,true
palencia,Palencia,LOC,true
palenque,Palenque,LOC,true
palenquisima estéreo,Palenquisima Estéreo,LOC,true
palermo,Palermo,LOC,true
palestina,Palestina,LOC,true
pallas,Pallas,LOC,true
palm beach,Palm Beach,LOC,true
palma real,Palma Real,LOC,true
palmar de varela,Palmar de Varela,LOC,true
palmas,Palmas,LOC,true
palmaseca,Palmaseca,LOC,true
palmira,Palmira,LOC,true
palmira de pueblo viejo,Palmira de Pueblo Viejo,LOC,true
palmor,Palmor,LOC,true
palogordo,Palogordo,LOC,true
palogrande,Palogrande,LOC,true
palomino,Palomino,LOC,true
paloquemao,Paloquemao,LOC,true
pamplona,Pamplona,LOC,true
pan am 103,Pan Am 103,LOC,true
panama,Panama,LOC,true
panamericana,Panamericana,LOC,true
panamá,Panamá,LOC,true
pance,Pance,LOC,true
paniquitá,Paniquitá,LOC,true
panqueba,Panqueba,LOC,true
pantanillo,Pantanillo,LOC,true
pantano de vargas,Pantano de Vargas,LOC,true
papia,Papia,LOC,true
papiros,Papiros,LOC,true
paraguachón,Paraguachón,LOC,true
paraguay,Paraguay,LOC,true
paramo de santurban,Páramo de Santurbán,LOC,true
paratebueno,Paratebueno,LOC,true
paraíso,Paraíso,LOC,true
pardo llada,Pardo Llada,LOC,true
parinacochas,Parinacochas,LOC,true
parque 93,Parque 93,LOC,true
parque agroecológico merecure,Parque Agroecológico Merecure,LOC,true
parque apolo,Parque Apolo,LOC,true
parque berrío,Parque Berrío,LOC,true
parque caldas,Parque Caldas,LOC,true
parque centenario,Parque Centenario,LOC,true
parque central bavaria,Parque Central Bavaria,LOC,true
parque comercial lago verde,Parque Comercial Lago Verde,LOC,true
parque corales del rosario,Parque Corales del Rosario,LOC,true
parque de la 93,Parque de la 93,LOC,true
parque de la leyenda vallenata,Parque de la Leyenda Vallenata,LOC,true
parque de la retreta,Parque de la Retreta,LOC,true
parque de la unidad,Parque de la Unidad,LOC,true
parque de las aguas,Parque de las Aguas,LOC,true
parque de las banderas,Parque de las Banderas,LOC,true
parque de los alcatraces,Parque de los Alcatraces,LOC,true
parque de los gatos,Parque de los Gatos,LOC,true
parque de los hippies,Parque de los Hippies,LOC,true
parque de los periodistas,Parque de los Periodistas,LOC,true
parque de mejoras públicas,Parque de Mejoras Públicas,LOC,true
parque del amor,Parque del Amor,LOC,true
parque del avión,Parque del Avión,LOC,true
parque del perro,Parque del Perro,LOC,true
parque del silencio,Parque del Silencio,LOC,true
parque del voto nacional,Parque del Voto Nacional,LOC,true
parque el country,Parque el Country,LOC,true
parque gilma jiménez,Parque Gilma Jiménez,LOC,true
parque industrial,Parque Industrial,LOC,true
parque industrial ferrari,Parque Industrial Ferrari,LOC,true
parque isla de salamanca,Parque Isla de Salamanca,LOC,true
parque isla salamanca,Parque Isla Salamanca,LOC,true
parque la conga,Parque la Conga,LOC,true
parque la fundidora,Parque la Fundidora,LOC,true
parque las nieves,Parque las Nieves,LOC,true
parque lineal alameda,Parque Lineal Alameda,LOC,true
parque lineal de crespo,Parque Lineal de Crespo,LOC,true
parque los nevados,Parque los Nevados,LOC,true
parque memorial 6402,Parque Memorial 6402,LOC,true
parque merecure,Parque Merecure,LOC,true
parque nacional,Parque Nacional,LOC,true
parque nacional de ríoblanco,Parque Nacional de Ríoblanco,LOC,true
parque nacional de zhangjiajie,Parque Nacional de Zhangjiajie,LOC,true
parque nacional el tuparro,Parque Nacional el Tuparro,LOC,true
parque nacional los nevados,Parque Nacional los Nevados,LOC,true
parque nacional natural de pisba,Parque Nacional Natural de Pisba,LOC,true
parque nacional natural tayrona,Parque Nacional Natural Tayrona,LOC,true
parque nacional natural tinigua,Parque Nacional Natural Tinigua,LOC,true
parque nacional puracé,Parque Nacional Puracé,LOC,true
parque nacional río puré,Parque Nacional Río Puré,LOC,true
parque nacional tayrona,Parque Nacional Tayrona,LOC,true
parque natural río puré,Parque Natural Río Puré,LOC,true
parque olaya,Parque Olaya,LOC,true
parque pacífico,Parque Pacífico,LOC,true
parque punta castillo,Parque Punta Castillo,LOC,true
parque puracé,Parque Puracé,LOC,true
parque rafael núñez,Parque Rafael Núñez,LOC,true
parque solar,Parque Solar,LOC,true
parque tayrona,Parque Tayrona,LOC,true
parqueadero padilla,Parqueadero Padilla,LOC,true
parques de la fontana,Parques de la Fontana,LOC,true
parroquia,Parroquia,LOC,true
partenón,Partenón,LOC,true
parís,París,LOC,true
pasacaballo,Pasacaballo,LOC,true
pasacaballos,Pasacaballos,LOC,true
pasadena,Pasadena,LOC,true
pasca,Pasca,LOC,true
pascual,Pascual,LOC,true
pascual bravo,Pascual Bravo,LOC,true
pascual guerrero,Pascual Guerrero,LOC,true
paseo de la fama,Paseo de la Fama,LOC,true
paseo de olla,Paseo de Olla,LOC,true
pasto,Pasto,LOC,true
pasto histórico,Pasto Histórico,LOC,true
patio portal,Patio Portal,LOC,true
patio taller,Patio Taller,LOC,true
patios,Patios,LOC,true
patía,Patía,LOC,true
paucartambo,Paucartambo,LOC,true
paya,Paya,LOC,true
paysandú,Paysandú,LOC,true
paz del norte,Paz del Norte,LOC,true
países bajos,Países Bajos,LOC,true
pedregal,Pedregal,LOC,true
pedro romero,Pedro Romero,LOC,true
pekin,Pekin,LOC,true
pekín,Pekín,LOC,true
pelaya,Pelaya,LOC,true
pelisflix,Pelisflix,LOC,true
penitenciaria el bosque,Penitenciaria el Bosque,LOC,true
penitenciaría el bosque,Penitenciaría el Bosque,LOC,true
pensilvania,Pensilvania,LOC,true
península,Península,LOC,true
per,Per,LOC,true
pereira,Pereira,LOC,true
perijá,Perijá,LOC,true
perla del sur,Perla del Sur,LOC,true
perpiñán,Perpiñán,LOC,true
perseverancia,Perseverancia,LOC,true
personería de riohacha,Personería de Riohacha,LOC,true
perth,Perth,LOC,true
peru,Peru,LOC,true
perú,Perú,LOC,true
pescadero,Pescadero,LOC,true
pescaito,Pescaito,LOC,true
peñalisa,Peñalisa,LOC,true
peñas blancas,Peñas Blancas,LOC,true
peñol,Peñol,LOC,true
peñón,Peñón,LOC,true
phi phi,Phi Phi,LOC,true
pia,Pia,LOC,true
piangüita,Piangüita,LOC,true
picacho,Picacho,LOC,true
picaleña,Picaleña,LOC,true
picancavallo,Picancavallo,LOC,true
pichigua,Pichigua,LOC,true
picota,Picota,LOC,true
pie de la popa,Pie de la Popa,LOC,true
pie del cerro,Pie del Cerro,LOC,true
piedecuesta,Piedecuesta,LOC,true
piedra del peñol,Piedra del Peñol,LOC,true
piedras del tunjo,Piedras del Tunjo,LOC,true
piendamó,Piendamó,LOC,true
pijao,Pijao,LOC,true
piles,Piles,LOC,true
pinchote,Pinchote,LOC,true
pinillos,Pinillos,LOC,true
pintada,Pintada,LOC,true
piojó,Piojó,LOC,true
pirgua,Pirgua,LOC,true
pirineos,Pirineos,LOC,true
pirineos orientales,Pirineos Orientales,LOC,true
piscilago,Piscilago,LOC,true
pital de megua,Pital de Megua,LOC,true
pitalito,Pitalito,LOC,true
pivijay,Pivijay,LOC,true
piñalito,Piñalito,LOC,true
plan parejo,Plan Parejo,LOC,true
planadas,Planadas,LOC,true
planeta rica,Planeta Rica,LOC,true
platanal,Platanal,LOC,true
plato,Plato,LOC,true
playa azul,Playa Azul,LOC,true
playa dormida,Playa Dormida,LOC,true
playa hollywood,Playa Hollywood,LOC,true
playa los cocos,Playa los Cocos,LOC,true
playa miramar,Playa Miramar,LOC,true
playa salguero,Playa Salguero,LOC,true
playetas,Playetas,LOC,true
plaza botero,Plaza Botero,LOC,true
plaza cayzedo,Plaza Cayzedo,LOC,true
plaza central,Plaza Central,LOC,true
plaza claro,Plaza Claro,LOC,true
plaza de cayzedo,Plaza de Cayzedo,LOC,true
plaza de cibeles,Plaza de Cibeles,LOC,true
plaza de corabastos,Plaza de Corabastos,LOC,true
plaza de la aduana,Plaza de la Aduana,LOC,true
plaza de la paz,Plaza de la Paz,LOC,true
plaza de los coches,Plaza de los Coches,LOC,true
plaza de mercado,Plaza de Mercado,LOC,true
plaza de mercado del norte,Plaza de Mercado del Norte,LOC,true
plaza de todos,Plaza de Todos,LOC,true
plaza de variedades,Plaza de Variedades,LOC,true
plaza de zambrano,Plaza de Zambrano,LOC,true
plaza imperial,Plaza Imperial,LOC,true
plaza jairo varela,Plaza Jairo Varela,LOC,true
plaza mayor,Plaza Mayor,LOC,true
plaza monumental,Plaza Monumental,LOC,true
plutón,Plutón,LOC,true
pnn chingaza,Pnn Chingaza,LOC,true
policarpa,Policarpa,LOC,true
policlínica de antón,Policlínica de Antón,LOC,true
polideportivo de los robles,Polideportivo de los Robles,LOC,true
polideportivo los robles,Polideportivo los Robles,LOC,true
polideportivo sur,Polideportivo Sur,LOC,true
polo club,Polo Club,LOC,true
polo norte,Polo Norte,LOC,true
polonia,Polonia,LOC,true
polonuevo,Polonuevo,LOC,true
polvorería,Polvorería,LOC,true
polvorines,Polvorines,LOC,true
pompeya,Pompeya,LOC,true
pompidou,Pompidou,LOC,true
ponedera,Ponedera,LOC,true
pontezuela,Pontezuela,LOC,true
popayan,Popayán,LOC,true
popayán,Popayán,LOC,true
portal 20 de julio,Portal 20 de Julio,LOC,true
portal de las moras,Portal de las Moras,LOC,true
portal de suba,Portal de Suba,LOC,true
portal suba,Portal Suba,LOC,true
portal tunal,Portal Tunal,LOC,true
portal usme,Portal Usme,LOC,true
porto alegre,Porto Alegre,LOC,true
portugal,Portugal,LOC,true
portuguesa,Portuguesa,LOC,true
pradera,Pradera,LOC,true
prado,Prado,LOC,true
pradomar,Pradomar,LOC,true
prados de oriente,Prados de Oriente,LOC,true
prados del limonar,Prados del Limonar,LOC,true
praga,Praga,LOC,true
presa,Presa,LOC,true
primicia,Primicia,LOC,true
progreso,Progreso,LOC,true
provenza,Provenza,LOC,true
providencia,Providencia,LOC,true
ptar salitre,Ptar Salitre,LOC,true
pucallpa,Pucallpa,LOC,true
puebla,Puebla,LOC,true
pueblito cordobés,Pueblito Cordobés,LOC,true
pueblito de barro,Pueblito de Barro,LOC,true
pueblo bello,Pueblo Bello,LOC,true
pueblo español de pal,Pueblo Español de Pal,LOC,true
pueblo nuevo,Pueblo Nuevo,LOC,true
pueblo rico,Pueblo Rico,LOC,true
puebloviejo,Puebloviejo,LOC,true
puente aranda,Puente Aranda,LOC,true
puente aéreo,Puente Aéreo,LOC,true
puente chirajara,Puente Chirajara,LOC,true
puente de alfonso lópez,Puente de Alfonso López,LOC,true
puente de guadua,Puente de Guadua,LOC,true
puente de la asunción,Puente de la Asunción,LOC,true
puente de la hermandad,Puente de la Hermandad,LOC,true
puente de la independencia,Puente de la Independencia,LOC,true
puente de las palmeras,Puente de las Palmeras,LOC,true
puente de los mil días,Puente de los Mil Días,LOC,true
puente de occidente,Puente de Occidente,LOC,true
puente de rumichaca,Puente de Rumichaca,LOC,true
puente de venecia,Puente de Venecia,LOC,true
puente de villa campestre,Puente de Villa Campestre,LOC,true
puente el pintao,Puente el Pintao,LOC,true
puente helicoidal,Puente Helicoidal,LOC,true
puente heredia nuevo,Puente Heredia Nuevo,LOC,true
puente horacio toro,Puente Horacio Toro,LOC,true
puente la amistad,Puente la Amistad,LOC,true
puente la esperanza,Puente la Esperanza,LOC,true
puente los negritos,Puente los Negritos,LOC,true
puente pinzón,Puente Pinzón,LOC,true
puente pumarejo,Puente Pumarejo,LOC,true
puente triunfo,Puente Triunfo,LOC,true
puente venecia,Puente Venecia,LOC,true
puerres,Puerres,LOC,true
puerta de hierro,Puerta de Hierro,LOC,true
puerta de oro,Puerta de Oro,LOC,true
puerto asís,Puerto Asís,LOC,true
puerto berrío,Puerto Berrío,LOC,true
puerto carreño,Puerto Carreño,LOC,true
puerto casma,Puerto Casma,LOC,true
puerto de montaña,Puerto de Montaña,LOC,true
puerto de montevideo,Puerto de Montevideo,LOC,true
puerto de tumaco,Puerto de Tumaco,LOC,true
puerto drummond,Puerto Drummond,LOC,true
puerto duro,Puerto Duro,LOC,true
puerto escondido,Puerto Escondido,LOC,true
puerto gaitan,Puerto Gaitán,LOC,true
puerto gaitán,Puerto Gaitán,LOC,true
puerto impala,Puerto Impala,LOC,true
puerto leguízamo,Puerto Leguízamo,LOC,true
puerto libertador,Puerto Libertador,LOC,true
puerto lleras,Puerto Lleras,LOC,true
puerto lópez,Puerto López,LOC,true
puerto madero,Puerto Madero,LOC,true
puerto mocho,Puerto Mocho,LOC,true
puerto nare,Puerto Nare,LOC,true
puerto parra,Puerto Parra,LOC,true
puerto rellena,Puerto Rellena,LOC,true
puerto resistencia,Puerto Resistencia,LOC,true
puerto rey,Puerto Rey,LOC,true
puerto rico,Puerto Rico,LOC,true
puerto salgar,Puerto Salgar,LOC,true
puerto santa,Puerto Santa,LOC,true
puerto tejada,Puerto Tejada,LOC,true
puerto triunfo,Puerto Triunfo,LOC,true
puerto valdivia,Puerto Valdivia,LOC,true
puerto voluntad,Puerto Voluntad,LOC,true
puerto wilches,Puerto Wilches,LOC,true
pumarejo,Pumarejo,LOC,true
puno,Puno,LOC,true
punta arena,Punta Arena,LOC,true
punta arenas,Punta Arenas,LOC,true
punta astilleros,Punta Astilleros,LOC,true
punta cana,Punta Cana,LOC,true
pupiales,Pupiales,LOC,true
puracé,Puracé,LOC,true
purificación,Purificación,LOC,true
purísima,Purísima,LOC,true
puskás arena,Puskás Arena,LOC,true
putumayo,Putumayo,LOC,true
pácora,Pácora,LOC,true
páez,Páez,LOC,true
páramo de santurbán,Páramo de Santurbán,LOC,true
páramo de sumapaz,Páramo de Sumapaz,LOC,true
páramo del almorzadero,Páramo del Almorzadero,LOC,true
qatar,Qatar,LOC,true
qinghai,Qinghai,LOC,true
quebradona,Quebradona,LOC,true
quetame,Quetame,LOC,true
quibdo,Quibdó,LOC,true
quibdó,Quibdó,LOC,true
quimbaya,Quimbaya,LOC,true
quinchía,Quinchía,LOC,true
quindio,Quindío,LOC,true
quindío,Quindío,LOC,true
quintana,Quintana,LOC,true
quintas de don simón,Quintas de Don Simón,LOC,true
quiroga,Quiroga,LOC,true
quitasol,Quitasol,LOC,true
quito,Quito,LOC,true
r.u,R.u,LOC,true
rabanal,Rabanal,LOC,true
rabat,Rabat,LOC,true
radioacktiva,Radioacktiva,LOC,true
rafael,Rafael,LOC,true
rafael núñez,Rafael Núñez,LOC,true
ramiriquí,Ramiriquí,LOC,true
ranchería,Ranchería,LOC,true
ras tanura,Ras Tanura,LOC,true
rd congo,RD Congo,LOC,true
rd del congo,RD del Congo,LOC,true
rdc,Rdc,LOC,true
real world studios,Real World Studios,LOC,true
rebolo,Rebolo,LOC,true
recreo cultural de guayabal,Recreo Cultural de Guayabal,LOC,true
regidor,Regidor,LOC,true
región andina,Región Andina,LOC,true
reims,Reims,LOC,true
reino unido,Reino Unido,LOC,true
remedios,Remedios,LOC,true
remesas,Remesas,LOC,true
remolino,Remolino,LOC,true
renacer,Renacer,LOC,true
rep. dominicana,Rep. Dominicana,LOC,true
repelón,Repelón,LOC,true
republica checa,República Checa,LOC,true
republica democratica del congo,República Democrática del Congo,LOC,true
republica dominicana,República Dominicana,LOC,true
república checa,República Checa,LOC,true
república democrática del congo,República Democrática del Congo,LOC,true
república dominicana,República Dominicana,LOC,true
reserva,Reserva,LOC,true
restregar,Restregar,LOC,true
revivir de san josé de los campanos,Revivir de San José de los Campanos,LOC,true
reyes murillo,Reyes Murillo,LOC,true
ricaurte,Ricaurte,LOC,true
rio de janeiro,Río de Janeiro,LOC,true
rio san juan,Rio San Juan,LOC,true
rioblanco,Rioblanco,LOC,true
riofrío,Riofrío,LOC,true
riohacha,Riohacha,LOC,true
riomar,Riomar,LOC,true
rionegro,Rionegro,LOC,true
rionegro de vías de las cigarras,Rionegro de Vías de las Cigarras,LOC,true
riosucio,Riosucio,LOC,true
risaralda,Risaralda,LOC,true
ritz-carlton,Ritz-carlton,LOC,true
riviera francesa,Riviera Francesa,LOC,true
riviera maya,Riviera Maya,LOC,true
roberto payán,Roberto Payán,LOC,true
rocha,Rocha,LOC,true
roldanillo,Roldanillo,LOC,true
roma,Roma,LOC,true
romelio,Romelio,LOC,true
roncesvalles,Roncesvalles,LOC,true
ronda del sinú,Ronda del Sinú,LOC,true
rosa de cabal,Rosa de Cabal,LOC,true
rosa de lima,Rosa de Lima,LOC,true
rosa del sur,Rosa del Sur,LOC,true
rosales,Rosales,LOC,true
rosario,Rosario,LOC,true
roswell,Roswell,LOC,true
rotinet,Rotinet,LOC,true
rovira,Rovira,LOC,true
royal center,Royal Center,LOC,true
rozo,Rozo,LOC,true
ruanda,Ruanda,LOC,true
rumania,Rumania,LOC,true
rumanía,Rumanía,LOC,true
rumichaca,Rumichaca,LOC,true
rusia,Rusia,LOC,true
ruteng,Ruteng,LOC,true
ráquira,Ráquira,LOC,true
río de janeiro,Río de Janeiro,LOC,true
río de oro,Río de Oro,LOC,true
río fraile,Río Fraile,LOC,true
río grande,Río Grande,LOC,true
río hato,Río Hato,LOC,true
río hondo,Río Hondo,LOC,true
río iró,Río Iró,LOC,true
río meléndez,Río Meléndez,LOC,true
río micay,Río Micay,LOC,true
río nechí,Río Nechí,LOC,true
río puré,Río Puré,LOC,true
río suárez,Río Suárez,LOC,true
río tunjuelito,Río Tunjuelito,LOC,true
río viejo,Río Viejo,LOC,true
ródano – alpes,Ródano – Alpes,LOC,true
róterdam,Róterdam,LOC,true
sabajón,Sabajón,LOC,true
sabana alta,Sabana Alta,LOC,true
sabana centro,Sabana Centro,LOC,true
sabana de bogota,Sabana de Bogotá,LOC,true
sabana de bogotá,Sabana de Bogotá,LOC,true
sabana de occidente,Sabana de Occidente,LOC,true
sabana de torres,Sabana de Torres,LOC,true
sabanagrande,Sabanagrande,LOC,true
sabanalarga,Sabanalarga,LOC,true
sabanas de san ángel,Sabanas de San Ángel,LOC,true
sabaneta,Sabaneta,LOC,true
sabanilla,Sabanilla,LOC,true
saboyá,Saboyá,LOC,true
sachsenhausen,Sachsenhausen,LOC,true
sagrada familia,Sagrada Familia,LOC,true
sahagún,Sahagún,LOC,true
sahara,Sahara,LOC,true
sahara occidental,Sahara Occidental,LOC,true
sal de nemocón,Sal de Nemocón,LOC,true
sala de redacción citytv,Sala de Redacción Citytv,LOC,true
saladoblanco,Saladoblanco,LOC,true
salamanca,Salamanca,LOC,true
salamina,Salamina,LOC,true
saldaña,Saldaña,LOC,true
salem,Salem,LOC,true
salento,Salento,LOC,true
salgar,Salgar,LOC,true
salinas,Salinas,LOC,true
salitre,Salitre,LOC,true
salitre plaza,Salitre Plaza,LOC,true
salto,Salto,LOC,true
salvador,Salvador,LOC,true
salón de baile,Salón de Baile,LOC,true
salón elíptico,Salón Elíptico,LOC,true
salón prado,Salón Prado,LOC,true
samacá,Samacá,LOC,true
samaniego,Samaniego,LOC,true
samaná,Samaná,LOC,true
sameco,Sameco,LOC,true
sampués,Sampués,LOC,true
san,San,LOC,true
san alberto,San Alberto,LOC,true
san andres,San Andrés,LOC,true
san andresito,San Andresito,LOC,true
san andresito de la 38,San Andresito de la 38,LOC,true
san andresito del sur,San Andresito del Sur,LOC,true
san andresitos,San Andresitos,LOC,true
san andrés,San Andrés,LOC,true
san antero,San Antero,LOC,true
san antonio,San Antonio,LOC,true
san basilio de palenque,San Basilio de Palenque,LOC,true
san benito,San Benito,LOC,true
san bernardino,San Bernardino,LOC,true
san bernardo,San Bernardo,LOC,true
san bernardo del viento,San Bernardo del Viento,LOC,true
san bosco,San Bosco,LOC,true
san calixto,San Calixto,LOC,true
san carlos,San Carlos,LOC,true
san cayetano,San Cayetano,LOC,true
san cristobal,San Cristobal,LOC,true
san cristóbal,San Cristóbal,LOC,true
san diego,San Diego,LOC,true
san estanislao,San Estanislao,LOC,true
san faustino,San Faustino,LOC,true
san felipe,San Felipe,LOC,true
san fernando,San Fernando,LOC,true
san francisco,San Francisco,LOC,true
san francisco de macorís,San Francisco de Macorís,LOC,true
san francisco de sales,San Francisco de Sales,LOC,true
san germán,San Germán,LOC,true
san gil,San Gil,LOC,true
san gil rio,San Gil Rio,LOC,true
san isidro,San Isidro,LOC,true
san jacinto,San Jacinto,LOC,true
san jorge,San Jorge,LOC,true
san jorge ocaña,San Jorge Ocaña,LOC,true
san jose del guaviare,San José del Guaviare,LOC,true
san jose del palmar,San José del Palmar,LOC,true
san josé,San José,LOC,true
san josé de apartadó,San José de Apartadó,LOC,true
san josé de los campanos,San José de los Campanos,LOC,true
san josé de palmar,San José de Palmar,LOC,true
san josé de saco,San José de Saco,LOC,true
san josé del guaviare,San José del Guaviare,LOC,true
san josé del palmar,San José del Palmar,LOC,true
san juan,San Juan,LOC,true
san juan de arama,San Juan de Arama,LOC,true
san juan de dios,San Juan de Dios,LOC,true
san juan de río seco,San Juan de Río Seco,LOC,true
san juan nepomuceno,San Juan Nepomuceno,LOC,true
san judas,San Judas,LOC,true
san judas 2,San Judas 2,LOC,true
san julián,San Julián,LOC,true
san luis,San Luis,LOC,true
san luís,San Luis,LOC,true
san lázaro,San Lázaro,LOC,true
san marcos,San Marcos,LOC,true
san martín,San Martín,LOC,true
san martín de loba,San Martín de Loba,LOC,true
san mateo,San Mateo,LOC,true
san miguel de sema,San Miguel de Sema,LOC,true
san nicolás,San Nicolás,LOC,true
san onofre,San Onofre,LOC,true
san pablo,San Pablo,LOC,true
san pacho,San Pacho,LOC,true
san pedro,San Pedro,LOC,true
san pelayo,San Pelayo,LOC,true
san petersburgo,San Petersburgo,LOC,true
san petesburgo,San Petesburgo,LOC,true
san rafael,San Rafael,LOC,true
san roque,San Roque,LOC,true
san salvador,San Salvador,LOC,true
san sebastián,San Sebastián,LOC,true
san silvestre,San Silvestre,LOC,true
san simón,San Simón,LOC,true
san vicente,San Vicente,LOC,true
san vicente de chucurí,San Vicente de Chucurí,LOC,true
san vicente de paúl,San Vicente de Paúl,LOC,true
san vicente del caguán,San Vicente del Caguán,LOC,true
san vicente ferrer,San Vicente Ferrer,LOC,true
san victorino,San Victorino,LOC,true
san zenón,San Zenón,LOC,true
sande,Sande,LOC,true
sandiego,Sandiego,LOC,true
sanfermines,Sanfermines,LOC,true
sanjuanero,Sanjuanero,LOC,true
santa ana,Santa Ana,LOC,true
santa anita,Santa Anita,LOC,true
santa bárbara,Santa Bárbara,LOC,true
santa bárbara de pinto,Santa Bárbara de Pinto,LOC,true
santa catalina,Santa Catalina,LOC,true
santa cecilia,Santa Cecilia,LOC,true
santa clara,Santa Clara,LOC,true
santa cruz de mompox,Santa Cruz de Mompox,LOC,true
santa elena,Santa Elena,LOC,true
santa fe,Santa Fe,LOC,true
santa fe de antioquia,Santa Fe de Antioquia,LOC,true
santa helena,Santa Helena,LOC,true
santa inés,Santa Inés,LOC,true
santa isabel,Santa Isabel,LOC,true
santa laura montoya,Santa Laura Montoya,LOC,true
santa librada,Santa Librada,LOC,true
santa lucia,Santa Lucía,LOC,true
santa lucía,Santa Lucía,LOC,true
santa marta,Santa Marta,LOC,true
santa maría,Santa María,LOC,true
santa rita,Santa Rita,LOC,true
santa rita plaza,Santa Rita Plaza,LOC,true
santa rosa,Santa Rosa,LOC,true
santa rosa de cabal,Santa Rosa de Cabal,LOC,true
santa rosa de lima,Santa Rosa de Lima,LOC,true
santa rosa del sur,Santa Rosa del Sur,LOC,true
santa verónica,Santa Verónica,LOC,true
santafé,Santafé,LOC,true
santana,Santana,LOC,true
santander,Santander,LOC,true
santander de quilichao,Santander de Quilichao,LOC,true
santanderes,Santanderes,LOC,true
santar marta,Santar Marta,LOC,true
santiago bernabéu,Santiago Bernabéu,LOC,true
santillana,Santillana,LOC,true
santo domingo,Santo Domingo,LOC,true
santo stefano di sessanio,Santo Stefano Di Sessanio,LOC,true
santo tomas,Santo Tomás,LOC,true
santo tomás,Santo Tomás,LOC,true
santuario,Santuario,LOC,true
santuario de chiquinquirá,Santuario de Chiquinquirá,LOC,true
santuario de las lajas,Santuario de las Lajas,LOC,true
santuario divino niño,Santuario Divino Niño,LOC,true
santuario malpelo,Santuario Malpelo,LOC,true
santurban,Santurban,LOC,true
santurbán,Santurbán,LOC,true
saravena,Saravena,LOC,true
sardinata,Sardinata,LOC,true
sarrians,Sarrians,LOC,true
sativasur,Sativasur,LOC,true
satizábal,Satizábal,LOC,true
saturno,Saturno,LOC,true
saudi,Saudi,LOC,true
saudita,Saudita,LOC,true
saudí,Saudí,LOC,true
savannah,Savannah,LOC,true
savia,Savia,LOC,true
seabright beach,Seabright Beach,LOC,true
seattle,Seattle,LOC,true
seaworld,Seaworld,LOC,true
sebastián,Sebastián,LOC,true
seca,Seca,LOC,true
segovia,Segovia,LOC,true
selva,Selva,LOC,true
sendero de monserrate,Sendero de Monserrate,LOC,true
senegal,Senegal,LOC,true
serena del mar,Serena del Mar,LOC,true
serranía del perijá,Serranía del Perijá,LOC,true
serrezuela,Serrezuela,LOC,true
sevilla,Sevilla,LOC,true
seúl,Seúl,LOC,true
shanghai,Shanghai,LOC,true
shanghái,Shanghái,LOC,true
shanxi,Shanxi,LOC,true
sheinbaum,Sheinbaum,PER,true
shenzhen,Shenzhen,LOC,true
shock,Shock,LOC,true
shower,Shower,LOC,true
sibaté,Sibaté,LOC,true
sicilia,Sicilia,LOC,true
sidoc,Sidoc,LOC,true
sierra,Sierra,LOC,true
sierra chiquita,Sierra Chiquita,LOC,true
sierra fue,Sierra Fue,LOC,true
sierra nevada,Sierra Nevada,LOC,true
siete de abril,Siete de Abril,LOC,true
siete de agosto,Siete de Agosto,LOC,true
silos,Silos,LOC,true
siloé,Siloé,LOC,true
silverstone,Silverstone,LOC,true
silvia,Silvia,LOC,true
simití,Simití,LOC,true
sinaloa,Sinaloa,LOC,true
sinaí,Sinaí,LOC,true
sincelejo,Sincelejo,LOC,true
sincé,Sincé,LOC,true
singapur,Singapur,LOC,true
singapur 2026,Singapur 2026,LOC,true
sinigan,Sinigan,LOC,true
sipí,Sipí,LOC,true
sisben,Sisben,LOC,true
sitio hermoso,Sitio Hermoso,LOC,true
sitionuevo,Sitionuevo,LOC,true
sloviansk,Sloviansk,LOC,true
snapdragon stadium,Snapdragon Stadium,LOC,true
soacha,Soacha,LOC,true
soatá,Soatá,LOC,true
socha,Socha,LOC,true
socorro,Socorro,LOC,true
socotá,Socotá,LOC,true
sofasa,Sofasa,LOC,true
sofi stadium,Sofi Stadium,LOC,true
sogamoso,Sogamoso,LOC,true
soledad,Soledad,LOC,true
somalia,Somalia,LOC,true
sonora,Sonora,LOC,true
sonson,Sonson,LOC,true
sonsón,Sonsón,LOC,true
soplaviento,Soplaviento,LOC,true
sopó,Sopó,LOC,true
soracá,Soracá,LOC,true
soria,Soria,LOC,true
sorocaba,Sorocaba,LOC,true
sorogoyen,Sorogoyen,LOC,true
sotará,Sotará,LOC,true
soto norte,Soto Norte,LOC,true
sotomayor,Sotomayor,LOC,true
spa-francorchamps,Spa-francorchamps,LOC,true
space needle,Space Needle,LOC,true
sriracha,Sriracha,LOC,true
stade,Stade,LOC,true
stanlow,Stanlow,LOC,true
stonehenge,Stonehenge,LOC,true
street,Street,LOC,true
suan,Suan,LOC,true
suarez,Suarez,LOC,true
suaza,Suaza,LOC,true
suba,Suba,LOC,true
succession,Succession,LOC,true
sucre,Sucre,LOC,true
sucumbíos,Sucumbíos,LOC,true
sucursal del cielo,Sucursal del Cielo,LOC,true
sudafrica,Sudafrica,LOC,true
sudamérica,Sudamérica,LOC,true
sudan,Sudan,LOC,true
sudáfrica,Sudáfrica,LOC,true
sudán,Sudán,LOC,true
suecia,Suecia,LOC,true
suesca,Suesca,LOC,true
sueño de libertad,Sueño de Libertad,LOC,true
suiza,Suiza,LOC,true
sumapaz,Sumapaz,LOC,true
supía,Supía,LOC,true
sur de california,Sur de California,LOC,true
sur global,Sur Global,LOC,true
suramérica,Suramérica,LOC,true
surfside,Surfside,LOC,true
surikí,Surikí,LOC,true
suroccidente,Suroccidente,LOC,true
suroeste,Suroeste,LOC,true
susacón,Susacón,LOC,true
sussex,Sussex,LOC,true
sutamarchán,Sutamarchán,LOC,true
sutatausa,Sutatausa,LOC,true
suzano,Suzano,LOC,true
suárez,Suárez,LOC,true
swift,Swift,LOC,true
sábana de bogotá,Sabana de Bogotá,LOC,true
sáchica,Sáchica,LOC,true
sáhara,Sáhara,LOC,true
sáhara occidental,Sáhara Occidental,LOC,true
séptima,Séptima,LOC,true
sídney,Sídney,LOC,true
tabio,Tabio,LOC,true
tacaloa,Tacaloa,LOC,true
tacueyó,Tacueyó,LOC,true
tadó,Tadó,LOC,true
taganga,Taganga,LOC,true
tai po,Tai Po,LOC,true
tailandia,Tailandia,LOC,true
taipéi,Taipéi,LOC,true
taiwan,Taiwan,LOC,true
taiwán,Taiwán,LOC,true
tajamar,Tajamar,LOC,true
talaigua,Talaigua,LOC,true
talaigua nuevo,Talaigua Nuevo,LOC,true
talaigua viejo,Talaigua Viejo,LOC,true
talca,Talca,LOC,true
talilandia,Talilandia,LOC,true
tamalameque,Tamalameque,LOC,true
tambo,Tambo,LOC,true
tame,Tame,LOC,true
tampa,Tampa,LOC,true
tanguí,Tanguí,LOC,true
tapón del darién,Tapón del Darién,LOC,true
taraza,Taraza,LOC,true
tarazá,Tarazá,LOC,true
tarra,Tarra,LOC,true
tartaristán,Tartaristán,LOC,true
tasajera,Tasajera,LOC,true
tasajero,Tasajero,LOC,true
tasco,Tasco,LOC,true
tate modern,Tate Modern,LOC,true
tausa,Tausa,LOC,true
tayrona,Tayrona,LOC,true
teatro adolfo mejía,Teatro Adolfo Mejía,LOC,true
teatro chino,Teatro Chino,LOC,true
teatro coliseo peralta,Teatro Coliseo Peralta,LOC,true
teatro colsubsidio,Teatro Colsubsidio,LOC,true
teatro colón,Teatro Colón,LOC,true
teatro del delia,Teatro del Delia,LOC,true
teatro el tesoro,Teatro el Tesoro,LOC,true
teatro estudio,Teatro Estudio,LOC,true
teatro jorge eliecer gaitán,Teatro Jorge Eliecer Gaitán,LOC,true
teatro jorge eliécer gaitán,Teatro Jorge Eliécer Gaitán,LOC,true
teatro libre,Teatro Libre,LOC,true
teatro libre centro,Teatro Libre Centro,LOC,true
teatro los cristales,Teatro los Cristales,LOC,true
teatro mayor,Teatro Mayor,LOC,true
teatro mayor julio mario,Teatro Mayor Julio Mario,LOC,true
teatro metropolitano,Teatro Metropolitano,LOC,true
teatro municipal,Teatro Municipal,LOC,true
teatro nacional,Teatro Nacional,LOC,true
teatro petra,Teatro Petra,LOC,true
teheran,Teheran,LOC,true
tejadita,Tejadita,LOC,true
tel aviv,Tel Aviv,LOC,true
telemedellín,Telemedellín,LOC,true
temoac,Temoac,LOC,true
templete,Templete,LOC,true
templo de poseidón,Templo de Poseidón,LOC,true
templo del fútbol menor,Templo del Fútbol Menor,LOC,true
tenancingo,Tenancingo,LOC,true
tenerife,Tenerife,LOC,true
tenjo,Tenjo,LOC,true
tennessee,Tennessee,LOC,true
teorama,Teorama,LOC,true
tequendama,Tequendama,LOC,true
terminal metropolitana,Terminal Metropolitana,LOC,true
terminal salitre,Terminal Salitre,LOC,true
ternera,Ternera,LOC,true
territorio de paz,Territorio de Paz,LOC,true
territorio verde,Territorio Verde,LOC,true
terrón colorado,Terrón Colorado,LOC,true
teruel,Teruel,LOC,true
tesalia,Tesalia,LOC,true
teusaquillo,Teusaquillo,LOC,true
texas,Texas,LOC,true
thomas van der hammen,Thomas Van Der Hammen,LOC,true
thwaites,Thwaites,LOC,true
tiangong,Tiangong,LOC,true
tiatino,Tiatino,LOC,true
tibabita 2,Tibabita 2,LOC,true
tibu,Tibu,LOC,true
tibú,Tibú,LOC,true
tierra baja,Tierra Baja,LOC,true
tierra bomba,Tierra Bomba,LOC,true
tierra de dios,Tierra de Dios,LOC,true
tierra del fuego,Tierra del Fuego,LOC,true
tierra grata,Tierra Grata,LOC,true
tierrabomba,Tierrabomba,LOC,true
tierradentro,Tierradentro,LOC,true
tierralta,Tierralta,LOC,true
tierranegra,Tierranegra,LOC,true
tierras bravas,Tierras Bravas,LOC,true
tijuana,Tijuana,LOC,true
tilbury,Tilbury,LOC,true
timaná,Timaná,LOC,true
timbío,Timbío,LOC,true
time square,Time Square,LOC,true
times square,Times Square,LOC,true
timiza,Timiza,LOC,true
tintal,Tintal,LOC,true
tipacoque,Tipacoque,LOC,true
tiquisio,Tiquisio,LOC,true
tiro,Tiro,LOC,true
titos bolos,Titos Bolos,LOC,true
tiuris,Tiuris,LOC,true
tobago,Tobago,LOC,true
tocaima,Tocaima,LOC,true
tocancipa,Tocancipa,LOC,true
tocancipá,Tocancipá,LOC,true
toche,Toche,LOC,true
tochecito,Tochecito,LOC,true
tokio,Tokio,LOC,true
toledo,Toledo,LOC,true
tolemaida,Tolemaida,LOC,true
tolima,Tolima,LOC,true
tolimense,Tolimense,LOC,true
tolu,Tolu,LOC,true
toluviejo,Toluviejo,LOC,true
tolón,Tolón,LOC,true
tolú,Tolú,LOC,true
tomine,Tomine,LOC,true
tominé,Tominé,LOC,true
tona,Tona,LOC,true
topocoro,Topocoro,LOC,true
topogrande,Topogrande,LOC,true
torata,Torata,LOC,true
toribío,Toribío,LOC,true
torices,Torices,LOC,true
toro,Toro,LOC,true
toronto,Toronto,LOC,true
toronto 2026,Toronto 2026,ORG,true
torre colpatria,Torre Colpatria,LOC,true
torre de chipre,Torre de Chipre,LOC,true
torre de jesús,Torre de Jesús,LOC,true
torre de tokio,Torre de Tokio,LOC,true
torre eiffel,Torre Eiffel,LOC,true
torre moeve,Torre Moeve,LOC,true
torres de limonar,Torres de Limonar,LOC,true
torres del limonar,Torres del Limonar,LOC,true
transversal del cusiana,Transversal del Cusiana,LOC,true
transversal del sisga,Transversal del Sisga,LOC,true
trementino ii,Trementino Ii,LOC,true
tren del pacífico,Tren del Pacífico,LOC,true
trinidad,Trinidad,LOC,true
trinidad y tobago,Trinidad y Tobago,LOC,true
troche,Troche,LOC,true
troncal central,Troncal Central,LOC,true
troncal de las américas,Troncal de las Américas,LOC,true
troncal de los andes,Troncal de los Andes,LOC,true
troncal de occidente,Troncal de Occidente,LOC,true
troncal de oriente,Troncal de Oriente,LOC,true
tropicana,Tropicana,LOC,true
tropitour,Tropitour,LOC,true
tubará,Tubará,LOC,true
tucacas,Tucacas,LOC,true
tuchín,Tuchín,LOC,true
tufiño,Tufiño,LOC,true
tuluá,Tuluá,LOC,true
tumaco,Tumaco,LOC,true
tumbes,Tumbes,LOC,true
tunal,Tunal,LOC,true
tunel de oriente,Túnel de Oriente,LOC,true
tunel del toyo,Túnel del Toyo,LOC,true
tunja,Tunja,LOC,true
tunjuelito,Tunjuelito,LOC,true
tununguá,Tununguá,LOC,true
turbaco,Turbaco,LOC,true
turbana,Turbana,LOC,true
turbo,Turbo,LOC,true
turkmenistán,Turkmenistán,LOC,true
turmequé,Turmequé,LOC,true
turquia,Turquia,LOC,true
turquía,Turquía,LOC,true
turín,Turín,LOC,true
tuta,Tuta,LOC,true
tutankamón,Tutankamón,LOC,true
tuvalu,Tuvalu,LOC,true
táchira,Táchira,LOC,true
támara,Támara,LOC,true
támesis,Támesis,LOC,true
tíbet,Tíbet,LOC,true
túnel,Túnel,LOC,true
túnel de cajibío,Túnel de Cajibío,LOC,true
túnel de el toyo,Túnel de el Toyo,LOC,true
túnel de gualanday,Túnel de Gualanday,LOC,true
túnel de oriente,Túnel de Oriente,LOC,true
túnel del toyo,Túnel del Toyo,LOC,true
túnel del tuyo,Túnel del Tuyo,LOC,true
túnel mundialista,Túnel Mundialista,LOC,true
túnel renacer,Túnel Renacer,LOC,true
túnez,Túnez,LOC,true
u. pedagógica,U. Pedagógica,LOC,true
ubalá,Ubalá,LOC,true
ubaque,Ubaque,LOC,true
ubaté,Ubaté,LOC,true
ucayali,Ucayali,LOC,true
ucrania,Ucrania,LOC,true
ucs arena,Ucs Arena,LOC,true
ufps,Ufps,LOC,true
uganda,Uganda,LOC,true
uk,Uk,LOC,true
ulibro,Ulibro,LOC,true
unguía,Unguía,LOC,true
unidad de la 42,Unidad de la 42,LOC,true
unidad deportiva,Unidad Deportiva,LOC,true
unidad deportiva el salitre,Unidad Deportiva el Salitre,LOC,true
uninúñez,Uninúñez,LOC,true
universidad de el tarra,Universidad de el Tarra,LOC,true
universidad jorge tadeo lozano,Universidad Jorge Tadeo Lozano,LOC,true
uraba,Uraba,LOC,true
urabá,Urabá,LOC,true
urbana estéreo,Urbana Estéreo,LOC,true
uribia,Uribia,LOC,true
urimaco,Urimaco,LOC,true
urrao,Urrao,LOC,true
urrá,Urrá,LOC,true
urss,Urss,LOC,true
urubamba,Urubamba,LOC,true
uruguay,Uruguay,LOC,true
usaquen,Usaquen,LOC,true
usaquén,Usaquén,LOC,true
usc,Usc,LOC,true
usc arena,Usc Arena,LOC,true
ushuaia,Ushuaia,LOC,true
usiacurí,Usiacurí,LOC,true
usme,Usme,LOC,true
uu,Uu,LOC,true
uzbekistan,Uzbekistan,LOC,true
uzbekistán,Uzbekistán,LOC,true
vaca muerta,Vaca Muerta,LOC,true
valdivia,Valdivia,LOC,true
valencia,Valencia,LOC,true
valle,Valle,LOC,true
valle de aburra,Valle de Aburrá,LOC,true
valle de aburrá,Valle de Aburrá,LOC,true
valle del cauca,Valle del Cauca,LOC,true
valledupar,Valledupar,LOC,true
vallegrande,Vallegrande,LOC,true
vallenato,Vallenato,LOC,true
vallenato al parque,Vallenato Al Parque,LOC,true
vallenato al parque 2026,Vallenato Al Parque 2026,ORG,true
valparaíso,Valparaíso,LOC,true
vancouver,Vancouver,LOC,true
vanessa,Vanessa,LOC,true
vanuatu,Vanuatu,LOC,true
variante,Variante,LOC,true
vaticano,Vaticano,LOC,true
vaupés,Vaupés,LOC,true
veblen,Veblen,LOC,true
velotax,Velotax,LOC,true
venecia,Venecia,LOC,true
venezia,Venezia,LOC,true
venezuela,Venezuela,LOC,true
venezula,Venezula,LOC,true
ventana al mundo,Ventana Al Mundo,LOC,true
ventanilla única,Ventanilla Única,LOC,true
ventaquemada,Ventaquemada,LOC,true
venus,Venus,LOC,true
verbania,Verbania,LOC,true
versalles,Versalles,LOC,true
versus,Versus,LOC,true
vetas,Vetas,LOC,true
via al mar,Vía al Mar,LOC,true
viareggio,Viareggio,LOC,true
viboral,Viboral,LOC,true
vichada,Vichada,LOC,true
viejo continente,Viejo Continente,LOC,true
viena,Viena,LOC,true
vietnam,Vietnam,LOC,true
vigo,Vigo,LOC,true
vijes,Vijes,LOC,true
villa adela,Villa Adela,LOC,true
villa adelaida,Villa Adelaida,LOC,true
villa aranjuez,Villa Aranjuez,LOC,true
villa campestre,Villa Campestre,LOC,true
villa campo,Villa Campo,LOC,true
villa carmen,Villa Carmen,LOC,true
villa carmen 1,Villa Carmen 1,LOC,true
villa carolina,Villa Carolina,LOC,true
villa clara,Villa Clara,LOC,true
villa cordialidad,Villa Cordialidad,LOC,true
villa de leyva,Villa de Leyva,LOC,true
villa del mar,Villa del Mar,LOC,true
villa del rosario,Villa del Rosario,LOC,true
villa del sur,Villa del Sur,LOC,true
villa esperanza,Villa Esperanza,LOC,true
villa estadio,Villa Estadio,LOC,true
villa estrella,Villa Estrella,LOC,true
villa flor,Villa Flor,LOC,true
villa hilda,Villa Hilda,LOC,true
villa karla,Villa Karla,LOC,true
villa katanga,Villa Katanga,LOC,true
villa lozano,Villa Lozano,LOC,true
villa luz,Villa Luz,LOC,true
villa maría selene,Villa María Selene,LOC,true
villa merly,Villa Merly,LOC,true
villa muvdi,Villa Muvdi,LOC,true
villa olímpica,Villa Olímpica,LOC,true
villa resistencia,Villa Resistencia,LOC,true
villa rica,Villa Rica,LOC,true
villa rosa,Villa Rosa,LOC,true
villa san carlos,Villa San Carlos,LOC,true
villa santos,Villa Santos,LOC,true
villa selene,Villa Selene,LOC,true
villa sevilla,Villa Sevilla,LOC,true
villa sol,Villa Sol,LOC,true
villa zambrano,Villa Zambrano,LOC,true
villacarmelo,Villacarmelo,LOC,true
villagarzón,Villagarzón,LOC,true
villagrande de indias,Villagrande de Indias,LOC,true
villalobos,Villalobos,LOC,true
villamaría,Villamaría,LOC,true
villanueva,Villanueva,LOC,true
villao,Villao,LOC,true
villarejo,Villarejo,LOC,true
villas de aranjuez,Villas de Aranjuez,LOC,true
villate,Villate,LOC,true
villatina,Villatina,LOC,true
villavicencio,Villavicencio,LOC,true
viotá,Viotá,LOC,true
viracachá,Viracachá,LOC,true
virgilio barco,Virgilio Barco,LOC,true
virginia,Virginia,LOC,true
virolin,Virolin,LOC,true
vishneve,Vishneve,LOC,true
visma,Visma,LOC,true
vista hermosa,Vista Hermosa,LOC,true
vix,Vix,LOC,true
viña del mar,Viña del Mar,LOC,true
voiron,Voiron,LOC,true
volcan purace,Volcán Puracé,LOC,true
volcán puracé,Volcán Puracé,LOC,true
vuitton,Vuitton,LOC,true
vía 40,Vía 40,LOC,true
vía al llano,Vía Al Llano,LOC,true
vía al mar,Vía al Mar,LOC,true
vía del mar,Vía del Mar,LOC,true
vía láctea,Vía Láctea,LOC,true
vía oriental,Vía Oriental,LOC,true
vía panamericana,Vía Panamericana,LOC,true
vía parque isla de salamanca,Vía Parque Isla de Salamanca,LOC,true
vía perimetral,Vía Perimetral,LOC,true
wall street,Wall Street,LOC,true
walter reed,Walter Reed,LOC,true
washington,Washington,LOC,true
washington d.c,Washington D.c,LOC,true
watford,Watford,LOC,true
wattpad,Wattpad,LOC,true
wayuu,Wayuu,LOC,true
wembley,Wembley,LOC,true
wimbledon 2026,Wimbledon 2026,ORG,true
windsor,Windsor,LOC,true
wounaan,Wounaan,LOC,true
wualter avendaño,Wualter Avendaño,LOC,true
wynwood,Wynwood,LOC,true
y herzegovina,Y Herzegovina,LOC,true
yaguará,Yaguará,LOC,true
yaguazo,Yaguazo,LOC,true
yankee stadium,Yankee Stadium,LOC,true
yarumal,Yarumal,LOC,true
yellowstone,Yellowstone,LOC,true
yemen,Yemen,LOC,true
yolombó,Yolombó,LOC,true
yondó,Yondó,LOC,true
yopal,Yopal,LOC,true
yotoco,Yotoco,LOC,true
yumare,Yumare,LOC,true
yumbo,Yumbo,LOC,true
zacatecas,Zacatecas,LOC,true
zambrano,Zambrano,LOC,true
zanjón del burro,Zanjón del Burro,LOC,true
zapatoca,Zapatoca,LOC,true
zaporiyia,Zaporiyia,LOC,true
zaragocilla,Zaragocilla,LOC,true
zaragoza,Zaragoza,LOC,true
zarzal,Zarzal,LOC,true
zaíno,Zaíno,LOC,true
zelanda,Zelanda,LOC,true
zetaquira,Zetaquira,LOC,true
zijin,Zijin,LOC,true
zimbabue,Zimbabue,LOC,true
zipaquira,Zipaquira,LOC,true
zipaquirá,Zipaquirá,LOC,true
zona bananera,Zona Bananera,LOC,true
zona de ubicación,Zona de Ubicación,LOC,true
zona franca,Zona Franca,LOC,true
zoológico,Zoológico,LOC,true
zulia,Zulia,LOC,true
zulma guzmán,Zulma Guzmán,PER,true
zúrich,Zúrich,LOC,true
ábrego,Ábrego,LOC,true
áfrica,África,LOC,true
álamos,Álamos,LOC,true
ámsterdam,Ámsterdam,LOC,true
árabes unidos,Árabes Unidos,LOC,true
ártico,Ártico,LOC,true
ícaro,Ícaro,LOC,true
íquira,Íquira,LOC,true
ítaca,Ítaca,LOC,true
17 gripen,17 Gripen,ORG,true
18 pro,18 Pro,ORG,true
2innovate,2innovate,ORG,true
3i,3i,ORG,true
7-eleven,7-eleven,ORG,true
8g,8g,ORG,true
97 gbtud,97 Gbtud,ORG,true
9s,9s,ORG,true
a24,A24,ORG,true
aaa,Aaa,ORG,true
abaco,Abaco,ORG,true
abbvie,Abbvie,ORG,true
abc,Abc,ORG,true
abelardismo,Abelardismo,ORG,true
abercrombie,Abercrombie,ORG,true
abra,Abra,ORG,true
abra group,Abra Group,ORG,true
absolución,Absolución,ORG,true
ac,Ac,ORG,true
ac milan,Ac Milan,ORG,true
academia colombiana de ciencias económicas,Academia Colombiana de Ciencias Económicas,ORG,true
academia colombiana de ciencias exactas,Academia Colombiana de Ciencias Exactas,ORG,true
academia colombiana de jurisprudencia,Academia Colombiana de Jurisprudencia,ORG,true
academia comunicar tuluá,Academia Comunicar Tuluá,ORG,true
academia de hollywood,Academia de Hollywood,ORG,true
academia de medicina,Academia de Medicina,ORG,true
academia diplomática,Academia Diplomática,ORG,true
academia latina de la grabación,Academia Latina de la Grabación,ORG,true
academia nacional de medicina,Academia Nacional de Medicina,ORG,true
accesspark,Accesspark,ORG,true
acciones & valores,Acciones & Valores,ORG,true
accor,Accor,ORG,true
acdac,Acdac,ORG,true
acdecta,Acdecta,ORG,true
ace,Ace,ORG,true
acemi,Acemi,ORG,true
acer,Acer,ORG,true
acerías paz del río,Acerías Paz del Río,ORG,true
acerías pazdelrío,Acerías Pazdelrío,ORG,true
acggp,Acggp,ORG,true
achc,Achc,ORG,true
aci worldwide,Aci Worldwide,ORG,true
acicam,Acicam,ORG,true
acice,Acice,ORG,true
aciet,Aciet,ORG,true
acindar,Acindar,ORG,true
acipet,Acipet,ORG,true
acm,Acm,ORG,true
acme,Acme,ORG,true
acnur,Acnur,ORG,true
acolfutpro,Acolfutpro,ORG,true
acolgen,Acolgen,ORG,true
acolgén,Acolgén,ORG,true
aconauto,Aconauto,ORG,true
acopi,Acopi,ORG,true
acoplásticos,Acoplásticos,ORG,true
acp,Acp,ORG,true
acpf,Acpf,ORG,true
acpm,Acpm,ORG,true
acrip,Acrip,ORG,true
acs,Acs,ORG,true
acsc,Acsc,ORG,true
acsn,Acsn,ORG,true
action black,Action Black,ORG,true
activision,Activision,ORG,true
acuacar,Acuacar,ORG,true
acueducto de bucaramanga,Acueducto de Bucaramanga,ORG,true
adas,Adas,ORG,true
addi,Addi,ORG,true
adea,Adea,ORG,true
adecco,Adecco,ORG,true
ades,Ades,ORG,true
adidas,Adidas,ORG,true
adium,Adium,ORG,true
adle,Adle,ORG,true
administración federal de aviación,Administración Federal de Aviación,ORG,true
adn,Adn,ORG,true
adn dignidad,Adn Dignidad,ORG,true
adn maja,Adn Maja,ORG,true
adobe,Adobe,ORG,true
adp,Adp,ORG,true
adr,Adr,ORG,true
adres,Adres,ORG,true
advil,Advil,ORG,true
aefe,Aefe,ORG,true
aena,Aena,ORG,true
aerocafé,Aerocafé,ORG,true
aerocivil,Aerocivil,ORG,true
aerolínea azul,Aerolínea Azul,ORG,true
aerolíneas llaneras,Aerolíneas Llaneras,ORG,true
aeromatecaña,Aeromatecaña,ORG,true
aeroméxico,Aeroméxico,ORG,true
aeronautica civil,Aeronáutica Civil,ORG,true
aeronáutica,Aeronáutica,ORG,true
aeronáutica civil,Aeronáutica Civil,ORG,true
aeroparque juan pablo ii,Aeroparque Juan Pablo Ii,ORG,true
aeropuerto de santiago,Aeropuerto de Santiago,ORG,true
aeropuerto rafael núñez,Aeropuerto Rafael Núñez,ORG,true
aeropuertos de oriente,Aeropuertos de Oriente,ORG,true
aeroregional,Aeroregional,ORG,true
aerosucre,Aerosucre,ORG,true
aes,Aes,ORG,true
aespa,Aespa,ORG,true
afa,Afa,ORG,true
afc,Afc,ORG,true
afd,Afd,ORG,true
afidro,Afidro,ORG,true
afiliada de salud total,Afiliada de Salud Total,ORG,true
afinia,Afinia,ORG,true
afp,Afp,ORG,true
afp porvenir,Afp Porvenir,ORG,true
afterclass,Afterclass,ORG,true
aftra,Aftra,ORG,true
agencia de defensa jurídica,Agencia de Defensa Jurídica,ORG,true
agencia de defensa jurídica del estado,Agencia de Defensa Jurídica del Estado,ORG,true
agencia de desarrollo rural,Agencia de Desarrollo Rural,ORG,true
agencia de minería,Agencia de Minería,ORG,true
agencia de renovación,Agencia de Renovación,ORG,true
agencia de tierras,Agencia de Tierras,ORG,true
agencia espacial europea,Agencia Espacial Europea,ORG,true
agencia europea de drogas,Agencia Europea de Drogas,ORG,true
agencia francesa,Agencia Francesa,ORG,true
agencia francesa para la enseñanza,Agencia Francesa Para la Enseñanza,ORG,true
agencia jurídica,Agencia Jurídica,ORG,true
agencia nacional de contratación,Agencia Nacional de Contratación,ORG,true
agencia nacional de defensa jurídica del estado,Agencia Nacional de Defensa Jurídica del Estado,ORG,true
agencia nacional de hidrocarburos,Agencia Nacional de Hidrocarburos,ORG,true
agencia nacional de infraestructura,Agencia Nacional de Infraestructura,ORG,true
agencia nacional de la defensa del estado,Agencia Nacional de la Defensa del Estado,ORG,true
agencia nacional de minería,Agencia Nacional de Minería,ORG,true
agencia nacional de seguridad vial,Agencia Nacional de Seguridad Vial,ORG,true
agencia nacional de tierras,Agencia Nacional de Tierras,ORG,true
agencia para la reincorporación,Agencia Para la Reincorporación,ORG,true
agencia pública de empleo del sena,Agencia Pública de Empleo del Sena,ORG,true
agencia rural,Agencia Rural,ORG,true
agencia tributaria,Agencia Tributaria,ORG,true
agencias de viajes,Agencias de Viajes,ORG,true
aggreko,Aggreko,ORG,true
agraria,Agraria,ORG,true
agricultura,Agricultura,ORG,true
agrifoodtech,Agrifoodtech,ORG,true
agrilink,Agrilink,ORG,true
agropecuario,Agropecuario,ORG,true
agua bendita,Agua Bendita,ORG,true
aguacate hass,Aguacate Hass,ORG,true
aguardiente antioqueño,Aguardiente Antioqueño,ORG,true
aguas de cartagena,Aguas de Cartagena,ORG,true
aguas vivas,Aguas Vivas,ORG,true
aguinaldo,Aguinaldo,ORG,true
aguinaldo boyacense,Aguinaldo Boyacense,ORG,true
ai,Ai,ORG,true
ai act,Ai Act,ORG,true
aico,Aico,ORG,true
aid for aids,Aid For Aids,ORG,true
aie,Aie,ORG,true
air canada,Air Canada,ORG,true
air e,Air E,ORG,true
air force one,Air Force One,ORG,true
air france,Air France,ORG,true
air india,Air India,ORG,true
air-e intervenida,Air-e Intervenida,ORG,true
airbnb.org,Airbnb.org,ORG,true
airbus,Airbus,ORG,true
aix racing,Aix Racing,ORG,true
ajax,Ajax,ORG,true
ak,Ak,ORG,true
akanny,Akanny,ORG,true
akses sas,Akses Sas,ORG,true
akt,Akt,ORG,true
al ahly,Al Ahly,ORG,true
al hilal,Al Hilal,ORG,true
al nassr,Al Nassr,ORG,true
al-hilal,Al-hilal,ORG,true
al-nassr,Al-nassr,ORG,true
al-wasl,Al-wasl,ORG,true
alavés,Alavés,ORG,true
albalucía,Albalucía,ORG,true
albiceleste,Albiceleste,ORG,true
albirroja,Albirroja,ORG,true
alcaldia,Alcaldía,ORG,true
alcaldia de barranquilla,Alcaldía de Barranquilla,ORG,true
alcaldia de bogota,Alcaldía de Bogotá,ORG,true
alcaldia de cali,Alcaldía de Cali,ORG,true
alcaldia de medellin,Alcaldía de Medellín,ORG,true
alcaldía de barranquilla,Alcaldía de Barranquilla,ORG,true
alcaldía de bogotá,Alcaldía de Bogotá,ORG,true
alcaldía de cali,Alcaldía de Cali,ORG,true
alcaldía de cartagena,Alcaldía de Cartagena,ORG,true
alcaraz,Alcaraz,ORG,true
alcatraz de los caimanes,Alcatraz de los Caimanes,ORG,true
aldesarrollo,Aldesarrollo,ORG,true
aldi,Aldi,ORG,true
alejandría,Alejandría,ORG,true
aliadas,Aliadas,ORG,true
alianza,Alianza,ORG,true
alianza atlético,Alianza Atlético,ORG,true
alianza de valledupar,Alianza de Valledupar,ORG,true
alianza del pacífico,Alianza del Pacífico,ORG,true
alianza fc,Alianza Fc,ORG,true
alianza fiduciaria,Alianza Fiduciaria,ORG,true
alianza fútbol club,Alianza Fútbol Club,ORG,true
alianza in,Alianza In,ORG,true
alianza lima,Alianza Lima,ORG,true
alianza por la democracia,Alianza Por la Democracia,ORG,true
alianza por la educación,Alianza Por la Educación,ORG,true
alianza por la vida,Alianza Por la Vida,ORG,true
alianza valledupar,Alianza Valledupar,ORG,true
alianza verde,Alianza Verde,ORG,true
alianzas aliadas,Alianzas Aliadas,ORG,true
alibaba,Alibaba,ORG,true
alicorp,Alicorp,ORG,true
aliexpress,Aliexpress,ORG,true
alimentec,Alimentec,ORG,true
alipay,Alipay,ORG,true
alkosto,Alkosto,ORG,true
all whites,All Whites,ORG,true
alliance,Alliance,ORG,true
allianz,Allianz,ORG,true
alligator,Alligator,ORG,true
alligator alcatraz,Alligator Alcatraz,ORG,true
alma air,Alma Air,ORG,true
alma mater,Alma Mater,ORG,true
almacenes flamingo,Almacenes Flamingo,ORG,true
alo sur,Alo Sur,ORG,true
alphabet,Alphabet,ORG,true
alpina,Alpina,ORG,true
alpinestars,Alpinestars,ORG,true
alquería,Alquería,ORG,true
alta vista,Alta Vista,ORG,true
altafulla,Altafulla,ORG,true
altamar,Altamar,ORG,true
altas cortes,Altas Cortes,ORG,true
altice,Altice,ORG,true
altillanura,Altillanura,ORG,true
altman,Altman,ORG,true
altos de la virgen,Altos de la Virgen,ORG,true
altos del rosario,Altos del Rosario,ORG,true
aluminio reynolds,Aluminio Reynolds,ORG,true
ama,Ama,ORG,true
amadeus,Amadeus,ORG,true
amarilo,Amarilo,ORG,true
amas,Amas,ORG,true
amazon,Amazon,ORG,true
amazon health,Amazon Health,ORG,true
amazon web services,Amazon Web Services,ORG,true
amb,Amb,ORG,true
amber capital,Amber Capital,ORG,true
ambulancias aéreas,Ambulancias Aéreas,ORG,true
amcham,Amcham,ORG,true
amd,Amd,ORG,true
americal airlines,Americal Airlines,ORG,true
american air,American Air,ORG,true
american airlines,American Airlines,ORG,true
american park,American Park,ORG,true
americanino,Americanino,ORG,true
americares,Americares,ORG,true
americas quarterly,Americas Quarterly,ORG,true
americup,Americup,ORG,true
ami,Ami,ORG,true
amnistía internacional,Amnistía Internacional,ORG,true
amva,Amva,ORG,true
américa de cali,América de Cali,ORG,true
an,An,ORG,true
analdex,Analdex,ORG,true
anapoima,Anapoima,ORG,true
andaldex,Andaldex,ORG,true
andeg,Andeg,ORG,true
andemos,Andemos,ORG,true
andesco,Andesco,ORG,true
andi,Andi,ORG,true
andi del futuro,Andi del Futuro,ORG,true
andi empresas unidas,Andi Empresas Unidas,ORG,true
andicom,Andicom,ORG,true
andje,Andje,ORG,true
android,Android,ORG,true
andrés carne de res,Andrés Carne de Res,ORG,true
anestesiar,Anestesiar,ORG,true
anfp,Anfp,ORG,true
anglogold ashanti,Anglogold Ashanti,ORG,true
anh,Anh,ORG,true
ani,Ani,ORG,true
anif,Anif,ORG,true
anla,Anla,ORG,true
anm,Anm,ORG,true
anp,Anp,ORG,true
ansv,Ansv,ORG,true
ant,Ant,ORG,true
anthropic,Anthropic,ORG,true
anthropic pbc,Anthropic Pbc,ORG,true
antigüedad,Antigüedad,ORG,true
antinarcóticos,Antinarcóticos,ORG,true
antioqueña,Antioqueña,ORG,true
antioqueñita,Antioqueñita,ORG,true
antioqueñita 2,Antioqueñita 2,ORG,true
antioqueñita día,Antioqueñita Día,ORG,true
antioqueñita tarde,Antioqueñita Tarde,ORG,true
antropic,Antropic,ORG,true
antv,Antv,ORG,true
anuc,Anuc,ORG,true
ap,Ap,ORG,true
apache,Apache,ORG,true
apartamenteros,Apartamenteros,ORG,true
apogee,Apogee,ORG,true
apollo,Apollo,ORG,true
apostólico,Apostólico,ORG,true
app,App,ORG,true
appa,Appa,ORG,true
apple,Apple,ORG,true
apple tv,Apple Tv,ORG,true
apple watch,Apple Watch,ORG,true
apps,Apps,ORG,true
aqualia,Aqualia,ORG,true
ara,Ara,ORG,true
arabia saudita,Arabia Saudita,LOC,true
arabia saudí,Arabia Saudí,LOC,true
aragón,Aragón,ORG,true
arajet,Arajet,ORG,true
arana shop,Arana Shop,ORG,true
arap,Arap,ORG,true
araújo ibarra,Araújo Ibarra,ORG,true
arbex,Arbex,ORG,true
arc,Arc,ORG,true
arca continental,Arca Continental,ORG,true
archies,Archies,ORG,true
arcos dorados,Arcos Dorados,ORG,true
areito gallery,Areito Gallery,ORG,true
arena,Arena,ORG,true
arena bonita,Arena Bonita,ORG,true
arena cañaveralejo,Arena Cañaveralejo,ORG,true
arena usc,Arena Usc,ORG,true
areocivil,Areocivil,ORG,true
argenfifa,Argenfifa,ORG,true
argentia,Argentia,ORG,true
argos,Argos,ORG,true
aria gems,Aria Gems,ORG,true
ariana grande,Ariana Grande,PER,true
aris mining,Aris Mining,ORG,true
arl,Arl,ORG,true
armada de colombia,Armada de Colombia,ORG,true
armada de la guardia revolucionaria,Armada de la Guardia Revolucionaria,ORG,true
armada nacional,Armada Nacional,ORG,true
armadas,Armadas,ORG,true
armitage,Armitage,ORG,true
army,Army,ORG,true
arn,Arn,ORG,true
arquidiócesis,Arquidiócesis,ORG,true
arquitectura,Arquitectura,ORG,true
arrendamiento temporal solidario,Arrendamiento Temporal Solidario,ORG,true
arribabogotá,Arribabogotá,ORG,true
arrow,Arrow,ORG,true
ars electronica,Ars Electronica,ORG,true
arsenal,Arsenal,ORG,true
arsenal de mikel arteta,Arsenal de Mikel Arteta,ORG,true
art,Art,ORG,true
artemis,Artemis,ORG,true
artemis iii,Artemis Iii,ORG,true
artemisa,Artemisa,ORG,true
as mónaco,As Mónaco,ORG,true
asamblea comunitaria,Asamblea Comunitaria,ORG,true
asamblea constituyente,Asamblea Constituyente,ORG,true
asamblea de caldas,Asamblea de Caldas,ORG,true
asamblea departamental,Asamblea Departamental,ORG,true
asamblea nacional,Asamblea Nacional,ORG,true
asamblea nacional constituyente,Asamblea Nacional Constituyente,ORG,true
asbama,Asbama,ORG,true
ascif,Ascif,ORG,true
ascun,Ascun,ORG,true
aseguradora quálitas,Aseguradora Quálitas,ORG,true
ashmore,Ashmore,ORG,true
asia fantástica,Asia Fantástica,ORG,true
asics,Asics,ORG,true
asmet salud,Asmet Salud,ORG,true
asml,Asml,ORG,true
asobancaria,Asobancaria,ORG,true
asobares,Asobares,ORG,true
asoblockchain,Asoblockchain,ORG,true
asocajas,Asocajas,ORG,true
asocana,Asocana,ORG,true
asocapitales,Asocapitales,ORG,true
asocars,Asocars,ORG,true
asocaña,Asocaña,ORG,true
asocebú,Asocebú,ORG,true
asocentro,Asocentro,ORG,true
asociación campesina,Asociación Campesina,ORG,true
asociación colombiana de ciudades intermedias,Asociación Colombiana de Ciudades Intermedias,ORG,true
asociación colombiana de defensores de familia,Asociación Colombiana de Defensores de Familia,ORG,true
asociación colombiana de epidemiología,Asociación Colombiana de Epidemiología,ORG,true
asociación colombiana de la industria farmacéutica,Asociación Colombiana de la Industria Farmacéutica,ORG,true
asociación colombiana de psiquiatría,Asociación Colombiana de Psiquiatría,ORG,true
asociación colombiana de reumatología,Asociación Colombiana de Reumatología,ORG,true
asociación colombiana de sociedades científicas,Asociación Colombiana de Sociedades Científicas,ORG,true
asociación colombiana de universidades,Asociación Colombiana de Universidades,ORG,true
asociación colombiana del petróleo,Asociación Colombiana del Petróleo,ORG,true
asociación de fútbol argentino,Asociación de Fútbol Argentino,ORG,true
asociación de medicina vascular,Asociación de Medicina Vascular,ORG,true
asociación de psiquiatría,Asociación de Psiquiatría,ORG,true
asociación de transportadores de carga,Asociación de Transportadores de Carga,ORG,true
asociación del fútbol argentino,Asociación del Fútbol Argentino,ORG,true
asociación nacional de productores de leche,Asociación Nacional de Productores de Leche,ORG,true
asociados c&a,Asociados C&a,ORG,true
asocolflores,Asocolflores,ORG,true
asoenergía,Asoenergía,ORG,true
asofondo,Asofondo,ORG,true
asofondos,Asofondos,ORG,true
asointermedias,Asointermedias,ORG,true
asoleche,Asoleche,ORG,true
asomedios,Asomedios,ORG,true
asomicrofinanzas,Asomicrofinanzas,ORG,true
asonfondos,Asonfondos,ORG,true
asopartes,Asopartes,ORG,true
asoperboy,Asoperboy,ORG,true
asopetrol,Asopetrol,ORG,true
asoportuaria,Asoportuaria,ORG,true
aspex,Aspex,ORG,true
asprodis,Asprodis,ORG,true
assa abloy,Assa Abloy,ORG,true
assassins,Assassins,ORG,true
astana,Astana,ORG,true
astara,Astara,ORG,true
asterion industrial partners,Asterion Industrial Partners,ORG,true
aston martin,Aston Martin,ORG,true
aston villa vs,Aston Villa Vs,ORG,true
astor piazzolla,Astor Piazzolla,ORG,true
astrazeneca,Astrazeneca,ORG,true
astutos,Astutos,ORG,true
asucap tv,Asucap Tv,ORG,true
asus,Asus,ORG,true
asx,Asx,ORG,true
at&t,At&t,ORG,true
ataibeckley,Ataibeckley,ORG,true
atalanta,Atalanta,ORG,true
atenea,Atenea,ORG,true
aterciopelados,Aterciopelados,ORG,true
atesa,Atesa,ORG,true
athletic bilbao,Athletic Bilbao,ORG,true
athletic neiva f.c,Athletic Neiva F.c,ORG,true
athletico paranaense,Athletico Paranaense,ORG,true
atlante,Atlante,ORG,true
atlantic council,Atlantic Council,ORG,true
atlas,Atlas,ORG,true
atlas intel,Atlas Intel,ORG,true
atlasintel,Atlasintel,ORG,true
atleti,Atleti,ORG,true
atletico,Atletico,ORG,true
atletico bucaramanga,Atlético Bucaramanga,ORG,true
atletico de madrid,Atlético de Madrid,ORG,true
atletico nacional,Atlético Nacional,ORG,true
atletismo,Atletismo,ORG,true
atlético,Atlético,ORG,true
atlético de madrid,Atlético de Madrid,ORG,true
atlético fc,Atlético Fc,ORG,true
atlético mineiro,Atlético Mineiro,ORG,true
atlético nacional,Atlético Nacional,ORG,true
atmos,Atmos,ORG,true
atom,Atom,ORG,true
atp,Atp,ORG,true
attovia therapeutics,Attovia Therapeutics,ORG,true
auc,Auc,ORG,true
audax italiano,Audax Italiano,ORG,true
audi,Audi,ORG,true
audiencia nacional,Audiencia Nacional,ORG,true
audifarma,Audifarma,ORG,true
audiocolumna,Audiocolumna,ORG,true
auditora general,Auditora General,ORG,true
augc,Augc,ORG,true
aunap,Aunap,ORG,true
auteco,Auteco,ORG,true
auteco blue,Auteco Blue,ORG,true
autodefensas,Autodefensas,ORG,true
autodefensas conquistadoras,Autodefensas Conquistadoras,ORG,true
autodefensas conquistadoras de la sierra,Autodefensas Conquistadoras de la Sierra,ORG,true
autodefensas conquistadores,Autodefensas Conquistadores,ORG,true
autodefensas conquistadores de la sierra,Autodefensas Conquistadores de la Sierra,ORG,true
autodefensas de la sierra,Autodefensas de la Sierra,ORG,true
autofinanciera,Autofinanciera,ORG,true
autogermana,Autogermana,ORG,true
automercol,Automercol,ORG,true
autopistas del café,Autopistas del Café,ORG,true
autoridad nacional de licencias ambientales,Autoridad Nacional de Licencias Ambientales,ORG,true
autoridad palestina,Autoridad Palestina,ORG,true
autos italianos,Autos Italianos,ORG,true
autosur,Autosur,ORG,true
auxis,Auxis,ORG,true
av villas,Av Villas,ORG,true
aval,Aval,ORG,true
aval 360,Aval 360,ORG,true
aval asset management,Aval Asset Management,ORG,true
aval casa de bolsa,Aval Casa de Bolsa,ORG,true
aval fiduciaria,Aval Fiduciaria,ORG,true
aval fiduciaria asset management,Aval Fiduciaria Asset Management,ORG,true
avalancha,Avalancha,ORG,true
avianca,Avianca,ORG,true
avianca cargo,Avianca Cargo,ORG,true
aviario nacional,Aviario Nacional,ORG,true
aviatur,Aviatur,ORG,true
avior airlines,Avior Airlines,ORG,true
avista,Avista,ORG,true
avocado wellness marketing,Avocado Wellness Marketing,ORG,true
aws,Aws,ORG,true
axa,Axa,ORG,true
aza,Aza,ORG,true
azteca,Azteca,ORG,true
azucarero,Azucarero,ORG,true
azul,Azul,ORG,true
b lab,B Lab,ORG,true
b7,B7,ORG,true
baby fútbol,Baby Fútbol,ORG,true
baccarat,Baccarat,ORG,true
backrooms,Backrooms,ORG,true
backstreet boys,Backstreet Boys,ORG,true
bacu,Bacu,ORG,true
bafana bafana,Bafana Bafana,ORG,true
bahrain victorious,Bahrain Victorious,ORG,true
bahía,Bahía,ORG,true
baidu,Baidu,ORG,true
bajaj,Bajaj,ORG,true
bajón,Bajón,ORG,true
baloto,Baloto,ORG,true
bam,Bam,ORG,true
ban100,Ban100,ORG,true
banana boat,Banana Boat,ORG,true
banano,Banano,ORG,true
bancada,Bancada,ORG,true
bancada mira,Bancada Mira,ORG,true
bancada provida,Bancada Provida,ORG,true
bancamía,Bancamía,ORG,true
banco,Banco,ORG,true
banco agrario,Banco Agrario,ORG,true
banco av villas,Banco Av Villas,ORG,true
banco bbva,Banco Bbva,ORG,true
banco bradesco s.a,Banco Bradesco S.a,ORG,true
banco caf,Banco Caf,ORG,true
banco caja social,Banco Caja Social,ORG,true
banco central,Banco Central,ORG,true
banco contactar,Banco Contactar,ORG,true
banco cooperativo coopcentral,Banco Cooperativo Coopcentral,ORG,true
banco davivienda,Banco Davivienda,ORG,true
banco de alimentos,Banco de Alimentos,ORG,true
banco de bogota,Banco de Bogotá,ORG,true
banco de la republica,Banco de la República,ORG,true
banco de la república,Banco de la República,ORG,true
banco de materiales,Banco de Materiales,ORG,true
banco de occidente,Banco de Occidente,ORG,true
banco de república,Banco de República,ORG,true
banco de talentos,Banco de Talentos,ORG,true
banco de talentos de la patria milagro,Banco de Talentos de la Patria Milagro,ORG,true
banco de talentos patria milagro,Banco de Talentos Patria Milagro,ORG,true
banco distrital,Banco Distrital,ORG,true
banco europeo de inversiones,Banco Europeo de Inversiones,ORG,true
banco falabella,Banco Falabella,ORG,true
banco gnb sudameris,Banco Gnb Sudameris,ORG,true
banco inmobiliario de floridablanca,Banco Inmobiliario de Floridablanca,ORG,true
banco interamericano de desarrollo,Banco Interamericano de Desarrollo,ORG,true
banco itaú,Banco Itaú,ORG,true
banco master,Banco Master,ORG,true
banco mundial,Banco Mundial,ORG,true
banco mundo mujer,Banco Mundo Mujer,ORG,true
banco nacional de la cnsc,Banco Nacional de la Cnsc,ORG,true
banco nacional de talentos,Banco Nacional de Talentos,ORG,true
banco nacional de talentos de la patria milagro,Banco Nacional de Talentos de la Patria Milagro,ORG,true
banco nacional de talentos de patria milagro,Banco Nacional de Talentos de Patria Milagro,ORG,true
banco nubank,Banco Nubank,ORG,true
banco pichincha,Banco Pichincha,ORG,true
banco popular,Banco Popular,ORG,true
"banco porto real, de investimentos sa","Banco Porto Real, de Investimentos Sa",ORG,true
banco santander,Banco Santander,ORG,true
banco serfinanza,Banco Serfinanza,ORG,true
banco w,Banco W,ORG,true
bancoldex,Bancoldex,ORG,true
bancolombia,Bancolombia,ORG,true
bancoomeva,Bancoomeva,ORG,true
bancos de alimentos,Bancos de Alimentos,ORG,true
bancos de leche humana,Bancos de Leche Humana,ORG,true
bancóldex,Bancóldex,ORG,true
banda de tibasosa,Banda de Tibasosa,ORG,true
banda del aventurero,Banda del Aventurero,ORG,true
banda del indio,Banda del Indio,ORG,true
banda departamental,Banda Departamental,ORG,true
banda sinfónica,Banda Sinfónica,ORG,true
banda sinfónica de caldas,Banda Sinfónica de Caldas,ORG,true
banda sinfónica de samacá,Banda Sinfónica de Samacá,ORG,true
banda sinfónica de tibasosa,Banda Sinfónica de Tibasosa,ORG,true
banfield,Banfield,ORG,true
banistmo,Banistmo,ORG,true
banorte,Banorte,ORG,true
banrep,Banrep,ORG,true
banrepública,Banrepública,ORG,true
banxico,Banxico,ORG,true
barack,Barack,ORG,true
barcelona,Barcelona,ORG,true
barcelona fc,Barcelona Fc,ORG,true
barceló,Barceló,ORG,true
barclays,Barclays,ORG,true
barracas central,Barracas Central,ORG,true
barranquilla fc,Barranquilla FC,ORG,true
barraza,Barraza,ORG,true
barsa,Barsa,ORG,true
barça,Barça,ORG,true
base militar transitoria,Base Militar Transitoria,ORG,true
basf,Basf,ORG,true
batallón 13,Batallón 13,ORG,true
batallón de alta montaña,Batallón de Alta Montaña,ORG,true
batallón de alta montaña de jamundí,Batallón de Alta Montaña de Jamundí,ORG,true
batallón de infantería,Batallón de Infantería,ORG,true
batallón de infantería mecanizada,Batallón de Infantería Mecanizada,ORG,true
batallón de infantería mecanizada no,Batallón de Infantería Mecanizada No,ORG,true
batallón la popa,Batallón la Popa,ORG,true
batallón paraíso,Batallón Paraíso,ORG,true
batallón pichincha,Batallón Pichincha,ORG,true
bayer,Bayer,ORG,true
bayern,Bayern,ORG,true
bayern - stuttgart,Bayern - Stuttgart,ORG,true
bayern de múnich,Bayern de Múnich,ORG,true
bayern munich,Bayern Munich,ORG,true
bayern múnich,Bayern Múnich,ORG,true
bbc,Bbc,ORG,true
bbva,Bbva,ORG,true
bbva research,Bbva Research,ORG,true
bce,Bce,ORG,true
bco occidente,Bco Occidente,ORG,true
bcp,Bcp,ORG,true
bcr,Bcr,ORG,true
bcrp,Bcrp,ORG,true
bcu,Bcu,ORG,true
bcv,Bcv,ORG,true
bdc,Bdc,ORG,true
beartooth,Beartooth,ORG,true
beast of reincarnation,Beast Of Reincarnation,ORG,true
beathub,Beathub,ORG,true
beatles day,Beatles Day,ORG,true
beauty,Beauty,ORG,true
beauty laser,Beauty Laser,ORG,true
beauty láser,Beauty Láser,ORG,true
become digital,Become Digital,ORG,true
beele,Beele,ORG,true
beezion,Beezion,ORG,true
before club,Before Club,ORG,true
bei,Bei,ORG,true
belenenses,Belenenses,ORG,true
belgrano,Belgrano,ORG,true
bellakath,Bellakath,ORG,true
benfica,Benfica,ORG,true
benkos biohó,Benkos Biohó,ORG,true
berkshire,Berkshire,ORG,true
berkshire hathaway,Berkshire Hathaway,ORG,true
bermudas,Bermudas,ORG,true
bern,Bern,ORG,true
besiktas,Besiktas,ORG,true
bessent,Bessent,ORG,true
betania,Betania,ORG,true
betano,Betano,ORG,true
betis,Betis,ORG,true
betplay,Betplay,ORG,true
betty,Betty,ORG,true
betty la fea,Betty la Fea,ORG,true
bezos,Bezos,ORG,true
beéle,Beéle,PER,true
bfw,Bfw,ORG,true
bhp,Bhp,ORG,true
biblioparque david sánchez juliao,Biblioparque David Sánchez Juliao,ORG,true
bibliored,Bibliored,ORG,true
biblioteca casa del pueblo,Biblioteca Casa del Pueblo,ORG,true
biblioteca pública piloto,Biblioteca Pública Piloto,ORG,true
biblored,Biblored,ORG,true
bid,Bid,ORG,true
bid invest,Bid Invest,ORG,true
bienestar familiar,Bienestar Familiar,ORG,true
bienestar social,Bienestar Social,ORG,true
biff,Biff,ORG,true
bike,Bike,ORG,true
billboard,Billboard,ORG,true
billboard español,Billboard Español,ORG,true
bimbo,Bimbo,ORG,true
binance,Binance,ORG,true
biocatch,Biocatch,ORG,true
biod,Biod,ORG,true
bioger,Bioger,ORG,true
biomax,Biomax,ORG,true
biomax biocombustibles,Biomax Biocombustibles,ORG,true
bioparque ukumarí,Bioparque Ukumarí,ORG,true
birkett,Birkett,ORG,true
bitchat,Bitchat,ORG,true
bitcoin,Bitcoin,ORG,true
bitso,Bitso,ORG,true
blablacar,Blablacar,ORG,true
black hawk,Black Hawk,ORG,true
blackrock,Blackrock,ORG,true
blackstone,Blackstone,ORG,true
blanco,Blanco,ORG,true
blanco blanco,Blanco Blanco,ORG,true
blancox,Blancox,ORG,true
blc,Blc,ORG,true
blindex,Blindex,ORG,true
blink,Blink,ORG,true
blockchain.com,Blockchain.com,ORG,true
blockradar,Blockradar,ORG,true
blonde redhead,Blonde Redhead,ORG,true
blondy radio,Blondy Radio,ORG,true
bloomberg intelligence,Bloomberg Intelligence,ORG,true
bloomberg philanthropies,Bloomberg Philanthropies,ORG,true
blooming,Blooming,ORG,true
bloque,Bloque,ORG,true
bloque de búsqueda,Bloque de Búsqueda,ORG,true
bloque de defensa,Bloque de Defensa,ORG,true
bloque de defensa de seguridad urbana,Bloque de Defensa de Seguridad Urbana,ORG,true
bloque de defensa para la seguridad,Bloque de Defensa Para la Seguridad,ORG,true
bloque de defensa para la seguridad urbana,Bloque de Defensa Para la Seguridad Urbana,ORG,true
bloque de defensa para seguridad urbana,Bloque de Defensa Para Seguridad Urbana,ORG,true
bloque especial de seguridad urbana,Bloque Especial de Seguridad Urbana,ORG,true
bloque norte,Bloque Norte,ORG,true
bloque norte de las auc,Bloque Norte de las Auc,ORG,true
bloque parlamentario,Bloque Parlamentario,ORG,true
bloques de defensa de seguridad urbana,Bloques de Defensa de Seguridad Urbana,ORG,true
bloques de seguridad urbana,Bloques de Seguridad Urbana,ORG,true
blu,Blu,ORG,true
blu radio,Blu Radio,ORG,true
blue origin,Blue Origin,ORG,true
bluesky,Bluesky,ORG,true
bm,Bm,ORG,true
bmc,Bmc,ORG,true
bmw,Bmw,ORG,true
bmx racing,Bmx Racing,ORG,true
bn,Bn,ORG,true
bnb,Bnb,ORG,true
bny,Bny,ORG,true
bodycam,Bodycam,ORG,true
boeing,Boeing,ORG,true
bofa,Bofa,ORG,true
bogoshorts,Bogoshorts,ORG,true
bogoshorts 24,Bogoshorts 24,ORG,true
bologna,Bologna,ORG,true
bolonia,Bolonia,ORG,true
bolsa de hong kong,Bolsa de Hong Kong,ORG,true
bolsa de lima,Bolsa de Lima,ORG,true
bolsa de santiago,Bolsa de Santiago,ORG,true
bolsa de tokio,Bolsa de Tokio,ORG,true
bolsa de valores,Bolsa de Valores,ORG,true
bolsa mercantil,Bolsa Mercantil,ORG,true
bolsas,Bolsas,ORG,true
bomberos de itagüí,Bomberos de Itagüí,ORG,true
bomberos de sitionuevo,Bomberos de Sitionuevo,ORG,true
bomberos de ventaquemada,Bomberos de Ventaquemada,ORG,true
bomberos rionegro,Bomberos Rionegro,ORG,true
bomberos voluntarios de envigado,Bomberos Voluntarios de Envigado,ORG,true
bombonera,Bombonera,ORG,true
bomm,Bomm,ORG,true
booking,Booking,ORG,true
bordeaux,Bordeaux,ORG,true
border,Border,ORG,true
borussia dortmund,Borussia Dortmund,ORG,true
bosnia herzegovina,Bosnia Herzegovina,ORG,true
bosnia y herzegovina,Bosnia y Herzegovina,ORG,true
bosnia-herzegovina,Bosnia-herzegovina,ORG,true
boston celtics,Boston Celtics,ORG,true
boston red sox,Boston Red Sox,ORG,true
boston river,Boston River,ORG,true
botafogo,Botafogo,ORG,true
bournemouth,Bournemouth,ORG,true
boys,Boys,ORG,true
bp,Bp,ORG,true
bpp,Bpp,ORG,true
bragantino,Bragantino,ORG,true
brasileirao,Brasileirao,ORG,true
brasileirão,Brasileirão,ORG,true
braskem,Braskem,ORG,true
brava,Brava,ORG,true
brava energia,Brava Energia,ORG,true
brava energía,Brava Energía,ORG,true
brava energía s.a,Brava Energía S.a,ORG,true
bravos,Bravos,ORG,true
brc ratings,Brc Ratings,ORG,true
bre-b,Bre-b,ORG,true
brentford,Brentford,ORG,true
brera,Brera,ORG,true
brigada,Brigada,ORG,true
brigada 13,Brigada 13,ORG,true
brigada 15,Brigada 15,ORG,true
brigada 29,Brigada 29,ORG,true
brigada de topos azteca,Brigada de Topos Azteca,ORG,true
brigadas logísticas,Brigadas Logísticas,ORG,true
brighton,Brighton,ORG,true
brighton and hove,Brighton And Hove,ORG,true
brinsa,Brinsa,ORG,true
bristol myers squibb,Bristol Myers Squibb,ORG,true
british airways,British Airways,ORG,true
british american tobacco,British American Tobacco,ORG,true
british council,British Council,ORG,true
broadcom,Broadcom,ORG,true
bronx distrito creativo,Bronx Distrito Creativo,ORG,true
brookfield,Brookfield,ORG,true
brutal marketing,Brutal Marketing,ORG,true
btg,Btg,ORG,true
btg pactual,Btg Pactual,ORG,true
bts,Bts,ORG,true
bts world tour,Bts World Tour,ORG,true
buena vista social club,Buena Vista Social Club,ORG,true
buffalo wings,Buffalo Wings,ORG,true
building markets,Building Markets,ORG,true
buk,Buk,ORG,true
bukz,Bukz,ORG,true
bulería de hoteles estelar,Bulería de Hoteles Estelar,ORG,true
bulevar,Bulevar,ORG,true
bum,Bum,ORG,true
bumanguesa,Bumanguesa,ORG,true
buque gloria,Buque Gloria,ORG,true
buque hospital,Buque Hospital,ORG,true
buque hospital benkos biohó,Buque Hospital Benkos Biohó,ORG,true
bureau veritas,Bureau Veritas,ORG,true
burger king,Burger King,ORG,true
burkina faso,Burkina Faso,LOC,true
burna,Burna,ORG,true
business summit,Business Summit,ORG,true
bvc,Bvc,ORG,true
byd,Byd,ORG,true
byd yuan up,Byd Yuan Up,ORG,true
bytedance,Bytedance,ORG,true
báez cote,Báez Cote,ORG,true
búnker,Búnker,ORG,true
c. constitucional,C. Constitucional,ORG,true
c. democrático,C. Democrático,ORG,true
c5i,C5i,ORG,true
caastle,Caastle,ORG,true
cabaña,Cabaña,ORG,true
cabify,Cabify,ORG,true
cabildante,Cabildante,ORG,true
cable,Cable,ORG,true
cable & wireless,Cable & Wireless,ORG,true
cable aéreo,Cable Aéreo,ORG,true
cacao disidente,Cacao Disidente,ORG,true
cacao hunters,Cacao Hunters,ORG,true
caceis,Caceis,ORG,true
cachipay,Cachipay,ORG,true
cactussana,Cactussana,ORG,true
cade,Cade,ORG,true
cadena radial cnv,Cadena Radial Cnv,ORG,true
cadillacs,Cadillacs,ORG,true
caf,Caf,ORG,true
cafeterito,Cafeterito,ORG,true
cafeterito tarde,Cafeterito Tarde,ORG,true
cafetero duver,Cafetero Duver,ORG,true
cagliari,Cagliari,ORG,true
cai alfonso lópez,Cai Alfonso López,ORG,true
cai gaitana,Cai Gaitana,ORG,true
caimanes,Caimanes,ORG,true
caixabank,Caixabank,ORG,true
caja de compensación,Caja de Compensación,ORG,true
caja de compensación familiar,Caja de Compensación Familiar,ORG,true
caja de la nación,Caja de la Nación,ORG,true
caja honor,Caja Honor,ORG,true
caja rural seguros,Caja Rural Seguros,ORG,true
caja social,Caja Social,ORG,true
cajas,Cajas,ORG,true
cajas de compensación,Cajas de Compensación,ORG,true
cajas de compensación familiar,Cajas de Compensación Familiar,ORG,true
calamari lng,Calamari Lng,ORG,true
calificadora,Calificadora,ORG,true
caliwood,Caliwood,ORG,true
call,Call,ORG,true
call of duty,Call Of Duty,ORG,true
call of duty mobile,Call Of Duty Mobile,ORG,true
cam,Cam,ORG,true
camacol,Camacol,ORG,true
camara de comercio,Cámara de Comercio,ORG,true
camara de comercio de bogota,Cámara de Comercio de Bogotá,ORG,true
camara de representantes,Cámara de Representantes,ORG,true
camará de representantes,Camará de Representantes,ORG,true
cambio radical,Cambio Radical,ORG,true
caminos comunitarios,Caminos Comunitarios,ORG,true
campetrol,Campetrol,ORG,true
camping horizonte,Camping Horizonte,ORG,true
can,Can,ORG,true
canacol,Canacol,ORG,true
canacol energy,Canacol Energy,ORG,true
canadiense goldmining,Canadiense Goldmining,ORG,true
canal 1,Canal 1,ORG,true
canal 1 noticias,Canal 1 Noticias,ORG,true
canal abn,Canal Abn,ORG,true
canal capital,Canal Capital,ORG,true
canal caracol,Canal Caracol,ORG,true
canal cnc,Canal Cnc,ORG,true
canal cnm,Canal Cnm,ORG,true
canal ferretero,Canal Ferretero,ORG,true
canal más televisión,Canal Más Televisión,ORG,true
canal rcn,Canal RCN,ORG,true
canal uno,Canal Uno,ORG,true
canal visión dorada,Canal Visión Dorada,ORG,true
canarinha,Canarinha,ORG,true
cancilleria,Cancillería,ORG,true
cancillería,Cancillería,ORG,true
canica televisión,Canica Televisión,ORG,true
cantón militar,Cantón Militar,ORG,true
cantón militar pichincha,Cantón Militar Pichincha,ORG,true
caparros,Caparros,ORG,true
capel,Capel,ORG,true
capo,Capo,ORG,true
car,Car,ORG,true
carabin3,Carabin3,ORG,true
carabin3 blessd,Carabin3 Blessd,ORG,true
carabineros,Carabineros,ORG,true
carabobo,Carabobo,ORG,true
caracol,Caracol,ORG,true
caracol radio,Caracol Radio,ORG,true
caracol television,Caracol Televisión,ORG,true
caracol televisión,Caracol Televisión,ORG,true
caracol tv,Caracol Tv,ORG,true
caracoli,Caracoli,ORG,true
cardiovascular,Cardiovascular,ORG,true
carf,Carf,ORG,true
cariño nocturno,Cariño Nocturno,ORG,true
carlsberg,Carlsberg,ORG,true
carrefour,Carrefour,ORG,true
carrusel del río,Carrusel del Río,ORG,true
carsucre,Carsucre,ORG,true
cartel de juárez,Cartel de Juárez,ORG,true
cartel de la toga,Cartel de la Toga,ORG,true
cartel de los catalanes,Cartel de los Catalanes,ORG,true
cartel de medellin,Cartel de Medellín,ORG,true
cartel de medellín,Cartel de Medellín,ORG,true
cartel de sinaloa,Cartel de Sinaloa,ORG,true
cartel del golfo,Cartel del Golfo,ORG,true
cartel del llano,Cartel del Llano,ORG,true
cartel jalisco nueva,Cartel Jalisco Nueva,ORG,true
cartel jalisco nueva generación,Cartel Jalisco Nueva Generación,ORG,true
carulla,Carulla,ORG,true
cas,Cas,ORG,true
casa char,Casa Char,ORG,true
casa de la constitución,Casa de la Constitución,ORG,true
casa de la moneda,Casa de la Moneda,ORG,true
casa de los famosos,Casa de los Famosos,ORG,true
casa de narino,Casa de Nariño,ORG,true
casa de nariño,Casa de Nariño,ORG,true
casa de poesía silva,Casa de Poesía Silva,ORG,true
casa de subastas drouot,Casa de Subastas Drouot,ORG,true
casa del artesano,Casa del Artesano,ORG,true
casa del teatro nacional,Casa del Teatro Nacional,ORG,true
casa e,Casa E,ORG,true
casa milagro,Casa Milagro,ORG,true
casa militar,Casa Militar,ORG,true
casa morat,Casa Morat,ORG,true
casa o11ce,Casa O11ce,ORG,true
casa pia,Casa Pia,ORG,true
casa refugio,Casa Refugio,ORG,true
casalimpia,Casalimpia,ORG,true
casaluker,Casaluker,ORG,true
casas bahía,Casas Bahía,ORG,true
casatoro,Casatoro,ORG,true
cascos store,Cascos Store,ORG,true
cascos stores,Cascos Stores,ORG,true
casio,Casio,ORG,true
castlelake,Castlelake,ORG,true
catalitico,Catalitico,ORG,true
catalítico,Catalítico,ORG,true
catar,Catar,LOC,true
cavaliers,Cavaliers,ORG,true
cazetv,Cazetv,ORG,true
caño del oro,Caño del Oro,ORG,true
caño sur,Caño Sur,ORG,true
cb global,Cb Global,ORG,true
cb global consultora,Cb Global Consultora,ORG,true
cb global data,Cb Global Data,ORG,true
cba board,Cba Board,ORG,true
cbs,Cbs,ORG,true
cc andino,Cc Andino,ORG,true
cc sandiego,Cc Sandiego,ORG,true
ccb,Ccb,ORG,true
ccc,Ccc,ORG,true
cci,Cci,ORG,true
ccit,Ccit,ORG,true
cco credibanco,Cco Credibanco,ORG,true
cd,Cd,ORG,true
cdc,Cdc,ORG,true
cdi,Cdi,ORG,true
cdi el dorado,Cdi el Dorado,ORG,true
cdmb,Cdmb,ORG,true
cdo,Cdo,ORG,true
cdt,Cdt,ORG,true
cea,Cea,ORG,true
ceapi,Ceapi,ORG,true
cec,Cec,ORG,true
cede,Cede,ORG,true
ceera,Ceera,ORG,true
ceipa,Ceipa,ORG,true
cej,Cej,ORG,true
celac,Celac,ORG,true
celag,Celag,ORG,true
celebrity,Celebrity,ORG,true
celele,Celele,ORG,true
celpa,Celpa,ORG,true
celsia,Celsia,ORG,true
celta,Celta,ORG,true
celtic,Celtic,ORG,true
celtic de escocia,Celtic de Escocia,ORG,true
cemargos,Cemargos,ORG,true
cemento país,Cemento País,ORG,true
cementos argos,Cementos Argos,ORG,true
cemex,Cemex,ORG,true
cenco malls,Cenco Malls,ORG,true
cencomalls,Cencomalls,ORG,true
cencosud,Cencosud,ORG,true
cencosud shopping,Cencosud Shopping,ORG,true
cenit,Cenit,ORG,true
cens,Cens,ORG,true
cens epm,Cens Epm,ORG,true
cens grupo epm,Cens Grupo Epm,ORG,true
centcom,Centcom,ORG,true
central,Central,ORG,true
central cervecera,Central Cervecera,ORG,true
central ganadera,Central Ganadera,ORG,true
central obrera,Central Obrera,ORG,true
central unitaria de trabajadores,Central Unitaria de Trabajadores,ORG,true
centro andino,Centro Andino,ORG,true
centro carter,Centro Carter,ORG,true
centro comercial,Centro Comercial,ORG,true
centro comercial bulevar niza,Centro Comercial Bulevar Niza,ORG,true
centro comercial cañaveral,Centro Comercial Cañaveral,ORG,true
centro comercial plaza central,Centro Comercial Plaza Central,ORG,true
centro comercial titán plaza,Centro Comercial Titán Plaza,ORG,true
centro de acopio,Centro de Acopio,ORG,true
centro de bienestar,Centro de Bienestar,ORG,true
centro de bienestar animal,Centro de Bienestar Animal,ORG,true
centro de convenciones,Centro de Convenciones,ORG,true
centro de experiencia,Centro de Experiencia,ORG,true
centro de innovación,Centro de Innovación,ORG,true
centro de integración ciudadana,Centro de Integración Ciudadana,ORG,true
centro de monitoreo,Centro de Monitoreo,ORG,true
centro de operaciones de ciberseguridad,Centro de Operaciones de Ciberseguridad,ORG,true
centro de prevención y salvamento minero,Centro de Prevención y Salvamento Minero,ORG,true
centro de salud,Centro de Salud,ORG,true
centro de servicios globales,Centro de Servicios Globales,ORG,true
centro de traslado por protección,Centro de Traslado Por Protección,ORG,true
centro de vida,Centro de Vida,ORG,true
centro democratico,Centro Democrático,ORG,true
centro democrático,Centro Democrático,ORG,true
centro felicidad,Centro Felicidad,ORG,true
centro internacional para la justicia transicional,Centro Internacional Para la Justicia Transicional,ORG,true
centro internacional tequendama,Centro Internacional Tequendama,ORG,true
centro local de análisis criminal,Centro Local de Análisis Criminal,ORG,true
centro memoria,Centro Memoria,ORG,true
centro mosca soldado negra,Centro Mosca Soldado Negra,ORG,true
centro musical sinfónico lleras,Centro Musical Sinfónico Lleras,ORG,true
centro nacional de memoria histórica,Centro Nacional de Memoria Histórica,ORG,true
centro nacional sobre el terrorismo,Centro Nacional Sobre el Terrorismo,ORG,true
centro regional de atención a víctimas,Centro Regional de Atención A Víctimas,ORG,true
centros de administración local integrada,Centros de Administración Local Integrada,ORG,true
centros de desarrollo infantil,Centros de Desarrollo Infantil,ORG,true
centros de diagnóstico automotor,Centros de Diagnóstico Automotor,ORG,true
centros de interés en ciencia,Centros de Interés en Ciencia,ORG,true
centros de vida del distrito,Centros de Vida del Distrito,ORG,true
centros poblados,Centros Poblados,ORG,true
cepal,Cepal,ORG,true
cerac,Cerac,ORG,true
cerave,Cerave,ORG,true
cerosetenta,Cerosetenta,ORG,true
cerrejón,Cerrejón,ORG,true
cerrem,Cerrem,ORG,true
cerro porteño,Cerro Porteño,ORG,true
cesa,Cesa,ORG,true
cesde,Cesde,ORG,true
cese,Cese,ORG,true
cesu,Cesu,ORG,true
cfa,Cfa,ORG,true
cfa cooperativa financiera,Cfa Cooperativa Financiera,ORG,true
cfc,Cfc,ORG,true
cfi financial group,Cfi Financial Group,ORG,true
cftc,Cftc,ORG,true
cg semi,Cg Semi,ORG,true
cgsm,Cgsm,ORG,true
cgt,Cgt,ORG,true
champeta,Champeta,ORG,true
champions league,Champions League,ORG,true
chance,Chance,ORG,true
chancleta,Chancleta,ORG,true
chanel,Chanel,ORG,true
changan,Changan,ORG,true
chapecoense,Chapecoense,ORG,true
chapitos,Chapitos,ORG,true
charco,Charco,ORG,true
charlie zaa,Charlie Zaa,PER,true
charry solano,Charry Solano,ORG,true
chat gpt,Chat Gpt,ORG,true
chatgpt,Chatgpt,ORG,true
chavismo,Chavismo,ORG,true
chec,Chec,ORG,true
checa,Checa,ORG,true
chelsea,Chelsea,ORG,true
chery,Chery,ORG,true
chevrolet,Chevrolet,ORG,true
chevrolet sonic,Chevrolet Sonic,ORG,true
chevrolet spark,Chevrolet Spark,ORG,true
chevron,Chevron,ORG,true
chevyplan,Chevyplan,ORG,true
chicago bulls,Chicago Bulls,ORG,true
chicamocha,Chicamocha,ORG,true
chicó,Chicó,ORG,true
chicó navarra,Chicó Navarra,ORG,true
chilena cencosud,Chilena Cencosud,ORG,true
chilena codelco,Chilena Codelco,ORG,true
chimá,Chimá,ORG,true
chipirón,Chipirón,ORG,true
chipotle,Chipotle,ORG,true
chiquita brands,Chiquita Brands,ORG,true
chiquito malo,Chiquito Malo,PER,true
chivos,Chivos,ORG,true
chocolate corona,Chocolate Corona,ORG,true
chrome,Chrome,ORG,true
chubb,Chubb,ORG,true
cia,Cia,ORG,true
ciadi,Ciadi,ORG,true
ciarc,Ciarc,ORG,true
cibeles,Cibeles,ORG,true
cibest capital,Cibest Capital,ORG,true
cica life,Cica Life,ORG,true
ciclovía,Ciclovía,ORG,true
cidh,Cidh,ORG,true
ciec,Ciec,ORG,true
cielito drive,Cielito Drive,ORG,true
cielo rojo,Cielo Rojo,ORG,true
cienciano,Cienciano,ORG,true
ciencuadras,Ciencuadras,ORG,true
científicas,Científicas,ORG,true
cies,Cies,ORG,true
cifuentes villa,Cifuentes Villa,ORG,true
cige guayabal,Cige Guayabal,ORG,true
cimet,Cimet,ORG,true
cinemateca,Cinemateca,ORG,true
cipe,Cipe,ORG,true
circle,Circle,ORG,true
circo hermanos gasca,Circo Hermanos Gasca,ORG,true
circuito pony malta,Circuito Pony Malta,ORG,true
circular azul,Circular Azul,ORG,true
cisco,Cisco,ORG,true
citadel,Citadel,ORG,true
citadel securities,Citadel Securities,ORG,true
citgo,Citgo,ORG,true
citi,Citi,ORG,true
citigroup,Citigroup,ORG,true
citius,Citius,ORG,true
city,City,ORG,true
citynoticias,Citynoticias,ORG,true
citytv,Citytv,ORG,true
ciu,Ciu,ORG,true
ciudad solar,Ciudad Solar,ORG,true
cjl,Cjl,ORG,true
cjng,Cjng,ORG,true
ckt global,Ckt Global,ORG,true
clai payments,Clai Payments,ORG,true
clan,Clan,ORG,true
clan caicedo,Clan Caicedo,ORG,true
clan calle,Clan Calle,ORG,true
clan cotes,Clan Cotes,ORG,true
clan de golfo,Clan de Golfo,ORG,true
clan del golfo,Clan del Golfo,ORG,true
clan el golfo,Clan el Golfo,ORG,true
clan nasser arana,Clan Nasser Arana,ORG,true
clarity,Clarity,ORG,true
clark,Clark,ORG,true
claro,Claro,ORG,true
claro empresas,Claro Empresas,ORG,true
claro music,Claro Music,ORG,true
claro music hall,Claro Music Hall,ORG,true
claroscuro digital,Claroscuro Digital,ORG,true
claud ai,Claud Ai,ORG,true
cleveland cavaliers,Cleveland Cavaliers,ORG,true
clic,Clic,ORG,true
clic air,Clic Air,ORG,true
climate central,Climate Central,ORG,true
clown,Clown,ORG,true
club crp,Club Crp,ORG,true
club de la excelencia,Club de la Excelencia,ORG,true
club del don,Club del Don,ORG,true
club el nogal,Club el Nogal,ORG,true
club internacional del café,Club Internacional del Café,ORG,true
club llaneros,Club Llaneros,ORG,true
club noel,Club Noel,ORG,true
club plateado,Club Plateado,ORG,true
clínica bolivariana,Clínica Bolivariana,ORG,true
clínica ces,Clínica Ces,ORG,true
clínica club noel,Clínica Club Noel,ORG,true
clínica crecer,Clínica Crecer,ORG,true
clínica del country,Clínica del Country,ORG,true
clínica del norte,Clínica del Norte,ORG,true
clínica del prado,Clínica del Prado,ORG,true
clínica foscal,Clínica Foscal,ORG,true
clínica general,Clínica General,ORG,true
clínica higea,Clínica Higea,ORG,true
clínica imbanaco,Clínica Imbanaco,ORG,true
clínica infantil colsubsidio,Clínica Infantil Colsubsidio,ORG,true
clínica los remansos,Clínica los Remansos,ORG,true
clínica láser surgical,Clínica Láser Surgical,ORG,true
clínica medicadiz,Clínica Medicadiz,ORG,true
clínica santa sofía,Clínica Santa Sofía,ORG,true
clínica shaio,Clínica Shaio,ORG,true
clínica soma,Clínica Soma,ORG,true
clínica somer,Clínica Somer,ORG,true
clínica universitaria bolivariana,Clínica Universitaria Bolivariana,ORG,true
clínica versalles,Clínica Versalles,ORG,true
clúster andino,Clúster Andino,ORG,true
clúster del café,Clúster del Café,ORG,true
cma cgm,Cma Cgm,ORG,true
cme,Cme,ORG,true
cnc,Cnc,ORG,true
cnc valledupar,Cnc Valledupar,ORG,true
cne,Cne,ORG,true
cneb,Cneb,ORG,true
cnn,Cnn,ORG,true
cno-gas,Cno-gas,ORG,true
cnp,Cnp,ORG,true
cnpe,Cnpe,ORG,true
cnsc,Cnsc,ORG,true
coagronorte,Coagronorte,ORG,true
coalición,Coalición,ORG,true
coalición de las américas contra los carteles,Coalición de las Américas Contra los Carteles,ORG,true
coalición de los voluntarios,Coalición de los Voluntarios,ORG,true
coalición del verde,Coalición del Verde,ORG,true
coca codo,Coca Codo,ORG,true
coca cola,Coca Cola,ORG,true
coca-cola,Coca-cola,ORG,true
cocrea,Cocrea,ORG,true
codeba,Codeba,ORG,true
codelco,Codelco,ORG,true
codensa,Codensa,ORG,true
codiscos,Codiscos,ORG,true
coffee master,Coffee Master,ORG,true
coho,Coho,ORG,true
coi,Coi,ORG,true
col 33,Col 33,ORG,true
colanta,Colanta,ORG,true
colboy,Colboy,ORG,true
colcafé,Colcafé,ORG,true
colcap,Colcap,ORG,true
colcapital,Colcapital,ORG,true
colchones pullman,Colchones Pullman,ORG,true
coldplay,Coldplay,ORG,true
colegio biffi la salle,Colegio Biffi la Salle,ORG,true
colegio camilo torres,Colegio Camilo Torres,ORG,true
colegio de floridablanca,Colegio de Floridablanca,ORG,true
colegio de juristas,Colegio de Juristas,ORG,true
colegio gimnasio los laureles,Colegio Gimnasio los Laureles,ORG,true
colegio inem,Colegio Inem,ORG,true
colegio las margaritas ied,Colegio las Margaritas Ied,ORG,true
colegio marymount,Colegio Marymount,ORG,true
colegio municipal,Colegio Municipal,ORG,true
colegio médico,Colegio Médico,ORG,true
colegio refous,Colegio Refous,ORG,true
colegio rodrigo de triana,Colegio Rodrigo de Triana,ORG,true
colegio san bartolomé,Colegio San Bartolomé,ORG,true
colegio sierra morena,Colegio Sierra Morena,ORG,true
colegio tecnológico,Colegio Tecnológico,ORG,true
colfondos,Colfondos,ORG,true
colfuturo,Colfuturo,ORG,true
colgas,Colgas,ORG,true
coliseo de ferias miguel villamil muñoz,Coliseo de Ferias Miguel Villamil Muñoz,ORG,true
coliseo edmundo luna,Coliseo Edmundo Luna,ORG,true
coliseo iván,Coliseo Iván,ORG,true
coljuegos,Coljuegos,ORG,true
collahuasi,Collahuasi,ORG,true
colo colo,Colo Colo,ORG,true
colo-colo,Colo-colo,ORG,true
colombiamoda,Colombiamoda,ORG,true
colombina,Colombina,ORG,true
colombo,Colombo,ORG,true
colonia,Colonia,ORG,true
colonia colombiana,Colonia Colombiana,ORG,true
colorloto hoy,Colorloto Hoy,ORG,true
colorín,Colorín,ORG,true
colossal biosciences,Colossal Biosciences,ORG,true
colpensiones,Colpensiones,ORG,true
colsubsidio,Colsubsidio,ORG,true
coltefinanciera,Coltefinanciera,ORG,true
coltel,Coltel,ORG,true
columna,Columna,ORG,true
columna carlos,Columna Carlos,ORG,true
com,Com,ORG,true
comando 8,Comando 8,ORG,true
comando central,Comando Central,ORG,true
comando de ingenieros,Comando de Ingenieros,ORG,true
comando sur,Comando Sur,ORG,true
comando vermelho,Comando Vermelho,ORG,true
comandos de frontera,Comandos de Frontera,ORG,true
comandos jungla,Comandos Jungla,ORG,true
comcast,Comcast,ORG,true
comercial card,Comercial Card,ORG,true
comestibles ricos,Comestibles Ricos,ORG,true
comfachocó,Comfachocó,ORG,true
comfaguajira,Comfaguajira,ORG,true
comfama,Comfama,ORG,true
comfamiliar atlantico,Comfamiliar Atlántico,ORG,true
comfamiliar atlántico,Comfamiliar Atlántico,ORG,true
comfamiliar risaralda,Comfamiliar Risaralda,ORG,true
comfamliar,Comfamliar,ORG,true
comfanorte,Comfanorte,ORG,true
comfatolima,Comfatolima,ORG,true
comfenalco,Comfenalco,ORG,true
comfenalco antioquia,Comfenalco Antioquia,ORG,true
comic,Comic,ORG,true
comisaría de familia móvil,Comisaría de Familia Móvil,ORG,true
comision de acusacion,Comisión de Acusación,ORG,true
comision de acusaciones,Comisión de Acusaciones,ORG,true
comision europea,Comisión Europea,ORG,true
comisiones económicas,Comisiones Económicas,ORG,true
comisión accidental,Comisión Accidental,ORG,true
comisión accidental de salud,Comisión Accidental de Salud,ORG,true
comisión accidental para la agenda tic,Comisión Accidental Para la Agenda Tic,ORG,true
comisión arbitral,Comisión Arbitral,ORG,true
comisión de acusaciones,Comisión de Acusaciones,ORG,true
comisión de acusación,Comisión de Acusación,ORG,true
comisión de acusación de la cámara,Comisión de Acusación de la Cámara,ORG,true
comisión de crédito público,Comisión de Crédito Público,ORG,true
comisión de disciplina,Comisión de Disciplina,ORG,true
comisión de género de la rama judicial,Comisión de Género de la Rama Judicial,ORG,true
comisión de investigación y acusación de la cámara,Comisión de Investigación y Acusación de la Cámara,ORG,true
comisión de la rama judicial,Comisión de la Rama Judicial,ORG,true
comisión de la verdad,Comisión de la Verdad,ORG,true
comisión de moralización,Comisión de Moralización,ORG,true
comisión de ordenamiento territorial,Comisión de Ordenamiento Territorial,ORG,true
comisión de presupuesto,Comisión de Presupuesto,ORG,true
comisión de regulación de comunicaciones,Comisión de Regulación de Comunicaciones,ORG,true
comisión de salas independientes,Comisión de Salas Independientes,ORG,true
comisión de tránsito,Comisión de Tránsito,ORG,true
comisión de ética del coi,Comisión de Ética del Coi,ORG,true
comisión escrutadora nacional,Comisión Escrutadora Nacional,ORG,true
comisión europea,Comisión Europea,ORG,true
comisión interamericana,Comisión Interamericana,ORG,true
comisión nacional de disciplina judicial,Comisión Nacional de Disciplina Judicial,ORG,true
comisión nacional de empalme,Comisión Nacional de Empalme,ORG,true
comisión nacional de garantías electorales,Comisión Nacional de Garantías Electorales,ORG,true
comisión primera de la cámara,Comisión Primera de la Cámara,ORG,true
comisión rectora del sgr,Comisión Rectora del Sgr,ORG,true
comisión sexta de la cámara,Comisión Sexta de la Cámara,ORG,true
comisión séptima,Comisión Séptima,ORG,true
comisión tercera de la cámara,Comisión Tercera de la Cámara,ORG,true
comite santurban,Comite Santurban,ORG,true
comité autónomo de la regla fiscal,Comité Autónomo de la Regla Fiscal,ORG,true
comité curatorial,Comité Curatorial,ORG,true
comité de autoridades de tránsito,Comité de Autoridades de Tránsito,ORG,true
comité de bienestar,Comité de Bienestar,ORG,true
comité de cafeteros,Comité de Cafeteros,ORG,true
comité de control al tráfico ilegal de fauna y flora silvestres,Comité de Control Al Tráfico Ilegal de Fauna y Flora Silvestres,ORG,true
comité de convivencia del concejo,Comité de Convivencia del Concejo,ORG,true
comité de evaluación de riesgo,Comité de Evaluación de Riesgo,ORG,true
comité de expertos para la 13,Comité de Expertos Para la 13,ORG,true
comité de la regla fiscal,Comité de la Regla Fiscal,ORG,true
comité de paz,Comité de Paz,ORG,true
comité de regla fiscal,Comité de Regla Fiscal,ORG,true
comité de sabios,Comité de Sabios,ORG,true
comité de salud mental,Comité de Salud Mental,ORG,true
comité de santurbán,Comité de Santurbán,ORG,true
comité de seguimiento,Comité de Seguimiento,ORG,true
comité departamental de discapacidad,Comité Departamental de Discapacidad,ORG,true
comité distrital de infancia y adolescencia,Comité Distrital de Infancia y Adolescencia,ORG,true
comité ejecutivo de la federación,Comité Ejecutivo de la Federación,ORG,true
comité gremial de trabajadores de la frontera,Comité Gremial de Trabajadores de la Frontera,ORG,true
comité intergremial de caldas,Comité Intergremial de Caldas,ORG,true
comité municipal lgbtiq,Comité Municipal Lgbtiq,ORG,true
comité nacional,Comité Nacional,ORG,true
comité nacional para el manejo de desastres,Comité Nacional Para el Manejo de Desastres,ORG,true
comité nacional para manejo de desastres,Comité Nacional Para Manejo de Desastres,ORG,true
comité no más peaje,Comité No Más Peaje,ORG,true
comité no más peajes,Comité No Más Peajes,ORG,true
comité olímpico colombiano,Comité Olímpico Colombiano,ORG,true
comité para la ix,Comité Para la Ix,ORG,true
comité paralímpico colombiano,Comité Paralímpico Colombiano,ORG,true
comité promotor de la constituyente,Comité Promotor de la Constituyente,ORG,true
comité promotor palenque municipio,Comité Promotor Palenque Municipio,ORG,true
comité santurbán,Comité Santurbán,ORG,true
comité seccional de arquitectura social estratégica,Comité Seccional de Arquitectura Social Estratégica,ORG,true
commerzbank,Commerzbank,ORG,true
community shield,Community Shield,ORG,true
como 1907,Como 1907,ORG,true
compañía de acero del pacífico,Compañía de Acero del Pacífico,ORG,true
compañía nacional de chocolates,Compañía Nacional de Chocolates,ORG,true
compensar,Compensar,ORG,true
complejo,Complejo,ORG,true
compra eficiente,Compra Eficiente,ORG,true
compromisario,Compromisario,ORG,true
compumax,Compumax,ORG,true
computadores para educar,Computadores Para Educar,ORG,true
comuna 3,Comuna 3,ORG,true
comuneros del sur,Comuneros del Sur,ORG,true
comunes,Comunes,ORG,true
comunidad andina,Comunidad Andina,ORG,true
comunidad de alto campestre,Comunidad de Alto Campestre,ORG,true
comunidad de chicó,Comunidad de Chicó,ORG,true
comunidad de el trébol,Comunidad de el Trébol,ORG,true
comunidad de la campiña,Comunidad de la Campiña,ORG,true
comunidad de la miel,Comunidad de la Miel,ORG,true
comunidad de los caracoles,Comunidad de los Caracoles,ORG,true
comunidad de moniquirá,Comunidad de Moniquirá,ORG,true
comunidad de petecuy ii,Comunidad de Petecuy Ii,ORG,true
comunidad de taganga,Comunidad de Taganga,ORG,true
comunidad del externado,Comunidad del Externado,ORG,true
comunidad embera chamí,Comunidad Embera Chamí,ORG,true
comunidad lgbtiq,Comunidad Lgbtiq,ORG,true
comunidad misak,Comunidad Misak,ORG,true
con cora,Con Cora,ORG,true
conacti,Conacti,ORG,true
conatel,Conatel,ORG,true
concacaf,Concacaf,ORG,true
concejo de bogotá,Concejo de Bogotá,ORG,true
concejo de cali,Concejo de Cali,ORG,true
concejo de campamento,Concejo de Campamento,ORG,true
concejo de cucaita,Concejo de Cucaita,ORG,true
concejo de medellin,Concejo de Medellín,ORG,true
concejo de melgar,Concejo de Melgar,ORG,true
concejo de neiva,Concejo de Neiva,ORG,true
concejo de paipa,Concejo de Paipa,ORG,true
concejo de rivera,Concejo de Rivera,ORG,true
concejo de sincelejo,Concejo de Sincelejo,ORG,true
concejo distrital,Concejo Distrital,ORG,true
concha acústica,Concha Acústica,ORG,true
concierto de conciertos,Concierto de Conciertos,ORG,true
conconcreto,Conconcreto,ORG,true
concorde,Concorde,ORG,true
concreto,Concreto,ORG,true
concretos argos,Concretos Argos,ORG,true
concretos argos s.a.s,Concretos Argos S.a.s,ORG,true
conejo malo,Conejo Malo,ORG,true
conexión centro,Conexión Centro,ORG,true
confecaucho,Confecaucho,ORG,true
confecciones la montaña,Confecciones la Montaña,ORG,true
confecoop,Confecoop,ORG,true
confederación africana de fútbol,Confederación Africana de Fútbol,ORG,true
confederación asiática,Confederación Asiática,ORG,true
confederación de comunidades judías,Confederación de Comunidades Judías,ORG,true
confederación nacional de minería,Confederación Nacional de Minería,ORG,true
conferencia,Conferencia,ORG,true
confiar cooperativa financiera,Confiar Cooperativa Financiera,ORG,true
confiman,Confiman,ORG,true
congos,Congos,ORG,true
congreso de la republica,Congreso de la República,ORG,true
coninsa,Coninsa,ORG,true
conmebol,Conmebol,ORG,true
conocophillips,Conocophillips,ORG,true
conpes,Conpes,ORG,true
consejería de paz,Consejería de Paz,ORG,true
consejería presidencial para las regiones,Consejería Presidencial Para las Regiones,ORG,true
consejo académico,Consejo Académico,ORG,true
consejo académico de u. cesar,Consejo Académico de U. Cesar,ORG,true
consejo académico de univalle,Consejo Académico de Univalle,ORG,true
consejo colombiano de seguridad,Consejo Colombiano de Seguridad,ORG,true
consejo de administración,Consejo de Administración,ORG,true
consejo de administración del metro bank de londres,Consejo de Administración del Metro Bank de Londres,ORG,true
consejo de contralores,Consejo de Contralores,ORG,true
consejo de empresas americanas,Consejo de Empresas Americanas,ORG,true
consejo de estado,Consejo de Estado,ORG,true
consejo de indra,Consejo de Indra,ORG,true
consejo de la judicatura,Consejo de la Judicatura,ORG,true
consejo de ministros,Consejo de Ministros,ORG,true
consejo de seguridad de la onu,Consejo de Seguridad de la ONU,ORG,true
consejo de unicesar,Consejo de Unicesar,ORG,true
consejo del fondo para el medio ambiente mundial,Consejo del Fondo Para el Medio Ambiente Mundial,ORG,true
consejo departamental de turismo,Consejo Departamental de Turismo,ORG,true
consejo departamental de veteranos,Consejo Departamental de Veteranos,ORG,true
consejo directivo,Consejo Directivo,ORG,true
consejo directivo de asoportuaria,Consejo Directivo de Asoportuaria,ORG,true
consejo directivo de comfenalco,Consejo Directivo de Comfenalco,ORG,true
consejo distrital de vendedores informales,Consejo Distrital de Vendedores Informales,ORG,true
consejo electoral,Consejo Electoral,ORG,true
consejo gremial,Consejo Gremial,ORG,true
consejo municipal,Consejo Municipal,ORG,true
consejo nacional de contralores,Consejo Nacional de Contralores,ORG,true
consejo nacional de gestión del riesgo,Consejo Nacional de Gestión del Riesgo,ORG,true
consejo nacional de patrimonio,Consejo Nacional de Patrimonio,ORG,true
consejo nacional de paz,Consejo Nacional de Paz,ORG,true
consejo nacional electoral,Consejo Nacional Electoral,ORG,true
consejo superior,Consejo Superior,ORG,true
consejo superior de la judicatura,Consejo Superior de la Judicatura,ORG,true
consejo superior de la u. popular del cesar,Consejo Superior de la U. Popular del Cesar,ORG,true
consejo superior de la udea,Consejo Superior de la Udea,ORG,true
consejo superior de la unal,Consejo Superior de la Unal,ORG,true
consejo superior de la uniatlántico,Consejo Superior de la Uniatlántico,ORG,true
consejo superior de la universidad del cesar,Consejo Superior de la Universidad del Cesar,ORG,true
consejo superior de la universidad popular del cesar,Consejo Superior de la Universidad Popular del Cesar,ORG,true
consejo superior de uniatlántico,Consejo Superior de Uniatlántico,ORG,true
consejo superior de unicórdoba,Consejo Superior de Unicórdoba,ORG,true
consejo superior notarial,Consejo Superior Notarial,ORG,true
consejo superior universiario,Consejo Superior Universiario,ORG,true
consejo superior universitario,Consejo Superior Universitario,ORG,true
consejo superior universitario de la universidad del cesar,Consejo Superior Universitario de la Universidad del Cesar,ORG,true
consejo superior universitario de la universidad popular del cesar,Consejo Superior Universitario de la Universidad Popular del Cesar,ORG,true
conservadores,Conservadores,ORG,true
conservatorio de música adolfo mejía,Conservatorio de Música Adolfo Mejía,ORG,true
consorcio express,Consorcio Express,ORG,true
constitucional,Constitucional,ORG,true
construcciones planificadas,Construcciones Planificadas,ORG,true
constructora,Constructora,ORG,true
constructora caterpillar,Constructora Caterpillar,ORG,true
constructora cii,Constructora Cii,ORG,true
constructora el cóndor,Constructora el Cóndor,ORG,true
constructora el roble,Constructora el Roble,ORG,true
constructora meléndez,Constructora Meléndez,ORG,true
constructoras,Constructoras,ORG,true
consulado,Consulado,ORG,true
consulado de miami,Consulado de Miami,ORG,true
consulados,Consulados,ORG,true
consultia,Consultia,ORG,true
contactar,Contactar,ORG,true
contadia,Contadia,ORG,true
contienda,Contienda,ORG,true
continental,Continental,ORG,true
continente s.a.s,Continente S.a.s,ORG,true
contract,Contract,ORG,true
contract workplaces,Contract Workplaces,ORG,true
contraloria,Contraloria,ORG,true
contraloria general,Contraloría General,ORG,true
contraloría general,Contraloría General,ORG,true
control urbano,Control Urbano,ORG,true
controles empresariales,Controles Empresariales,ORG,true
coolitoral,Coolitoral,ORG,true
coomeva,Coomeva,ORG,true
coopcentral,Coopcentral,ORG,true
coopebombas,Coopebombas,ORG,true
cooperativa de caficultores de andes,Cooperativa de Caficultores de Andes,ORG,true
cooperativa velotax,Cooperativa Velotax,ORG,true
cooperativas,Cooperativas,ORG,true
coordinadora bolivariana,Coordinadora Bolivariana,ORG,true
coordinadora nacional,Coordinadora Nacional,ORG,true
coordinara nacional,Coordinara Nacional,ORG,true
coosalud,Coosalud,ORG,true
coosalud eps,Coosalud EPS,ORG,true
copa airlines,Copa Airlines,ORG,true
copa betplay,Copa BetPlay,ORG,true
copamex music tv,Copamex Music Tv,ORG,true
copart,Copart,ORG,true
copetran,Copetran,ORG,true
copnia,Copnia,ORG,true
copppal,Copppal,ORG,true
copservir,Copservir,ORG,true
coquimbo,Coquimbo,ORG,true
coquimbo unido,Coquimbo Unido,ORG,true
coral,Coral,ORG,true
corales,Corales,ORG,true
corantioquia,Corantioquia,ORG,true
corbatín,Corbatín,ORG,true
corea,Corea,LOC,true
corea del norte,Corea del Norte,LOC,true
coreweave,Coreweave,ORG,true
corfecali,Corfecali,ORG,true
corferias,Corferias,ORG,true
corficolombiana,Corficolombiana,ORG,true
cori,Cori,ORG,true
corinthians,Corinthians,ORG,true
cormagdalena,Cormagdalena,ORG,true
corona,Corona,ORG,true
corona industrial,Corona Industrial,ORG,true
corpamag,Corpamag,ORG,true
corpoamazonia,Corpoamazonia,ORG,true
corpoboyacá,Corpoboyacá,ORG,true
corpocaldas,Corpocaldas,ORG,true
corpocesar,Corpocesar,ORG,true
corpochivor,Corpochivor,ORG,true
corponor,Corponor,ORG,true
corporación,Corporación,ORG,true
corporación autónoma regional de los valles del sinú,Corporación Autónoma Regional de los Valles del Sinú,ORG,true
corporación el minuto de dios,Corporación el Minuto de Dios,ORG,true
corporación eleggua,Corporación Eleggua,ORG,true
corporación excelencia en la justicia,Corporación Excelencia en la Justicia,ORG,true
corporación g50,Corporación G50,ORG,true
corporación para el control social,Corporación Para el Control Social,ORG,true
corporación rosa blanca,Corporación Rosa Blanca,ORG,true
corporeddeh,Corporeddeh,ORG,true
corpoturismo,Corpoturismo,ORG,true
corpovalle,Corpovalle,ORG,true
correos,Correos,ORG,true
corte constitucional,Corte Constitucional,ORG,true
corte penal internacional,Corte Penal Internacional,ORG,true
corte suprema,Corte Suprema,ORG,true
corte suprema de ee. uu,Corte Suprema de EE. UU,ORG,true
corte suprema de justicia,Corte Suprema de Justicia,ORG,true
corté,Corte,ORG,true
corum fc,Corum Fc,ORG,true
corvivienda,Corvivienda,ORG,true
cosculluela,Cosculluela,ORG,true
coss,Coss,ORG,true
costacero,Costacero,ORG,true
costco,Costco,ORG,true
costeños,Costeños,ORG,true
cotecmar,Cotecmar,ORG,true
cotelco,Cotelco,ORG,true
cotoprix,Cotoprix,ORG,true
country club,Country Club,ORG,true
coursera,Coursera,ORG,true
coventry,Coventry,ORG,true
covid,Covid,ORG,true
covid-19,Covid-19,ORG,true
cox group,Cox Group,ORG,true
cpb,Cpb,ORG,true
cpi,Cpi,ORG,true
cra,Cra,ORG,true
crack,Crack,ORG,true
crc,Crc,ORG,true
creaia,Creaia,ORG,true
credicorp,Credicorp,ORG,true
credicorp capital,Credicorp Capital,ORG,true
credicorp capital fiduciaria,Credicorp Capital Fiduciaria,ORG,true
credifamilia,Credifamilia,ORG,true
credit suisse,Credit Suisse,ORG,true
cree,Cree,ORG,true
creemos,Creemos,ORG,true
creg,Creg,ORG,true
cremonese,Cremonese,ORG,true
cric,Cric,ORG,true
crop science,Crop Science,ORG,true
cropper,Cropper,ORG,true
crossover energy,Crossover Energy,ORG,true
crowdfunding,Crowdfunding,ORG,true
croydon,Croydon,ORG,true
crunchyroll,Crunchyroll,ORG,true
cruz azul,Cruz Azul,ORG,true
cruz roja,Cruz Roja,ORG,true
cruzeiro,Cruzeiro,ORG,true
crystal palace,Crystal Palace,ORG,true
crystallex,Crystallex,ORG,true
crédito público,Crédito Público,ORG,true
cst,Cst,ORG,true
csu,Csu,ORG,true
cti,Cti,ORG,true
ctic,Ctic,ORG,true
cuadrilla del alcalde,Cuadrilla del Alcalde,ORG,true
cuatro cocina cocina,Cuatro Cocina Cocina,ORG,true
cuatro fantásticos,Cuatro Fantásticos,ORG,true
cuc,Cuc,ORG,true
cucambas,Cucambas,ORG,true
cueros vélez,Cueros Vélez,ORG,true
cuerpo de bomberos,Cuerpo de Bomberos,ORG,true
cuerpo de paz,Cuerpo de Paz,ORG,true
cuerpo internacional de observación electoral,Cuerpo Internacional de Observación Electoral,ORG,true
cuidar la democracia,Cuidar la Democracia,ORG,true
culotauro,Culotauro,PER,true
cult of the lamb,Cult Of The Lamb,ORG,true
cultura profética,Cultura Profética,ORG,true
cupet,Cupet,ORG,true
cupra,Cupra,ORG,true
curador club social,Curador Club Social,ORG,true
curití,Curití,ORG,true
cursor,Cursor,ORG,true
curval,Curval,ORG,true
cusco fc,Cusco Fc,ORG,true
cusiana,Cusiana,ORG,true
cut,Cut,ORG,true
cv,Cv,ORG,true
cvc,Cvc,ORG,true
cxmt,Cxmt,ORG,true
cyberpunk edgerunners 2,Cyberpunk Edgerunners 2,ORG,true
cypress hill,Cypress Hill,ORG,true
cámara colombiana de infraestructura,Cámara Colombiana de Infraestructura,ORG,true
cámara colombiana de la infraestructura,Cámara Colombiana de la Infraestructura,ORG,true
cámara colombo,Cámara Colombo,ORG,true
cámara colombo americana,Cámara Colombo Americana,ORG,true
cámara colombo americana de miami,Cámara Colombo Americana de Miami,ORG,true
cámara colombo ecuatoriana,Cámara Colombo Ecuatoriana,ORG,true
cámara colombo venezolana,Cámara Colombo Venezolana,ORG,true
cámara de comercio,Cámara de Comercio,ORG,true
cámara de diputados,Cámara de Diputados,ORG,true
cámara de infraestructura,Cámara de Infraestructura,ORG,true
cámara de la confección,Cámara de la Confección,ORG,true
cámara de la energía,Cámara de la Energía,ORG,true
cámara de la industria automotriz,Cámara de la Industria Automotriz,ORG,true
cámara de productores de acero de la andi,Cámara de Productores de Acero de la Andi,ORG,true
cámara de representante,Cámara de Representante,ORG,true
cámara de representantes,Cámara de Representantes,ORG,true
cámara del cesar,Cámara del Cesar,ORG,true
cámara del libro,Cámara del Libro,ORG,true
cámaras de comercio,Cámaras de Comercio,ORG,true
cárcel de mujeres,Cárcel de Mujeres,ORG,true
cárcel el bosque,Cárcel el Bosque,ORG,true
cáritas,Cáritas,ORG,true
cártel de los reyes,Cártel de los Reyes,ORG,true
cártel de sinaloa,Cártel de Sinaloa,ORG,true
cártel jalisco,Cártel Jalisco,ORG,true
cártel jalisco nueva generación,Cártel Jalisco Nueva Generación,ORG,true
círculo de mujeres,Círculo de Mujeres,ORG,true
círculo de mujeres semana dinero,Círculo de Mujeres Semana Dinero,ORG,true
d mon,D Mon,ORG,true
d1,D1,ORG,true
d4vd,D4vd,ORG,true
dadep,Dadep,ORG,true
dadis,Dadis,ORG,true
daflores.com,Daflores.com,ORG,true
dagma,Dagma,ORG,true
dagran,Dagran,ORG,true
daily cop,Daily Cop,ORG,true
daily mail,Daily Mail,ORG,true
dalca,Dalca,ORG,true
dale,Dale,ORG,true
dallas fc,Dallas Fc,ORG,true
dane,Dane,ORG,true
danone,Danone,ORG,true
danone nutricia,Danone Nutricia,ORG,true
dapre,Dapre,ORG,true
das,Das,ORG,true
datacrédito,Datacrédito,ORG,true
datacrédito experian,Datacrédito Experian,ORG,true
dataland,Dataland,ORG,true
datic,Datic,ORG,true
datt,Datt,ORG,true
davibank,Davibank,ORG,true
davivienda group,Davivienda Group,ORG,true
day,Day,ORG,true
dazn,Dazn,ORG,true
dc,Dc,ORG,true
dc cómics,Dc Cómics,ORG,true
dd. hh,Dd. Hh,ORG,true
dd.hh,Dd.hh,ORG,true
ddhh,Ddhh,ORG,true
de agricultura,De Agricultura,ORG,true
de cristo,De Cristo,ORG,true
de departamentos,De Departamentos,ORG,true
de educación,De Educación,ORG,true
de emisoras,De Emisoras,ORG,true
de entrenamiento,De Entrenamiento,ORG,true
de fomag,De Fomag,ORG,true
de justicia,De Justicia,ORG,true
de la nada,De la Nada,ORG,true
de la solidaridad,De la Solidaridad,ORG,true
de las regalías,De las Regalías,ORG,true
de los famosos,De los Famosos,ORG,true
de los patriotas,De los Patriotas,ORG,true
de observación,De Observación,ORG,true
de paul,De Paul,ORG,true
de servicio,De Servicio,ORG,true
de sociedades,De Sociedades,ORG,true
de yanaconas,De Yanaconas,ORG,true
dea,Dea,ORG,true
deadpool,Deadpool,ORG,true
decart ai,Decart Ai,ORG,true
decathlon,Decathlon,ORG,true
decepaz,Decepaz,ORG,true
deel,Deel,ORG,true
deepseek,Deepseek,ORG,true
def leppard,Def Leppard,ORG,true
defensa civil,Defensa Civil,ORG,true
defensa jurídica del estado,Defensa Jurídica del Estado,ORG,true
defensores de la patria,Defensores de la Patria,ORG,true
defensores de la patría,Defensores de la Patría,ORG,true
defensores del chaco,Defensores del Chaco,ORG,true
defensores por la patria,Defensores Por la Patria,ORG,true
defensoria,Defensoria,ORG,true
defensoria del pueblo,Defensoría del Pueblo,ORG,true
defensoría,Defensoría,ORG,true
defensoría de ocaña,Defensoría de Ocaña,ORG,true
defensoría del pueblo,Defensoría del Pueblo,ORG,true
defensoría espacio público,Defensoría Espacio Público,ORG,true
defensorías de familia,Defensorías de Familia,ORG,true
del mercado,Del Mercado,ORG,true
del orden,Del Orden,ORG,true
del pacífico,Del Pacífico,ORG,true
del porvenir,Del Porvenir,ORG,true
del sahara,Del Sahara,ORG,true
delcasino,Delcasino,ORG,true
delegación de paz,Delegación de Paz,ORG,true
delegación de paz urbana,Delegación de Paz Urbana,ORG,true
delivery hero,Delivery Hero,ORG,true
dell,Dell,ORG,true
delta,Delta,ORG,true
delta air lines,Delta Air Lines,ORG,true
demon hunter,Demon Hunter,ORG,true
demócrata ocasio,Demócrata Ocasio,ORG,true
denicolás,Denicolás,ORG,true
dep,Dep,ORG,true
dep. la guaira,Dep. la Guaira,ORG,true
dep. riestra,Dep. Riestra,ORG,true
departamento administrativo de función pública,Departamento Administrativo de Función Pública,ORG,true
departamento administrativo de la función pública,Departamento Administrativo de la Función Pública,ORG,true
departamento de estado,Departamento de Estado,ORG,true
departamento de justicia,Departamento de Justicia,ORG,true
departamento del tesoro,Departamento del Tesoro,ORG,true
departamento nacional de planeación,Departamento Nacional de Planeación,ORG,true
deporta,Deporta,ORG,true
deportivo cuenca,Deportivo Cuenca,ORG,true
deportivo pasto,Deportivo Pasto,ORG,true
deportivo pereira,Deportivo Pereira,ORG,true
deportivo recoleta,Deportivo Recoleta,ORG,true
deportivo riestra,Deportivo Riestra,ORG,true
deportivo táchira,Deportivo Táchira,ORG,true
deprisa,Deprisa,ORG,true
derechista,Derechista,ORG,true
desafío,Desafío,ORG,true
desarmar,Desarmar,ORG,true
desarrollo humano,Desarrollo Humano,ORG,true
descartes,Descartes,ORG,true
desfile de silleteros,Desfile de Silleteros,ORG,true
despegar,Despegar,ORG,true
detroit pistons,Detroit Pistons,ORG,true
devimed,Devimed,ORG,true
devolución del iva,Devolución del IVA,ORG,true
dgo,Dgo,ORG,true
dhl,Dhl,ORG,true
diablito,Diablito,ORG,true
diablos,Diablos,ORG,true
diablos rojos,Diablos Rojos,ORG,true
diaco,Diaco,ORG,true
diamante eléctrico,Diamante Eléctrico,ORG,true
dian,Dian,ORG,true
dibanka,Dibanka,ORG,true
didi,Didi,ORG,true
digicampus,Digicampus,ORG,true
digimais,Digimais,ORG,true
digital stereo,Digital Stereo,ORG,true
dignidad liberal,Dignidad Liberal,ORG,true
dijin,Dijin,ORG,true
dijín,Dijín,ORG,true
dim,Dim,ORG,true
dimar,Dimar,ORG,true
dimax,Dimax,ORG,true
dimayor,Dimayor,ORG,true
dimon,Dimon,ORG,true
dinamarca,Dinamarca,LOC,true
dinamo city,Dinamo City,ORG,true
dinocash,Dinocash,ORG,true
dioses del ritmo,Dioses del Ritmo,ORG,true
dirección,Dirección,ORG,true
dirección administrativa de la cámara,Dirección Administrativa de la Cámara,ORG,true
dirección de inteligencia,Dirección de Inteligencia,ORG,true
dirección de protección y servicios especiales,Dirección de Protección y Servicios Especiales,ORG,true
dirección de talento humano,Dirección de Talento Humano,ORG,true
dirección especializada contra los dd. hh,Dirección Especializada Contra los Dd. Hh,ORG,true
dirección nacional de bomberos,Dirección Nacional de Bomberos,ORG,true
dirección nacional de inteligencia,Dirección Nacional de Inteligencia,ORG,true
dirección técnica del comité autónomo de la regla fiscal,Dirección Técnica del Comité Autónomo de la Regla Fiscal,ORG,true
directa,Directa,ORG,true
directorio nacional conservador,Directorio Nacional Conservador,ORG,true
directv,Directv,ORG,true
directv latinoamérica,Directv Latinoamérica,ORG,true
discolmets,Discolmets,ORG,true
discord,Discord,ORG,true
discos fuentes,Discos Fuentes,ORG,true
discoteca guatapurí,Discoteca Guatapurí,ORG,true
disfarma,Disfarma,ORG,true
disidencia de mendoza,Disidencia de Mendoza,ORG,true
disney animal kingdom,Disney Animal Kingdom,ORG,true
disney plus,Disney Plus,ORG,true
distrito capital,Distrito Capital,ORG,true
distrito cultural vive claro,Distrito Cultural Vive Claro,ORG,true
distrito le,Distrito Le,ORG,true
distrito moda,Distrito Moda,ORG,true
distrito moda 2026,Distrito Moda 2026,ORG,true
distrito palermo,Distrito Palermo,ORG,true
distrito rave 2026,Distrito Rave 2026,ORG,true
ditu,Ditu,ORG,true
diálogo interamericano,Diálogo Interamericano,ORG,true
diésel,Diésel,ORG,true
diócesis,Diócesis,ORG,true
diócesis de jericó,Diócesis de Jericó,ORG,true
dj tra,Dj Tra,ORG,true
dlocal,Dlocal,ORG,true
dmg,Dmg,ORG,true
dne,Dne,ORG,true
dni,Dni,ORG,true
dnp,Dnp,ORG,true
doj,Doj,ORG,true
dollarcity,Dollarcity,ORG,true
dolmen,Dolmen,ORG,true
domiciliario,Domiciliario,ORG,true
dominion,Dominion,ORG,true
don matías sas,Don Matías Sas,ORG,true
donación de milagros,Donación de Milagros,ORG,true
dongfeng,Dongfeng,ORG,true
dortmund,Dortmund,ORG,true
douglas trade,Douglas Trade,ORG,true
dove,Dove,ORG,true
down,Down,ORG,true
dp world,Dp World,ORG,true
dps,Dps,ORG,true
dragon,Dragon,ORG,true
dragon ball,Dragon Ball,ORG,true
drivin,Drivin,ORG,true
droguerias cafam,Droguerias Cafam,ORG,true
droguerías,Droguerías,ORG,true
droguerías cafam,Droguerías Cafam,ORG,true
droide,Droide,ORG,true
drummond ltd,Drummond Ltd,ORG,true
dsports,Dsports,ORG,true
dt beccacece,Dt Beccacece,ORG,true
dt jonathan risueño,Dt Jonathan Risueño,ORG,true
du brands,Du Brands,ORG,true
dua lipa,Dua Lipa,PER,true
ducati,Ducati,ORG,true
duppla,Duppla,ORG,true
dystopicon,Dystopicon,ORG,true
e.e u.u,E.e U.u,ORG,true
ea fc,Ea Fc,ORG,true
ea sports,EA Sports,ORG,true
eaab,Eaab,ORG,true
eafc,Eafc,ORG,true
eafit,Eafit,ORG,true
ean,Ean,ORG,true
easa,Easa,ORG,true
easy,Easy,ORG,true
easyjet,Easyjet,ORG,true
eau,Eau,ORG,true
eb,Eb,ORG,true
ebsa,Ebsa,ORG,true
ecarx,Ecarx,ORG,true
eco león radio,Eco León Radio,ORG,true
ecoanalítica,Ecoanalítica,ORG,true
ecocómputo,Ecocómputo,ORG,true
ecofest,Ecofest,ORG,true
econexia,Econexia,ORG,true
ecopetrol,Ecopetrol,ORG,true
ecovivienda,Ecovivienda,ORG,true
editored,Editored,ORG,true
editores,Editores,ORG,true
editorial,Editorial,ORG,true
editorial planeta,Editorial Planeta,ORG,true
edru,Edru,ORG,true
eduardo movilla,Eduardo Movilla,ORG,true
edumas,Edumas,ORG,true
edward libreros,Edward Libreros,ORG,true
edwin palma,Edwin Palma,PER,true
ee,Ee,ORG,true
eei,Eei,ORG,true
eek-a-mouse,Eek-a-mouse,ORG,true
ef education,Ef Education,ORG,true
efe,Efe,ORG,true
efecty,Efecty,ORG,true
efigas,Efigas,ORG,true
efootball,Efootball,ORG,true
egc,Egc,ORG,true
eia,Eia,ORG,true
eis,Eis,ORG,true
eiti,Eiti,ORG,true
ejc,Ejc,ORG,true
ejercito,Ejército,ORG,true
ejercito nacional,Ejército Nacional,ORG,true
ejercitó,Ejercitó,ORG,true
ejército nacional,Ejército Nacional,ORG,true
ekhymosis,Ekhymosis,ORG,true
el amarillo,El Amarillo,ORG,true
el anhelo del salmón,El Anhelo del Salmón,ORG,true
el caballo de salsa,El Caballo de Salsa,ORG,true
el capo,El Capo,ORG,true
el chiringuito,El Chiringuito,ORG,true
el club de los gritos,El Club de los Gritos,ORG,true
el colegio,El Colegio,ORG,true
el colegio del cuerpo,El Colegio del Cuerpo,ORG,true
el comando,El Comando,ORG,true
el cóndor,El Cóndor,ORG,true
el desafío,El Desafío,ORG,true
el doradoy,El Doradoy,ORG,true
el equipo del pueblo,El Equipo del Pueblo,ORG,true
el espectador,El Espectador,ORG,true
el fin de los tiempos,El Fin de los Tiempos,ORG,true
el gran combo de puerto rico,El Gran Combo de Puerto Rico,ORG,true
el grupo epm,El Grupo Epm,ORG,true
el h,El H,ORG,true
el heraldo,El Heraldo,ORG,true
el león,El León,ORG,true
el libertador,El Libertador,ORG,true
el mesa,El Mesa,ORG,true
el mexican,El Mexican,ORG,true
el mexicano,El Mexicano,ORG,true
el negro,El Negro,ORG,true
el osito,El Osito,ORG,true
el paisita,El Paisita,ORG,true
el poder de el país,El Poder de el País,ORG,true
el pulso de fútbol,El Pulso de Fútbol,ORG,true
el pulso del fútbol,El Pulso del Fútbol,ORG,true
el pupi de quilla,El Pupi de Quilla,ORG,true
el reporte coronell,El Reporte Coronell,ORG,true
el retén,El Retén,ORG,true
el señor de los anillos,El Señor de los Anillos,ORG,true
el sinuano,El Sinuano,ORG,true
el tambor,El Tambor,ORG,true
el tesoro,El Tesoro,ORG,true
el tiempo,El Tiempo,ORG,true
el tigre,El Tigre,ORG,true
el trianón,El Trianón,ORG,true
elche,Elche,ORG,true
elecaustro,Elecaustro,ORG,true
electrohuila,Electrohuila,ORG,true
electrolit,Electrolit,ORG,true
electrolux,Electrolux,ORG,true
electrovichada,Electrovichada,ORG,true
elefante blanco,Elefante Blanco,ORG,true
element solutions,Element Solutions,ORG,true
elespik,Elespik,ORG,true
elevara,Elevara,ORG,true
elfiltro,Elfiltro,ORG,true
eli lilly,Eli Lilly,ORG,true
eln,Eln,ORG,true
ema,Ema,ORG,true
emab,Emab,ORG,true
embajada,Embajada,ORG,true
embajada colombiana,Embajada Colombiana,ORG,true
embajada de colombia,Embajada de Colombia,ORG,true
embajada de corea,Embajada de Corea,ORG,true
embajada de estados unidos,Embajada de Estados Unidos,ORG,true
embajada mundialista,Embajada Mundialista,ORG,true
embajada saharaui,Embajada Saharaui,ORG,true
embajadas,Embajadas,ORG,true
embajadores,Embajadores,ORG,true
emberá,Emberá,ORG,true
embolo,Embolo,ORG,true
embraer,Embraer,ORG,true
embusa,Embusa,ORG,true
emc,Emc,ORG,true
emcali,Emcali,ORG,true
emcosalud,Emcosalud,ORG,true
emea,Emea,ORG,true
emirates,Emirates,ORG,true
emiratos,Emiratos,ORG,true
emiratos árabes unidos,Emiratos Árabes Unidos,LOC,true
emisor,Emisor,ORG,true
emisora minuto de dios,Emisora Minuto de Dios,ORG,true
emisora planeta tierra,Emisora Planeta Tierra,ORG,true
emisoras de paz,Emisoras de Paz,ORG,true
emprendimiento,Emprendimiento,ORG,true
empresa b,Empresa B,ORG,true
empresa de acueducto,Empresa de Acueducto,ORG,true
empresa de servicios públicos,Empresa de Servicios Públicos,ORG,true
empresa distrital de servicios públicos,Empresa Distrital de Servicios Públicos,ORG,true
empresa don matías,Empresa Don Matías,ORG,true
empresa helistar,Empresa Helistar,ORG,true
empresa klik,Empresa Klik,ORG,true
empresa metro,Empresa Metro,ORG,true
empresa sobusa,Empresa Sobusa,ORG,true
empresa varta,Empresa Varta,ORG,true
empresaria,Empresaria,ORG,true
empresas b,Empresas B,ORG,true
empresas bern,Empresas Bern,ORG,true
empresas municipales,Empresas Municipales,ORG,true
empresas sociales del estado,Empresas Sociales del Estado,ORG,true
emservir,Emservir,ORG,true
emsirva,Emsirva,ORG,true
emssanar,Emssanar,ORG,true
emvarias,Emvarias,ORG,true
en marcha,En Marcha,ORG,true
enap,Enap,ORG,true
encicla,Encicla,ORG,true
encicloped,Encicloped,ORG,true
endeavor,Endeavor,ORG,true
enel,Enel,ORG,true
enel colombia,Enel Colombia,ORG,true
energy now,Energy Now,ORG,true
energía atenea,Energía Atenea,ORG,true
enerpereira,Enerpereira,ORG,true
enfen,Enfen,ORG,true
engativa,Engativa,ORG,true
eni,Eni,ORG,true
enruta,Enruta,ORG,true
ensamble szironta,Ensamble Szironta,ORG,true
ensamble vocal,Ensamble Vocal,ORG,true
ensálsate,Ensálsate,ORG,true
entain,Entain,ORG,true
enterritorio,Enterritorio,ORG,true
entidad,Entidad,ORG,true
entidades territoriales indígenas,Entidades Territoriales Indígenas,ORG,true
entretejida,Entretejida,ORG,true
envigado f.c,Envigado F.c,ORG,true
envigado fc,Envigado Fc,ORG,true
ep,Ep,ORG,true
epayco,Epayco,ORG,true
epic games,Epic Games,ORG,true
epic games store,Epic Games Store,ORG,true
epicteto,Epicteto,ORG,true
epm,Epm,ORG,true
epm cens,Epm Cens,ORG,true
eps,EPS,ORG,true
eps famisanar,EPS Famisanar,ORG,true
eps sanitas,EPS Sanitas,ORG,true
epson,Epson,ORG,true
equidad,Equidad,ORG,true
equinix,Equinix,ORG,true
equipo azul,Equipo Azul,ORG,true
equipo naranja,Equipo Naranja,ORG,true
equipos básicos de salud,Equipos Básicos de Salud,ORG,true
equix radio oiba,Equix Radio Oiba,ORG,true
erco energía,Erco Energía,ORG,true
ermita,Ermita,ORG,true
eroski,Eroski,ORG,true
esap,Esap,ORG,true
escarlata,Escarlata,ORG,true
escudo,Escudo,ORG,true
escudo de las americas,Escudo de las Américas,ORG,true
escudo de las américas,Escudo de las Américas,ORG,true
escudo nacional antidrones,Escudo Nacional Antidrones,ORG,true
escuela colombiana de ingeniería,Escuela Colombiana de Ingeniería,ORG,true
escuela colombiana de ingeniería julio garavito,Escuela Colombiana de Ingeniería Julio Garavito,ORG,true
escuela de aviación marco fidel,Escuela de Aviación Marco Fidel,ORG,true
escuela de bellas artes,Escuela de Bellas Artes,ORG,true
escuela de cadetes,Escuela de Cadetes,ORG,true
escuela de carabineros,Escuela de Carabineros,ORG,true
escuela de formación artística y cultural,Escuela de Formación Artística y Cultural,ORG,true
escuela de ingeniería,Escuela de Ingeniería,ORG,true
escuela de la fac,Escuela de la Fac,ORG,true
escuela de música desepaz,Escuela de Música Desepaz,ORG,true
escuela de periodismo de columbia,Escuela de Periodismo de Columbia,ORG,true
escuela de protección,Escuela de Protección,ORG,true
escuela militar,Escuela Militar,ORG,true
escuela militar de aviación,Escuela Militar de Aviación,ORG,true
escuela municipal de artes,Escuela Municipal de Artes,ORG,true
escuela nacional del deporte,Escuela Nacional del Deporte,ORG,true
escuela naval de cadetes,Escuela Naval de Cadetes,ORG,true
escuela regional del café,Escuela Regional del Café,ORG,true
escuela sinfónica de samacá,Escuela Sinfónica de Samacá,ORG,true
escuela universitaria del café,Escuela Universitaria del Café,ORG,true
escuelas agrarias para la vida,Escuelas Agrarias Para la Vida,ORG,true
ese hospital local santa rosa de lima,Ese Hospital Local Santa Rosa de Lima,ORG,true
esimed,Esimed,ORG,true
esmad,Esmad,ORG,true
esmic,Esmic,ORG,true
espacio schengen,Espacio Schengen,ORG,true
espada del libertador,Espada del Libertador,ORG,true
espanyol,Espanyol,ORG,true
espartanos,Espartanos,ORG,true
española repsol,Española Repsol,ORG,true
espectador,Espectador,ORG,true
espn,Espn,ORG,true
esports,Esports,ORG,true
essa,Essa,ORG,true
essalud,Essalud,ORG,true
essar,Essar,ORG,true
essmar,Essmar,ORG,true
estación de carabineros,Estación de Carabineros,ORG,true
estado 51,Estado 51,ORG,true
estado azteca,Estado Azteca,ORG,true
estado islámico,Estado Islámico,ORG,true
estado laico,Estado Laico,ORG,true
estado unidos,Estado Unidos,ORG,true
estados,Estados,ORG,true
estados unido,Estados Unido,ORG,true
estalló,Estalló,ORG,true
estructura dagoberto,Estructura Dagoberto,ORG,true
estudiantes de la plata,Estudiantes de la Plata,ORG,true
estudiantina,Estudiantina,ORG,true
estudio de moda,Estudio de Moda,ORG,true
estudio legal,Estudio Legal,ORG,true
estéreo botánico,Estéreo Botánico,ORG,true
etb,Etb,ORG,true
etf,Etf,ORG,true
etna,Etna,ORG,true
eu,Eu,ORG,true
eua,Eua,ORG,true
euro exchange,Euro Exchange,ORG,true
eurocámara,Eurocámara,ORG,true
euronet,Euronet,ORG,true
europol,Europol,ORG,true
eurostat,Eurostat,ORG,true
evanescence,Evanescence,ORG,true
evangelística radio sincelejo,Evangelística Radio Sincelejo,ORG,true
evardo turizo,Evardo Turizo,ORG,true
evedesa,Evedesa,ORG,true
ever mercado,Ever Mercado,ORG,true
evergrande,Evergrande,ORG,true
evergreen high school,Evergreen High School,ORG,true
everton,Everton,ORG,true
evolti,Evolti,ORG,true
exalcalde de unguía,Exalcalde de Unguía,ORG,true
exalcaldes,Exalcaldes,ORG,true
exalcaldesa,Exalcaldesa,ORG,true
exalcaldesa de san vicente,Exalcaldesa de San Vicente,ORG,true
exasesor,Exasesor,ORG,true
exdefensor ever pallares,Exdefensor Ever Pallares,ORG,true
exdirector,Exdirector,ORG,true
exdirector de fedesarrollo,Exdirector de Fedesarrollo,ORG,true
exejecutivos de nubank,Exejecutivos de Nubank,ORG,true
exescolta,Exescolta,ORG,true
exfarc,Exfarc,ORG,true
exfiscal barbosa,Exfiscal Barbosa,ORG,true
exfiscal montealegre,Exfiscal Montealegre,ORG,true
exfiscal néstor,Exfiscal Néstor,ORG,true
exfuncionaria,Exfuncionaria,ORG,true
exgeneral,Exgeneral,ORG,true
exinterventor de famisanar,Exinterventor de Famisanar,ORG,true
exministra,Exministra,ORG,true
exministra buitrago,Exministra Buitrago,ORG,true
exministro,Exministro,ORG,true
exministro cristo,Exministro Cristo,ORG,true
exministro de defensa,Exministro de Defensa,ORG,true
exministro de hacienda,Exministro de Hacienda,ORG,true
exministro de justicia,Exministro de Justicia,ORG,true
exministro de minas,Exministro de Minas,ORG,true
exministro lucho acosta,Exministro Lucho Acosta,ORG,true
expocamacol,Expocamacol,ORG,true
expopet,Expopet,ORG,true
expreso brasilia,Expreso Brasilia,ORG,true
exsecretario de transparencia,Exsecretario de Transparencia,ORG,true
exservidor,Exservidor,ORG,true
exsuperintendente de salud,Exsuperintendente de Salud,ORG,true
externado,Externado,ORG,true
extreme,Extreme,ORG,true
exxon,Exxon,ORG,true
exxon mobil,Exxon Mobil,ORG,true
exxonmobil,Exxonmobil,ORG,true
eólicos,Eólicos,ORG,true
f.c. barcelona,F.c. Barcelona,ORG,true
f1,F1,ORG,true
faa,Faa,ORG,true
fab,Fab,ORG,true
fabrica de licores de antioquia,Fábrica de Licores de Antioquia,ORG,true
fabulosos cadillacs,Fabulosos Cadillacs,ORG,true
fac,Fac,ORG,true
face,Face,ORG,true
facebook,Facebook,ORG,true
facebook creator studio,Facebook Creator Studio,ORG,true
factor x,Factor X,ORG,true
facultad de ciencias básicas y aplicadas,Facultad de Ciencias Básicas y Aplicadas,ORG,true
facultad de derecho,Facultad de Derecho,ORG,true
facultad de ia,Facultad de Ia,ORG,true
faer,Faer,ORG,true
falabella,Falabella,ORG,true
falck,Falck,ORG,true
familia gilinski,Familia Gilinski,ORG,true
familia gualdrón reyes,Familia Gualdrón Reyes,ORG,true
familia p,Familia P,ORG,true
familia real,Familia Real,ORG,true
famisanar,Famisanar,ORG,true
famosos,Famosos,ORG,true
fanatica,Fanatica,ORG,true
fancap,Fancap,ORG,true
fao,Fao,ORG,true
farc,Farc,ORG,true
farmacéuticas,Farmacéuticas,ORG,true
farmatodo,Farmatodo,ORG,true
fars,Fars,ORG,true
fasecolda,Fasecolda,ORG,true
fashion ecommerce,Fashion Ecommerce,ORG,true
fashion fitness,Fashion Fitness,ORG,true
fbi,Fbi,ORG,true
fc 27,Fc 27,ORG,true
fc barcelona,Fc Barcelona,ORG,true
fc bayern,Fc Bayern,ORG,true
fcc,Fcc,ORG,true
fcf,Fcf,ORG,true
fctv33,Fctv33,ORG,true
fcv,Fcv,ORG,true
fda,Fda,ORG,true
fdc,Fdc,ORG,true
fecode,Fecode,ORG,true
fecoer,Fecoer,ORG,true
fed,Fed,ORG,true
fede,Fede,ORG,true
fedearroz,Fedearroz,ORG,true
fedeatletismo,Fedeatletismo,ORG,true
fedecafe,Fedecafe,ORG,true
fedecafeteros,Fedecafeteros,ORG,true
fedecafé,Fedecafé,ORG,true
fedecajas,Fedecajas,ORG,true
fedeciclismo,Fedeciclismo,ORG,true
fedecti,Fedecti,ORG,true
fedecámaras,Fedecámaras,ORG,true
fedegan,Fedegan,ORG,true
fedegán,Fedegán,ORG,true
fedelonjas,Fedelonjas,ORG,true
fedemaderas,Fedemaderas,ORG,true
fedemunicipios,Fedemunicipios,ORG,true
fedepalma,Fedepalma,ORG,true
fedepesan,Fedepesan,ORG,true
federacion colombiana de futbol,Federación Colombiana de Fútbol,ORG,true
federación alemana de fútbol,Federación Alemana de Fútbol,ORG,true
federación belga,Federación Belga,ORG,true
federación chilena de fútbol,Federación Chilena de Fútbol,ORG,true
federación colombiana,Federación Colombiana,ORG,true
federación colombiana de atletismo,Federación Colombiana de Atletismo,ORG,true
federación colombiana de clubes de taekwondo,Federación Colombiana de Clubes de Taekwondo,ORG,true
federación colombiana de fútbol,Federación Colombiana de Fútbol,ORG,true
federación colombiana de software y ti,Federación Colombiana de Software y Ti,ORG,true
federación de cafeteros,Federación de Cafeteros,ORG,true
federación de enfermedades huérfanas,Federación de Enfermedades Huérfanas,ORG,true
federación de fúbol,Federación de Fúbol,ORG,true
federación de fútbol,Federación de Fútbol,ORG,true
federación de gimnasia,Federación de Gimnasia,ORG,true
federación de municipios,Federación de Municipios,ORG,true
federación de personerías,Federación de Personerías,ORG,true
federación francesa,Federación Francesa,ORG,true
federación francesa de fútbol,Federación Francesa de Fútbol,ORG,true
federación inglesa,Federación Inglesa,ORG,true
federación internacional de diabetes,Federación Internacional de Diabetes,ORG,true
federación mexicana de fútbol,Federación Mexicana de Fútbol,ORG,true
federación nacional de cafeteros,Federación Nacional de Cafeteros,ORG,true
federación nacional de ciencia,Federación Nacional de Ciencia,ORG,true
federación nacional de comunidades energéticas,Federación Nacional de Comunidades Energéticas,ORG,true
federación nacional de cultivadores de palma de aceite,Federación Nacional de Cultivadores de Palma de Aceite,ORG,true
federación nacional de departamentos,Federación Nacional de Departamentos,ORG,true
federación uruguaya de la salud,Federación Uruguaya de la Salud,ORG,true
federación venezolana de fútbol,Federación Venezolana de Fútbol,ORG,true
fedesarrollo,Fedesarrollo,ORG,true
fedeseguridad,Fedeseguridad,ORG,true
fedetranscarga,Fedetranscarga,ORG,true
fedex,Fedex,ORG,true
fedex freight,Fedex Freight,ORG,true
femele invest,Femele Invest,ORG,true
feminicidios,Feminicidios,ORG,true
femsa,Femsa,ORG,true
fenalcarbón,Fenalcarbón,ORG,true
fenalce,Fenalce,ORG,true
fenalco,Fenalco,ORG,true
fenalper,Fenalper,ORG,true
fenavi,Fenavi,ORG,true
fenerbahçe,Fenerbahçe,ORG,true
fenoge,Fenoge,ORG,true
fep,Fep,ORG,true
fepc,Fepc,ORG,true
fepcafé,Fepcafé,ORG,true
feria nacional de la ganadería,Feria Nacional de la Ganadería,ORG,true
ferlir,Ferlir,ORG,true
fernanfloo,Fernanfloo,ORG,true
ferrari,Ferrari,ORG,true
ferrovial,Ferrovial,ORG,true
fes,Fes,ORG,true
festival cordillera,Festival Cordillera,ORG,true
festival francisco el hombre,Festival Francisco el Hombre,ORG,true
festival petronio alvarez,Festival Petronio Alvarez,ORG,true
ff,Ff,ORG,true
ff. mm,Ff. Mm,ORG,true
ff.aa,Ff.aa,ORG,true
ff.mm,Ff.mm,ORG,true
ffc,Ffc,ORG,true
ffe,Ffe,ORG,true
ffm,Ffm,ORG,true
ffmm,Ffmm,ORG,true
fgv,Fgv,ORG,true
fia,Fia,ORG,true
fiap,Fiap,ORG,true
fiat,Fiat,ORG,true
fiba,Fiba,ORG,true
fic,Fic,ORG,true
ficci,Ficci,ORG,true
ficentro,Ficentro,ORG,true
ficr,Ficr,ORG,true
fidh,Fidh,ORG,true
fidu,Fidu,ORG,true
fiduciaria,Fiduciaria,ORG,true
fiduciaria davivienda,Fiduciaria Davivienda,ORG,true
fiduprevisora,Fiduprevisora,ORG,true
fiesco,Fiesco,ORG,true
fifa,Fifa,ORG,true
fifagate,Fifagate,ORG,true
filarmónica,Filarmónica,ORG,true
filarmónica de música colombiana,Filarmónica de Música Colombiana,ORG,true
filarmónica joven,Filarmónica Joven,ORG,true
finance code,Finance Code,ORG,true
financial times,Financial Times,ORG,true
fincoeducar,Fincoeducar,ORG,true
fincomercio,Fincomercio,ORG,true
findeter,Findeter,ORG,true
fintech,Fintech,ORG,true
fintech klym by coval,Fintech Klym By Coval,ORG,true
fintech market,Fintech Market,ORG,true
fintech zulu,Fintech Zulu,ORG,true
fiorentina,Fiorentina,ORG,true
fip,Fip,ORG,true
fire rabbit,Fire Rabbit,ORG,true
first quantum,First Quantum,ORG,true
fiscalia,Fiscalia,ORG,true
fit group,Fit Group,ORG,true
fitac,Fitac,ORG,true
fitcali,Fitcali,ORG,true
fitch,Fitch,ORG,true
fitch ratings,Fitch Ratings,ORG,true
fixit,Fixit,ORG,true
fla,Fla,ORG,true
flamengo,Flamengo,ORG,true
flamingo,Flamingo,ORG,true
flamingo air,Flamingo Air,ORG,true
flex,Flex,ORG,true
flip,Flip,ORG,true
floristería,Floristería,ORG,true
flotilla,Flotilla,ORG,true
flotilla global sumud,Flotilla Global Sumud,ORG,true
flow,Flow,ORG,true
fluminense,Fluminense,ORG,true
flybondi,Flybondi,ORG,true
flypass,Flypass,ORG,true
fm,Fm,ORG,true
fm duitama,Fm Duitama,ORG,true
fmi,Fmi,ORG,true
fna,Fna,ORG,true
fnc,Fnc,ORG,true
fnd,Fnd,ORG,true
fne,Fne,ORG,true
fng,Fng,ORG,true
fodesep,Fodesep,ORG,true
fogacoop,Fogacoop,ORG,true
fomag,Fomag,ORG,true
fomo,Fomo,ORG,true
foncarga,Foncarga,ORG,true
fondo adaptacion,Fondo Adaptación,ORG,true
fondo adaptación,Fondo Adaptación,ORG,true
fondo afro,Fondo Afro,ORG,true
fondo contra la explotación sexual,Fondo Contra la Explotación Sexual,ORG,true
fondo de adaptacion,Fondo de Adaptación,ORG,true
fondo de adaptación,Fondo de Adaptación,ORG,true
fondo de bienestar animal,Fondo de Bienestar Animal,ORG,true
fondo de ciencia,Fondo de Ciencia,ORG,true
fondo de cultura económica,Fondo de Cultura Económica,ORG,true
fondo de energía social,Fondo de Energía Social,ORG,true
fondo de energías,Fondo de Energías,ORG,true
fondo de estabilización de precios del café,Fondo de Estabilización de Precios del Café,ORG,true
fondo de fomento minero,Fondo de Fomento Minero,ORG,true
fondo de garantías,Fondo de Garantías,ORG,true
fondo de gestión del riesgo,Fondo de Gestión del Riesgo,ORG,true
fondo de prestaciones del magisterio,Fondo de Prestaciones del Magisterio,ORG,true
fondo de reconstrucción,Fondo de Reconstrucción,ORG,true
fondo del café,Fondo del Café,ORG,true
fondo del magisterio,Fondo del Magisterio,ORG,true
fondo distrital de protección y bienestar animal,Fondo Distrital de Protección y Bienestar Animal,ORG,true
fondo finca,Fondo Finca,ORG,true
fondo fénix,Fondo Fénix,ORG,true
fondo hortifrutícola,Fondo Hortifrutícola,ORG,true
fondo latinoamericano de reservas,Fondo Latinoamericano de Reservas,ORG,true
fondo mejores saber,Fondo Mejores Saber,ORG,true
fondo mejores saber pro,Fondo Mejores Saber Pro,ORG,true
fondo milagro,Fondo Milagro,ORG,true
fondo monetario internacional,Fondo Monetario Internacional,ORG,true
fondo nacional de ahorros,Fondo Nacional de Ahorros,ORG,true
fondo nacional del ahorro,Fondo Nacional del Ahorro,ORG,true
fondo nacional del cafe,Fondo Nacional del Café,ORG,true
fondo nacional del café,Fondo Nacional del Café,ORG,true
fondo para el medio ambiente mundial,Fondo Para el Medio Ambiente Mundial,ORG,true
fondo para la reparación a las víctimas,Fondo Para la Reparación A las Víctimas,ORG,true
fondo para la reparación de víctimas,Fondo Para la Reparación de Víctimas,ORG,true
fondo paz,Fondo Paz,ORG,true
fondo pazcífico,Fondo Pazcífico,ORG,true
fondo sva,Fondo Sva,ORG,true
fondos de fomento,Fondos de Fomento,ORG,true
fondos de inversión colectiva,Fondos de Inversión Colectiva,ORG,true
fontur,Fontur,ORG,true
foodservice,Foodservice,ORG,true
force,Force,ORG,true
ford,Ford,ORG,true
ford fathom,Ford Fathom,ORG,true
forec,Forec,ORG,true
foro,Foro,ORG,true
foro de la república,Foro de la República,ORG,true
foro económico internacional,Foro Económico Internacional,ORG,true
foro económico mundial,Foro Económico Mundial,ORG,true
foro híbridos y eléctricos,Foro Híbridos y Eléctricos,ORG,true
foro penal,Foro Penal,ORG,true
fortaleza,Fortaleza,ORG,true
fortaleza fc,Fortaleza Fc,ORG,true
forward enterprise,Forward Enterprise,ORG,true
foscal,Foscal,ORG,true
four seasons,Four Seasons,ORG,true
fox,Fox,ORG,true
fox business,Fox Business,ORG,true
fox news digital,Fox News Digital,ORG,true
fpc,Fpc,ORG,true
fracking,Fracking,ORG,true
franco,Franco,ORG,true
frasers group plc,Frasers Group Plc,ORG,true
fraternidad sacerdotal de san pío x,Fraternidad Sacerdotal de San Pío X,ORG,true
free fire,Free Fire,ORG,true
freelancers,Freelancers,ORG,true
frente 33,Frente 33,ORG,true
frente 36,Frente 36,ORG,true
frente 4,Frente 4,ORG,true
frente 57,Frente 57,ORG,true
frente 5to,Frente 5to,ORG,true
frente adonay ardila pinilla,Frente Adonay Ardila Pinilla,ORG,true
frente amplio,Frente Amplio,ORG,true
frente de guerra nororiental,Frente de Guerra Nororiental,ORG,true
frente de guerra oriental,Frente de Guerra Oriental,ORG,true
frente frío,Frente Frío,ORG,true
frente ismael ruiz,Frente Ismael Ruiz,ORG,true
frente oliver sinisterra,Frente Oliver Sinisterra,ORG,true
friburgo,Friburgo,ORG,true
friends,Friends,ORG,true
frisby,Frisby,ORG,true
frisby espana,Frisby España,ORG,true
frontera energy,Frontera Energy,ORG,true
frontera infraestructure,Frontera Infraestructure,ORG,true
fronteras,Fronteras,ORG,true
ft,Ft,ORG,true
ftx,Ftx,ORG,true
fuad char,Fuad Char,PER,true
fuck news,Fuck News,ORG,true
fucks news,Fucks News,ORG,true
fudra,Fudra,ORG,true
fuego fm,Fuego Fm,ORG,true
fueled by fire,Fueled By Fire,ORG,true
fuerza aeroespacial,Fuerza Aeroespacial,ORG,true
fuerza armada,Fuerza Armada,ORG,true
fuerza aérea,Fuerza Aérea,ORG,true
fuerza aérea colombiana,Fuerza Aérea Colombiana,ORG,true
fuerza aérea de india,Fuerza Aérea de India,ORG,true
fuerza ciudadana,Fuerza Ciudadana,ORG,true
fuerza popular,Fuerza Popular,ORG,true
fuerza publica,Fuerza Pública,ORG,true
fuerza pública,Fuerza Pública,ORG,true
fuerza regida,Fuerza Regida,ORG,true
fuerzas armadas,Fuerzas Armadas,ORG,true
fuerzas especiales urbanas,Fuerzas Especiales Urbanas,ORG,true
fuerzas militares,Fuerzas Militares,ORG,true
fulham,Fulham,ORG,true
fumadores,Fumadores,ORG,true
funcicar,Funcicar,ORG,true
función pública,Función Pública,ORG,true
fundacion aris mining,Fundacion Aris Mining,ORG,true
fundacion rockefeller,Fundacion Rockefeller,ORG,true
fundación ache,Fundación Ache,ORG,true
fundación agm,Fundación Agm,ORG,true
fundación apóstol esteban,Fundación Apóstol Esteban,ORG,true
fundación aris mining,Fundación Aris Mining,ORG,true
fundación bancolombia,Fundación Bancolombia,ORG,true
fundación barco,Fundación Barco,ORG,true
fundación boxeo sin barreras,Fundación Boxeo Sin Barreras,ORG,true
fundación canguro,Fundación Canguro,ORG,true
fundación cardio infantil,Fundación Cardio Infantil,ORG,true
fundación carlos cuesta,Fundación Carlos Cuesta,ORG,true
fundación club campestre,Fundación Club Campestre,ORG,true
fundación cocha molina,Fundación Cocha Molina,ORG,true
fundación cordoberxia,Fundación Cordoberxia,ORG,true
fundación de jeison aristizábal,Fundación de Jeison Aristizábal,ORG,true
fundación del f.c barcelona,Fundación del F.c Barcelona,ORG,true
fundación delirio,Fundación Delirio,ORG,true
fundación estado de derecho,Fundación Estado de Derecho,ORG,true
fundación faget,Fundación Faget,ORG,true
fundación fe & alegría,Fundación Fe & Alegría,ORG,true
fundación gabo,Fundación Gabo,ORG,true
fundación gates,Fundación Gates,ORG,true
fundación grupo social,Fundación Grupo Social,ORG,true
fundación karisma,Fundación Karisma,ORG,true
fundación konrad adenauer,Fundación Konrad Adenauer,ORG,true
fundación los pisingos,Fundación los Pisingos,ORG,true
fundación los santos,Fundación los Santos,ORG,true
fundación mapfre,Fundación Mapfre,ORG,true
fundación mujeres en la gestión pública,Fundación Mujeres en la Gestión Pública,ORG,true
fundación mujeres por la democracia,Fundación Mujeres Por la Democracia,ORG,true
fundación nu3,Fundación Nu3,ORG,true
fundación olímpica,Fundación Olímpica,ORG,true
fundación para el estado de derecho,Fundación Para el Estado de Derecho,ORG,true
fundación para la libertad de prensa,Fundación Para la Libertad de Prensa,ORG,true
fundación paz y reconciliación,Fundación Paz y Reconciliación,ORG,true
fundación pies descalzos,Fundación Pies Descalzos,ORG,true
fundación pintuco,Fundación Pintuco,ORG,true
fundación razas únicas,Fundación Razas Únicas,ORG,true
fundación rockefeller,Fundación Rockefeller,ORG,true
fundación salbo,Fundación Salbo,ORG,true
fundación saldarriaga concha,Fundación Saldarriaga Concha,ORG,true
fundación salvi,Fundación Salvi,ORG,true
fundación san josé,Fundación San José,ORG,true
fundación san josé de buga,Fundación San José de Buga,ORG,true
fundación ser mejor,Fundación Ser Mejor,ORG,true
fundación sr. perro,Fundación Sr. Perro,ORG,true
fundación sumapaz,Fundación Sumapaz,ORG,true
fundación sura,Fundación Sura,ORG,true
fundación taap,Fundación Taap,ORG,true
fundación tiempo de juego,Fundación Tiempo de Juego,ORG,true
fundación universitaria,Fundación Universitaria,ORG,true
fundación universitaria horizonte,Fundación Universitaria Horizonte,ORG,true
fundación universitaria konrad lorenz,Fundación Universitaria Konrad Lorenz,ORG,true
fundación universitaria san josé,Fundación Universitaria San José,ORG,true
fundación éxito,Fundación Éxito,ORG,true
fundarte,Fundarte,ORG,true
fundavé,Fundavé,ORG,true
fundesarrollo,Fundesarrollo,ORG,true
funeraria,Funeraria,ORG,true
funre vima machine,Funre Vima Machine,ORG,true
funsebas,Funsebas,ORG,true
funvisis,Funvisis,ORG,true
fusca,Fusca,ORG,true
futbolred,Futbolred,ORG,true
fvm,Fvm,ORG,true
fábrica de licores de antioquia,Fábrica de Licores de Antioquia,ORG,true
fútbol libre,Fútbol Libre,ORG,true
fútbol profesional colombiano,Fútbol Profesional Colombiano,ORG,true
g7,G7,ORG,true
g8,G8,ORG,true
gabinete adle,Gabinete Adle,ORG,true
galatasaray,Galatasaray,ORG,true
gallagher,Gallagher,ORG,true
gamarra,Gamarra,ORG,true
gane supergiros,Gane Supergiros,ORG,true
gao residual,Gao Residual,ORG,true
garcia,Garcia,ORG,true
gas natural cundiboyacense,Gas Natural Cundiboyacense,ORG,true
gases de occidente,Gases de Occidente,ORG,true
gases del caribe,Gases del Caribe,ORG,true
gasoriente,Gasoriente,ORG,true
gatorade,Gatorade,ORG,true
gaula,Gaula,ORG,true
gaula militar,Gaula Militar,ORG,true
gaula militares,Gaula Militares,ORG,true
gcf,Gcf,ORG,true
ge,Ge,ORG,true
ge vernova,Ge Vernova,ORG,true
geb,Geb,ORG,true
gecelca,Gecelca,ORG,true
geely,Geely,ORG,true
gef,Gef,ORG,true
gem,Gem,ORG,true
gemini,Gemini,ORG,true
general electric,General Electric,ORG,true
genhospi,Genhospi,ORG,true
genoa,Genoa,ORG,true
gente de zona,Gente de Zona,ORG,true
geoia,Geoia,ORG,true
geopark,Geopark,ORG,true
gestión del riesgo,Gestión del Riesgo,ORG,true
gestor de robeco,Gestor de Robeco,ORG,true
gestor del mercado de gas,Gestor del Mercado de Gas,ORG,true
gestora urbana,Gestora Urbana,ORG,true
gestores del orden,Gestores del Orden,ORG,true
getafe,Getafe,ORG,true
getty images,Getty Images,ORG,true
geyso s.a.s,Geyso S.a.s,ORG,true
gft technologies,Gft Technologies,ORG,true
ghetto kids,Ghetto Kids,ORG,true
ghetto kids foundation,Ghetto Kids Foundation,ORG,true
ghetto kids uganda,Ghetto Kids Uganda,ORG,true
gigante bhp,Gigante Bhp,ORG,true
gigante de la liga betplay,Gigante de la Liga Betplay,ORG,true
gigantes,Gigantes,ORG,true
gimnasio campestre,Gimnasio Campestre,ORG,true
gimnasio campestre los laureles,Gimnasio Campestre los Laureles,ORG,true
gimnasio los laureles,Gimnasio los Laureles,ORG,true
girona,Girona,ORG,true
glencore,Glencore,ORG,true
global brokers,Global Brokers,ORG,true
global hydro,Global Hydro,ORG,true
global mas servicios,Global Mas Servicios,ORG,true
global payments report,Global Payments Report,ORG,true
global66,Global66,ORG,true
gloria foods,Gloria Foods,ORG,true
glp,Glp,ORG,true
gm,Gm,ORG,true
gmail,Gmail,ORG,true
gnb sudameris,Gnb Sudameris,ORG,true
gnecco,Gnecco,ORG,true
gob,Gob,ORG,true
gobernacion,Gobernacion,ORG,true
gobernacion de antioquia,Gobernación de Antioquia,ORG,true
gobernacion de cundinamarca,Gobernación de Cundinamarca,ORG,true
gobernacion del atlantico,Gobernación del Atlántico,ORG,true
gobernacion del valle,Gobernación del Valle,ORG,true
gobernación de caldas,Gobernación de Caldas,ORG,true
gobernación de cundinamarca,Gobernación de Cundinamarca,ORG,true
gobernación de córdoba,Gobernación de Córdoba,ORG,true
gobernación de risaralda,Gobernación de Risaralda,ORG,true
gobernación del atlántico,Gobernación del Atlántico,ORG,true
gobernación del cesar,Gobernación del Cesar,ORG,true
gobernación del valle,Gobernación del Valle,ORG,true
gobierno de argentina,Gobierno de Argentina,ORG,true
gobierno de bolivia,Gobierno de Bolivia,ORG,true
gobierno de gustavo petro,Gobierno de Gustavo Petro,ORG,true
gobierno de petro,Gobierno de Petro,ORG,true
gobierno de venezuela,Gobierno de Venezuela,ORG,true
gobierno trump,Gobierno Trump,ORG,true
gobiernos,Gobiernos,ORG,true
godzila,Godzila,ORG,true
goes,Goes,ORG,true
gol caracol,Gol Caracol,ORG,true
golden state,Golden State,ORG,true
goldman,Goldman,ORG,true
goldman sachs,Goldman Sachs,ORG,true
golfo árabe,Golfo Árabe,ORG,true
golty,Golty,ORG,true
google,Google,ORG,true
google chrome,Google Chrome,ORG,true
google earth,Google Earth,ORG,true
google health,Google Health,ORG,true
google maps,Google Maps,ORG,true
google meet,Google Meet,ORG,true
google news initiative,Google News Initiative,ORG,true
google trends,Google Trends,ORG,true
google x,Google X,ORG,true
gopass,Gopass,ORG,true
goupayments,Goupayments,ORG,true
gourmet,Gourmet,ORG,true
govtech,Govtech,ORG,true
gpt,Gpt,ORG,true
gpt live,Gpt Live,ORG,true
grachi,Grachi,ORG,true
gran adoptatón mundialista,Gran Adoptatón Mundialista,ORG,true
gran consulta,Gran Consulta,ORG,true
gran jornada de solidaridad,Gran Jornada de Solidaridad,ORG,true
gran misión vivienda,Gran Misión Vivienda,ORG,true
gran outlet de libros,Gran Outlet de Libros,ORG,true
gran plaza,Gran Plaza,ORG,true
gran referendo de las regiones,Gran Referendo de las Regiones,ORG,true
gran referendo por las regiones,Gran Referendo Por las Regiones,ORG,true
gran tierra,Gran Tierra,ORG,true
gran tierra energy,Gran Tierra Energy,ORG,true
gran tomatina colombiana,Gran Tomatina Colombiana,ORG,true
granja bonanza,Granja Bonanza,ORG,true
gravedører,Gravedører,ORG,true
greenberg traurig,Greenberg Traurig,ORG,true
greenpeace,Greenpeace,ORG,true
greenwood energy,Greenwood Energy,ORG,true
greenyellow,Greenyellow,ORG,true
greer,Greer,ORG,true
gremio ccenergía,Gremio Ccenergía,ORG,true
gremio del e-commerce,Gremio del E-commerce,ORG,true
gripen,Gripen,ORG,true
groq,Groq,ORG,true
grupo abra,Grupo Abra,ORG,true
grupo alpina,Grupo Alpina,ORG,true
grupo amber,Grupo Amber,ORG,true
grupo ar,Grupo Ar,ORG,true
grupo argos,Grupo Argos,ORG,true
grupo arista,Grupo Arista,ORG,true
grupo aval,Grupo Aval,ORG,true
grupo bicentenario,Grupo Bicentenario,ORG,true
grupo bicentenario para la patria milagro,Grupo Bicentenario Para la Patria Milagro,ORG,true
grupo bios,Grupo Bios,ORG,true
grupo carvajal,Grupo Carvajal,ORG,true
grupo cibest,Grupo Cibest,ORG,true
grupo cipriani,Grupo Cipriani,ORG,true
grupo colombina,Grupo Colombina,ORG,true
grupo colpatria,Grupo Colpatria,ORG,true
grupo de caballería juan del corral,Grupo de Caballería Juan del Corral,ORG,true
grupo de los 38,Grupo de los 38,ORG,true
grupo dhl,Grupo Dhl,ORG,true
grupo diana,Grupo Diana,ORG,true
grupo e,Grupo E,ORG,true
grupo edifica,Grupo Edifica,ORG,true
grupo egmont,Grupo Egmont,ORG,true
grupo energia bogota,Grupo Energía Bogotá,ORG,true
grupo energía,Grupo Energía,ORG,true
grupo epm,Grupo Epm,ORG,true
grupo exito,Grupo Éxito,ORG,true
grupo exterminador,Grupo Exterminador,ORG,true
grupo familia,Grupo Familia,ORG,true
grupo firme,Grupo Firme,ORG,true
grupo frontera,Grupo Frontera,ORG,true
grupo gilinski,Grupo Gilinski,ORG,true
grupo gloria,Grupo Gloria,ORG,true
grupo h,Grupo H,ORG,true
grupo ilao,Grupo Ilao,ORG,true
grupo j,Grupo J,ORG,true
grupo keralty,Grupo Keralty,ORG,true
grupo key,Grupo Key,ORG,true
grupo la cabaña,Grupo la Cabaña,ORG,true
grupo latam,Grupo Latam,ORG,true
grupo le grand,Grupo Le Grand,ORG,true
grupo libertad y democracia,Grupo Libertad y Democracia,ORG,true
grupo madero,Grupo Madero,ORG,true
grupo manuelita,Grupo Manuelita,ORG,true
grupo niche,Grupo Niche,ORG,true
grupo nutresa,Grupo Nutresa,ORG,true
grupo olímpica,Grupo Olímpica,ORG,true
grupo palmeras,Grupo Palmeras,ORG,true
grupo posche,Grupo Posche,ORG,true
grupo smart fit,Grupo Smart Fit,ORG,true
grupo sura,Grupo Sura,ORG,true
grupo trinity,Grupo Trinity,ORG,true
grupo valor,Grupo Valor,ORG,true
grupo vanti,Grupo Vanti,ORG,true
grupo vardí,Grupo Vardí,ORG,true
grupo éxito,Grupo Éxito,ORG,true
grêmio,Grêmio,ORG,true
gs,Gs,ORG,true
gssg,Gssg,ORG,true
gta,Gta,ORG,true
gta 6,Gta 6,ORG,true
gtd,Gtd,ORG,true
guangzhou metro group,Guangzhou Metro Group,ORG,true
guardia ambiental,Guardia Ambiental,ORG,true
guardia bolivariana,Guardia Bolivariana,ORG,true
guardia civil,Guardia Civil,ORG,true
guardia indígena,Guardia Indígena,ORG,true
guardia indígena zenú,Guardia Indígena Zenú,ORG,true
guardia nacional,Guardia Nacional,ORG,true
guardia presidencial,Guardia Presidencial,ORG,true
guardia revolucionaria,Guardia Revolucionaria,ORG,true
guardianes de ángeles somos,Guardianes de Ángeles Somos,ORG,true
guardianes del turismo,Guardianes del Turismo,ORG,true
guarnición,Guarnición,ORG,true
guarumo,Guarumo,ORG,true
guau,Guau,ORG,true
guayacán orquesta,Guayacán Orquesta,ORG,true
guggenheim bilbao,Guggenheim Bilbao,ORG,true
gun,Gun,ORG,true
gusmar,Gusmar,ORG,true
gw,Gw,ORG,true
gw bicicletas,Gw Bicicletas,ORG,true
gwm,Gwm,ORG,true
h&m,H&m,ORG,true
habi,Habi,ORG,true
haceb,Haceb,ORG,true
hacienda,Hacienda,ORG,true
hacienda el bosque,Hacienda el Bosque,ORG,true
hacienda la gloria,Hacienda la Gloria,ORG,true
hacienda municipal,Hacienda Municipal,ORG,true
hackean,Hackean,ORG,true
hackeo,Hackeo,ORG,true
hackers,Hackers,ORG,true
halcón,Halcón,ORG,true
halkbank,Halkbank,ORG,true
hamas,Hamas,ORG,true
hamm,Hamm,ORG,true
hamás,Hamás,ORG,true
handshake,Handshake,ORG,true
hapag-lloyd,Hapag-lloyd,ORG,true
haragán y compañía,Haragán y Compañía,ORG,true
harlista,Harlista,ORG,true
harvard,Harvard,ORG,true
hasbro,Hasbro,ORG,true
hbo,Hbo,ORG,true
hbo max,Hbo Max,ORG,true
hdi,Hdi,ORG,true
hdi seguros,Hdi Seguros,ORG,true
hearst magazines international,Hearst Magazines International,ORG,true
hearts,Hearts,ORG,true
heartstopper,Heartstopper,ORG,true
heidenheim,Heidenheim,ORG,true
helados tío rico,Helados Tío Rico,ORG,true
helicol,Helicol,ORG,true
heliconia tv,Heliconia Tv,ORG,true
helicóptero halcón,Helicóptero Halcón,ORG,true
helistar,Helistar,ORG,true
hellas verona,Hellas Verona,ORG,true
henkel colombiana,Henkel Colombiana,ORG,true
herencia de timbiquí,Herencia de Timbiquí,ORG,true
heritage foundation,Heritage Foundation,ORG,true
hermanas clarisas,Hermanas Clarisas,ORG,true
hermanitas de los pobres,Hermanitas de los Pobres,ORG,true
hero,Hero,ORG,true
herzegovina,Herzegovina,ORG,true
hezbolá,Hezbolá,ORG,true
hgm,Hgm,ORG,true
hh,Hh,ORG,true
hic,Hic,ORG,true
hidralyte,Hidralyte,ORG,true
hidroeléctrica urrá i,Hidroeléctrica Urrá I,ORG,true
hidroituango,Hidroituango,ORG,true
hidroituango s.a,Hidroituango S.a,ORG,true
hif,Hif,ORG,true
hilal,Hilal,ORG,true
hill,Hill,ORG,true
hilton honors,Hilton Honors,ORG,true
history,History,ORG,true
hitachi energy,Hitachi Energy,ORG,true
hizbulá,Hizbulá,ORG,true
hocol,Hocol,ORG,true
hogar de acogida,Hogar de Acogida,ORG,true
hogares claret,Hogares Claret,ORG,true
holding nuam,Holding Nuam,ORG,true
hombres a la plancha,Hombres A la Plancha,ORG,true
homecenter,Homecenter,ORG,true
homeland security,Homeland Security,ORG,true
honda,Honda,ORG,true
honda autos,Honda Autos,ORG,true
honor,Honor,ORG,true
horus,Horus,ORG,true
hospital alma mater,Hospital Alma Mater,ORG,true
hospital alma máter,Hospital Alma Máter,ORG,true
hospital benkos,Hospital Benkos,ORG,true
hospital bocagrande,Hospital Bocagrande,ORG,true
hospital carlos holmes trujillo,Hospital Carlos Holmes Trujillo,ORG,true
hospital de bocagrande,Hospital de Bocagrande,ORG,true
hospital de caldas,Hospital de Caldas,ORG,true
hospital de candelaria,Hospital de Candelaria,ORG,true
hospital de chiquinquirá,Hospital de Chiquinquirá,ORG,true
hospital de la merced,Hospital de la Merced,ORG,true
hospital de meissen,Hospital de Meissen,ORG,true
hospital de miraflores,Hospital de Miraflores,ORG,true
hospital de nazareth,Hospital de Nazareth,ORG,true
hospital de roldanillo,Hospital de Roldanillo,ORG,true
hospital de sabaneta,Hospital de Sabaneta,ORG,true
hospital de sahagún,Hospital de Sahagún,ORG,true
hospital de socha,Hospital de Socha,ORG,true
hospital de toro,Hospital de Toro,ORG,true
hospital de usme,Hospital de Usme,ORG,true
hospital del sur,Hospital del Sur,ORG,true
hospital del sur de sincelejo,Hospital del Sur de Sincelejo,ORG,true
hospital erasmo meoz,Hospital Erasmo Meoz,ORG,true
hospital federico lleras,Hospital Federico Lleras,ORG,true
hospital federico lleras acosta,Hospital Federico Lleras Acosta,ORG,true
hospital infantil club noel,Hospital Infantil Club Noel,ORG,true
hospital infantil santa ana,Hospital Infantil Santa Ana,ORG,true
hospital la maría,Hospital la María,ORG,true
hospital local,Hospital Local,ORG,true
hospital local santa,Hospital Local Santa,ORG,true
hospital materno infantil,Hospital Materno Infantil,ORG,true
hospital mental,Hospital Mental,ORG,true
hospital militar,Hospital Militar,ORG,true
hospital méderi,Hospital Méderi,ORG,true
hospital nuestra señora del carmen,Hospital Nuestra Señora del Carmen,ORG,true
hospital regional,Hospital Regional,ORG,true
hospital regional de chiquinquirá,Hospital Regional de Chiquinquirá,ORG,true
hospital regional de duitama,Hospital Regional de Duitama,ORG,true
hospital regional de miraflores,Hospital Regional de Miraflores,ORG,true
hospital regional de sogamoso,Hospital Regional de Sogamoso,ORG,true
hospital san francisco de asís,Hospital San Francisco de Asís,ORG,true
hospital san félix,Hospital San Félix,ORG,true
hospital san isidro,Hospital San Isidro,ORG,true
hospital san jerónimo,Hospital San Jerónimo,ORG,true
hospital san jorge,Hospital San Jorge,ORG,true
hospital san josé,Hospital San José,ORG,true
hospital san juan de dios,Hospital San Juan de Dios,ORG,true
hospital san rafael,Hospital San Rafael,ORG,true
hospital san rafael de chinú,Hospital San Rafael de Chinú,ORG,true
hospital san vicente,Hospital San Vicente,ORG,true
hospital san vicente de paúl,Hospital San Vicente de Paúl,ORG,true
hospital san vicente de paúl caldas,Hospital San Vicente de Paúl Caldas,ORG,true
hospital san vicente fundación,Hospital San Vicente Fundación,ORG,true
hospital santa mónica,Hospital Santa Mónica,ORG,true
hospital santa sofía,Hospital Santa Sofía,ORG,true
hospital serena del mar,Hospital Serena del Mar,ORG,true
hospital univalle,Hospital Univalle,ORG,true
hospital universitario de la samaritana,Hospital Universitario de la Samaritana,ORG,true
hospital universitario erasmo meoz,Hospital Universitario Erasmo Meoz,ORG,true
hospital universitario san ignacio,Hospital Universitario San Ignacio,ORG,true
hospital universitario san jorge,Hospital Universitario San Jorge,ORG,true
hospital universitario san josé,Hospital Universitario San José,ORG,true
hospital universitario san rafael,Hospital Universitario San Rafael,ORG,true
hospital venancio díaz díaz,Hospital Venancio Díaz Díaz,ORG,true
hotel aristi,Hotel Aristi,ORG,true
hotel f25,Hotel F25,ORG,true
hotel hilton,Hotel Hilton,ORG,true
hotel playita isla fuerte,Hotel Playita Isla Fuerte,ORG,true
hotels & resorts,Hotels & Resorts,ORG,true
houston dynamo,Houston Dynamo,ORG,true
hp,Hp,ORG,true
hrw,Hrw,ORG,true
hrw para las américas,Hrw Para las Américas,ORG,true
hsi,Hsi,ORG,true
huachipato,Huachipato,ORG,true
huawei,Huawei,ORG,true
huawei cloud,Huawei Cloud,ORG,true
hub,Hub,ORG,true
hubspot,Hubspot,ORG,true
huc,Huc,ORG,true
huem,Huem,ORG,true
human rights watch,Human Rights Watch,ORG,true
hus,Hus,ORG,true
huv,Huv,ORG,true
hybe,Hybe,ORG,true
hyl gym,Hyl Gym,ORG,true
hyperwired,Hyperwired,ORG,true
hyundai,Hyundai,ORG,true
hyundai palisade,Hyundai Palisade,ORG,true
hércules,Hércules,ORG,true
i feid,I Feid,ORG,true
i.e,I.e,ORG,true
iata,Iata,ORG,true
iati seguros,Iati Seguros,ORG,true
iavi,Iavi,ORG,true
ibal,Ibal,ORG,true
iberdrola,Iberdrola,ORG,true
iberia,Iberia,ORG,true
ibero,Ibero,ORG,true
iberostar,Iberostar,ORG,true
ibge,Ibge,ORG,true
ibm,Ibm,ORG,true
ica,Ica,ORG,true
icam,Icam,ORG,true
icbf,Icbf,ORG,true
icc,Icc,ORG,true
icco,Icco,ORG,true
ice,Ice,ORG,true
icesi,Icesi,ORG,true
icetex,Icetex,ORG,true
icfb,Icfb,ORG,true
icfes,Icfes,ORG,true
icfes saber,Icfes Saber,ORG,true
icloud,Icloud,ORG,true
icontec,Icontec,ORG,true
icp,Icp,ORG,true
icpet,Icpet,ORG,true
ictj,Ictj,ORG,true
idcbis,Idcbis,ORG,true
idea,Idea,ORG,true
ideam,Ideam,ORG,true
ideboy,Ideboy,ORG,true
ider,Ider,ORG,true
iderbol,Iderbol,ORG,true
idesa,Idesa,ORG,true
idilio,Idilio,ORG,true
idipron,Idipron,ORG,true
idpc,Idpc,ORG,true
idpyba,Idpyba,ORG,true
idrd,Idrd,ORG,true
idu,Idu,ORG,true
idv,Idv,ORG,true
ie,Ie,ORG,true
ie jorge artel,Ie Jorge Artel,ORG,true
ie university,Ie University,ORG,true
ied la industrial,Ied la Industrial,ORG,true
ieepa,Ieepa,ORG,true
ies,Ies,ORG,true
ifab,Ifab,ORG,true
ifc,Ifc,ORG,true
ifood,Ifood,ORG,true
ifpi,Ifpi,ORG,true
ifrc,Ifrc,ORG,true
ifx,Ifx,ORG,true
igac,Igac,ORG,true
igae,Igae,ORG,true
iger,Iger,ORG,true
iglesia catolica,Iglesia Católica,ORG,true
iglesia católica,Iglesia Católica,ORG,true
iglesia de jesucristo,Iglesia de Jesucristo,ORG,true
iglesia la merced,Iglesia la Merced,ORG,true
iglesia mira,Iglesia Mira,ORG,true
iidh,Iidh,ORG,true
ikea,Ikea,ORG,true
ilga,Ilga,ORG,true
ilkari,Ilkari,ORG,true
im,Im,ORG,true
imagen universal tv,Imagen Universal Tv,ORG,true
imd,Imd,ORG,true
imdri,Imdri,ORG,true
impala,Impala,ORG,true
imperial brands,Imperial Brands,ORG,true
implementación del acuerdo,Implementación del Acuerdo,ORG,true
imprenta,Imprenta,ORG,true
imprenta nacional,Imprenta Nacional,ORG,true
impsa,Impsa,ORG,true
impulso violeta,Impulso Violeta,ORG,true
imsalud,Imsalud,ORG,true
imusa,Imusa,ORG,true
in,In,ORG,true
inacar constructora,Inacar Constructora,ORG,true
inca fruehauf,Inca Fruehauf,ORG,true
incauca,Incauca,ORG,true
inchcape,Inchcape,ORG,true
incolmotos yamaha,Incolmotos Yamaha,ORG,true
incoop,Incoop,ORG,true
incp,Incp,ORG,true
indeci,Indeci,ORG,true
indepaz,Indepaz,ORG,true
independencia,Independencia,ORG,true
independiente,Independiente,ORG,true
independiente medellin,Independiente Medellín,ORG,true
independiente medellín,Independiente Medellín,ORG,true
independiente petrolero,Independiente Petrolero,ORG,true
independiente riv,Independiente Riv,ORG,true
independiente rivadavia,Independiente Rivadavia,ORG,true
independiente santa,Independiente Santa,ORG,true
independiente yumbo,Independiente Yumbo,ORG,true
inder,Inder,ORG,true
indersantander,Indersantander,ORG,true
indervalle,Indervalle,ORG,true
inditex,Inditex,ORG,true
indra,Indra,ORG,true
indra group,Indra Group,ORG,true
indrive,Indrive,ORG,true
indumil,Indumil,ORG,true
industria colombiana del café,Industria Colombiana del Café,ORG,true
industria licorera de caldas,Industria Licorera de Caldas,ORG,true
industrias tío rico,Industrias Tío Rico,ORG,true
indycar,Indycar,ORG,true
ine,Ine,ORG,true
inem,Inem,ORG,true
ineos,Ineos,ORG,true
inexmoda,Inexmoda,ORG,true
infantería de marina,Infantería de Marina,ORG,true
infinite,Infinite,ORG,true
infis,Infis,ORG,true
infivalle,Infivalle,ORG,true
influencer pereirana,Influencer Pereirana,ORG,true
influencer rococó,Influencer Rococó,ORG,true
influencer soy el may,Influencer Soy el May,ORG,true
infobae,Infobae,ORG,true
infobae mundial,Infobae Mundial,ORG,true
ing,Ing,ORG,true
ingenio la cabaña,Ingenio la Cabaña,ORG,true
iniciativa del mincit,Iniciativa del Mincit,ORG,true
inmobiliaria,Inmobiliaria,ORG,true
innio,Innio,ORG,true
innpulsa,Innpulsa,ORG,true
inpec,Inpec,ORG,true
inproincol,Inproincol,ORG,true
inproincol s.a.s,Inproincol S.a.s,ORG,true
inquietos,Inquietos,ORG,true
inquietos del vallenato,Inquietos del Vallenato,ORG,true
inravision,Inravision,ORG,true
inravisión,Inravisión,ORG,true
inravisión noticias,Inravisión Noticias,ORG,true
ins,Ins,ORG,true
insaciables,Insaciables,ORG,true
insight crime,Insight Crime,ORG,true
instagram,Instagram,ORG,true
institución educativa de ballestas,Institución Educativa de Ballestas,ORG,true
institución hoover,Institución Hoover,ORG,true
institución rural del sur,Institución Rural del Sur,ORG,true
institución técnica de monguí,Institución Técnica de Monguí,ORG,true
institución universitaria oriente de caldas,Institución Universitaria Oriente de Caldas,ORG,true
instituto,Instituto,ORG,true
instituto cardiovascular,Instituto Cardiovascular,ORG,true
instituto colombiano agropecuario,Instituto Colombiano Agropecuario,ORG,true
instituto colombiano de bienestar familiar,Instituto Colombiano de Bienestar Familiar,ORG,true
instituto de cancerología,Instituto de Cancerología,ORG,true
instituto de ciencia política,Instituto de Ciencia Política,ORG,true
instituto de educación para el trabajo,Instituto de Educación Para el Trabajo,ORG,true
instituto de pensamiento progresista,Instituto de Pensamiento Progresista,ORG,true
instituto humboldt,Instituto Humboldt,ORG,true
instituto interamericano de derechos humanos,Instituto Interamericano de Derechos Humanos,ORG,true
instituto kroc,Instituto Kroc,ORG,true
instituto nacional de cancerología,Instituto Nacional de Cancerología,ORG,true
instituto nacional de salud,Instituto Nacional de Salud,ORG,true
instituto republicano internacional,Instituto Republicano Internacional,ORG,true
instituto técnico industrial,Instituto Técnico Industrial,ORG,true
institutos financieros de fomento,Institutos Financieros de Fomento,ORG,true
insurtech,Insurtech,ORG,true
insurtech fixit,Insurtech Fixit,ORG,true
integración biomax,Integración Biomax,ORG,true
integración social,Integración Social,ORG,true
intel,Intel,ORG,true
intelcia,Intelcia,ORG,true
inteligencia nacional,Inteligencia Nacional,ORG,true
intelligence,Intelligence,ORG,true
intendencia,Intendencia,ORG,true
inter,Inter,ORG,true
inter de bogotá,Inter de Bogotá,ORG,true
inter de miami,Inter de Miami,ORG,true
inter de milán,Inter de Milán,ORG,true
inter de palmira,Inter de Palmira,ORG,true
inter miami,Inter Miami,ORG,true
inter milan,Inter Milan,ORG,true
inter rapidísimo,Inter Rapidísimo,ORG,true
inter rapidísimo golf championship,Inter Rapidísimo Golf Championship,ORG,true
interaseo,Interaseo,ORG,true
intercambiador de ternera,Intercambiador de Ternera,ORG,true
interinato,Interinato,ORG,true
internacional de la leche,Internacional de la Leche,ORG,true
internacional de palmira,Internacional de Palmira,ORG,true
internacional de portoalegre,Internacional de Portoalegre,ORG,true
internacional fc femenino,Internacional Fc Femenino,ORG,true
internacional palmira,Internacional Palmira,ORG,true
internexa,Internexa,ORG,true
interpol,Interpol,ORG,true
interpositive,Interpositive,ORG,true
intervenida,Intervenida,ORG,true
intuit,Intuit,ORG,true
invama,Invama,ORG,true
invamer,Invamer,ORG,true
invemar,Invemar,ORG,true
inversiones,Inversiones,ORG,true
investigaciones económicas,Investigaciones Económicas,ORG,true
invias,Invias,ORG,true
invima,Invima,ORG,true
inví,Inví,ORG,true
invías,Invías,ORG,true
ios,Ios,ORG,true
iot,Iot,ORG,true
ip conexión centro,Ip Conexión Centro,ORG,true
ipc,Ipc,ORG,true
ipcc,Ipcc,ORG,true
iphone,iPhone,ORG,true
ipp,Ipp,ORG,true
ips,Ips,ORG,true
ips gesencro,Ips Gesencro,ORG,true
ips heli salud,Ips Heli Salud,ORG,true
iraq,Iraq,ORG,true
irdet,Irdet,ORG,true
iridium,Iridium,ORG,true
iron maiden,Iron Maiden,ORG,true
irs,Irs,ORG,true
isa,Isa,ORG,true
isa energía,Isa Energía,ORG,true
isagen,Isagen,ORG,true
isagén,Isagén,ORG,true
ise,Ise,ORG,true
isis,Isis,ORG,true
islas canarias,Islas Canarias,ORG,true
isuzu pickup,Isuzu Pickup,ORG,true
itagüí por paz total,Itagüí Por Paz Total,ORG,true
italcol,Italcol,ORG,true
itaú,Itaú,ORG,true
itaú unibanco,Itaú Unibanco,ORG,true
itf,Itf,ORG,true
ithaca asset management,Ithaca Asset Management,ORG,true
itm,Itm,ORG,true
itrc,Itrc,ORG,true
itunes,Itunes,ORG,true
itv,Itv,ORG,true
iub,Iub,ORG,true
iub al barrio,Iub Al Barrio,ORG,true
iubello,Iubello,ORG,true
ivancho móvil,Ivancho Móvil,ORG,true
ixel moda,Ixel Moda,ORG,true
izquierda unida,Izquierda Unida,ORG,true
iómicas,Iómicas,ORG,true
j álvarez,J Álvarez,ORG,true
jac,Jac,ORG,true
jac de el ingenio,Jac de el Ingenio,ORG,true
jaguares,Jaguares,ORG,true
jam,Jam,ORG,true
jamaica,Jamaica,LOC,true
jamaro,Jamaro,ORG,true
james webb,James Webb,ORG,true
jamiroquai,Jamiroquai,ORG,true
jandy feliz,Jandy Feliz,ORG,true
jardín fc,Jardín Fc,ORG,true
javeriana,Javeriana,ORG,true
javvy,Javvy,ORG,true
jbs,Jbs,ORG,true
jeep,Jeep,ORG,true
jefe de gabinete,Jefe de Gabinete,ORG,true
jeff bezos,Jeff Bezos,ORG,true
jeico,Jeico,ORG,true
jeju sk fc,Jeju Sk Fc,ORG,true
jeju united,Jeju United,ORG,true
jema specialty coffee,Jema Specialty Coffee,ORG,true
jenesano,Jenesano,ORG,true
jenner,Jenner,ORG,true
jep,Jep,ORG,true
jesuu,Jesuu,ORG,true
jetblue,Jetblue,ORG,true
jetsmart,Jetsmart,ORG,true
jfk cooperativa financiera,Jfk Cooperativa Financiera,ORG,true
jgdb,Jgdb,ORG,true
jne,Jne,ORG,true
jogo bonito,Jogo Bonito,ORG,true
johnnie walker blue label,Johnnie Walker Blue Label,ORG,true
johnson & johnson,Johnson & Johnson,ORG,true
jonas brothers,Jonas Brothers,ORG,true
jose,Jose,ORG,true
josé munive,José Munive,ORG,true
joy,Joy,ORG,true
jpmorgan,Jpmorgan,ORG,true
juan xxiii,Juan Xxiii,ORG,true
juanda,Juanda,ORG,true
juco,Juco,ORG,true
judicatura,Judicatura,ORG,true
jueces,Jueces,ORG,true
jueza de california,Jueza de California,ORG,true
juezas,Juezas,ORG,true
julie escuela de danza,Julie Escuela de Danza,ORG,true
julio garavito,Julio Garavito,ORG,true
julio vegas,Julio Vegas,ORG,true
jumbo,Jumbo,ORG,true
jumbo visma,Jumbo Visma,ORG,true
jumpcube,Jumpcube,ORG,true
junior,Junior,ORG,true
junior de barranquilla,Junior de Barranquilla,ORG,true
junta,Junta,ORG,true
junta de acción comunal,Junta de Acción Comunal,ORG,true
junta de acción comunal de miramontes,Junta de Acción Comunal de Miramontes,ORG,true
junta de gobernadores de la academia de hollywood,Junta de Gobernadores de la Academia de Hollywood,ORG,true
junta de paz,Junta de Paz,ORG,true
junta directiva,Junta Directiva,ORG,true
junta directiva del emisor,Junta Directiva del Emisor,ORG,true
juntas de acción comunal,Juntas de Acción Comunal,ORG,true
juntas directivas,Juntas Directivas,ORG,true
jurado nacional de elecciones,Jurado Nacional de Elecciones,ORG,true
jurassic,Jurassic,ORG,true
jurisdicción agraria,Jurisdicción Agraria,ORG,true
jurisdicción especial de paz,Jurisdicción Especial de Paz,ORG,true
justicia especial de paz,Justicia Especial de Paz,ORG,true
justicia penal militar,Justicia Penal Militar,ORG,true
juventud de neiva,Juventud de Neiva,ORG,true
juventus,Juventus,ORG,true
juzgado,Juzgado,ORG,true
juzgado noveno,Juzgado Noveno,ORG,true
jver music,Jver Music,ORG,true
jácome,Jácome,ORG,true
jägermeister,Jägermeister,ORG,true
jóvenes en paz,Jóvenes en Paz,ORG,true
júnior,Junior,ORG,true
k ramones,K Ramones,ORG,true
kaliente palmira,Kaliente Palmira,ORG,true
kalley,Kalley,ORG,true
kalshi,Kalshi,ORG,true
kapital,Kapital,ORG,true
kaspersky,Kaspersky,ORG,true
kassandra,Kassandra,ORG,true
keeta,Keeta,ORG,true
keralty,Keralty,ORG,true
kernel,Kernel,ORG,true
keyrus,Keyrus,ORG,true
keyvin ce,Keyvin Ce,ORG,true
kfc,Kfc,ORG,true
kia,Kia,ORG,true
kids,Kids,ORG,true
killers,Killers,ORG,true
kimberly-clark corporation,Kimberly-clark Corporation,ORG,true
kit,Kit,ORG,true
kitchenaid,Kitchenaid,ORG,true
kits,Kits,ORG,true
klap,Klap,ORG,true
klarna,Klarna,ORG,true
klik,Klik,ORG,true
klm,Klm,ORG,true
klym by coval,Klym By Coval,ORG,true
kneecap,Kneecap,ORG,true
knicks,Knicks,ORG,true
koa,Koa,ORG,true
koica,Koica,ORG,true
koika,Koika,ORG,true
kong,Kong,ORG,true
konrad lorenz,Konrad Lorenz,ORG,true
konsentida,Konsentida,ORG,true
kospi,Kospi,ORG,true
kosta azul,Kosta Azul,ORG,true
kraken sinfónico,Kraken Sinfónico,ORG,true
kremlin,Kremlin,ORG,true
kroger,Kroger,ORG,true
kérastase,Kérastase,ORG,true
la 33,La 33,ORG,true
la 5,La 5,ORG,true
la abuela,La Abuela,ORG,true
la aduana,La Aduana,ORG,true
la albarrada,La Albarrada,ORG,true
la amarilla,La Amarilla,ORG,true
la balsa,La Balsa,ORG,true
la barra de manolo,La Barra de Manolo,ORG,true
la barra incondicional,La Barra Incondicional,ORG,true
la bichota,La Bichota,ORG,true
la bombonera,La Bombonera,ORG,true
la brújula radio,La Brújula Radio,ORG,true
la cabaña,La Cabaña,ORG,true
la caisse,La Caisse,ORG,true
la caldera,La Caldera,ORG,true
la cantina radio televisión,La Cantina Radio Televisión,ORG,true
la caribeña,La Caribeña,ORG,true
la caribeña noche,La Caribeña Noche,ORG,true
la carolina,La Carolina,ORG,true
la casa de la constitución,La Casa de la Constitución,ORG,true
la casa de la sele,La Casa de la Sele,ORG,true
la casa del dragón,La Casa del Dragón,ORG,true
la colosa,La Colosa,ORG,true
la cordillera,La Cordillera,ORG,true
la corpas,La Corpas,ORG,true
la creme,La Creme,ORG,true
la cucha,La Cucha,ORG,true
la emisora,La Emisora,ORG,true
la familia p,La Familia P,ORG,true
la fiera online girón,La Fiera Online Girón,ORG,true
la fm,La Fm,ORG,true
la fuerza,La Fuerza,ORG,true
la gata,La Gata,ORG,true
la herencia,La Herencia,ORG,true
la hipotecaria,La Hipotecaria,ORG,true
la iguana ciega,La Iguana Ciega,ORG,true
la industrial,La Industrial,ORG,true
la inmaculada,La Inmaculada,ORG,true
la kalle,La Kalle,ORG,true
la lomita,La Lomita,ORG,true
la masia,La Masia,ORG,true
la masía,La Masía,ORG,true
la mente maestra,La Mente Maestra,ORG,true
la morada tv,La Morada Tv,ORG,true
la muñeca,La Muñeca,ORG,true
la nave,La Nave,ORG,true
la nueva generación,La Nueva Generación,ORG,true
la nueva generación del freseo,La Nueva Generación del Freseo,ORG,true
la oficina,La Oficina,ORG,true
la pambelé,La Pambelé,ORG,true
la pampara,La Pampara,ORG,true
la parce,La Parce,ORG,true
la patria,La Patria,ORG,true
la phil,La Phil,ORG,true
la piscina,La Piscina,ORG,true
la popular fm puerto asís,La Popular Fm Puerto Asís,ORG,true
la radio web girón,La Radio Web Girón,ORG,true
la razón,La Razón,ORG,true
la red zoocial club,La Red Zoocial Club,ORG,true
la reina del flow,La Reina del Flow,ORG,true
la república,La República,ORG,true
la roja,La Roja,ORG,true
la selecta,La Selecta,ORG,true
la selecta de puerto rico,La Selecta de Puerto Rico,ORG,true
la silla vacía,La Silla Vacía,ORG,true
la terraza,La Terraza,ORG,true
la tinka,La Tinka,ORG,true
la tiquetera,La Tiquetera,ORG,true
la tri,La Tri,ORG,true
la tricolor,La Tricolor,ORG,true
la tía,La Tía,ORG,true
la u,La U,ORG,true
la universal,La Universal,ORG,true
la ventana,La Ventana,ORG,true
la venteñita,La Venteñita,ORG,true
la vicecontraloría,La Vicecontraloría,ORG,true
la voz de mi barrio,La Voz de Mi Barrio,ORG,true
la28,La28,ORG,true
laboratorio ih,Laboratorio Ih,ORG,true
lacardio,Lacardio,ORG,true
lacouture,Lacouture,ORG,true
ladrillera la clay,Ladrillera la Clay,ORG,true
lafayette,Lafayette,ORG,true
lagerfeld,Lagerfeld,ORG,true
laika,Laika,ORG,true
lakers,Lakers,ORG,true
laliga,Laliga,ORG,true
lamborghini,Lamborghini,ORG,true
lanús,Lanús,ORG,true
las bravas,Las Bravas,ORG,true
las chicas del can,Las Chicas del Can,ORG,true
las cinco mil empresas más grandes,Las Cinco Mil Empresas Más Grandes,ORG,true
las pirañas,Las Pirañas,ORG,true
las posada,Las Posada,ORG,true
laser,Laser,ORG,true
laser airlines,Laser Airlines,ORG,true
lasolar,Lasolar,ORG,true
latam,Latam,ORG,true
latam airlines,Latam Airlines,ORG,true
late,Late,ORG,true
latin dreams,Latin Dreams,ORG,true
latin entertainment group llc,Latin Entertainment Group Llc,ORG,true
lazio,Lazio,ORG,true
lazoos,Lazoos,ORG,true
lcdlf,Lcdlf,ORG,true
le monde,Le Monde,ORG,true
lec lee,Lec Lee,ORG,true
lecce,Lecce,ORG,true
leeds united,Leeds United,ORG,true
legislativo,Legislativo,ORG,true
lego,Lego,ORG,true
leipzig,Leipzig,ORG,true
lemon cash,Lemon Cash,ORG,true
lenovo,Lenovo,ORG,true
lens,Lens,ORG,true
leones del atlas,Leones del Atlas,ORG,true
leones fc,Leones Fc,ORG,true
leppard,Leppard,ORG,true
levante,Levante,ORG,true
lexus,Lexus,ORG,true
lfa,Lfa,ORG,true
lg,Lg,ORG,true
lg electronics,Lg Electronics,ORG,true
lg energy,Lg Energy,ORG,true
liberal,Liberal,ORG,true
libertador,Libertador,ORG,true
liceo de cervantes,Liceo de Cervantes,ORG,true
liceo francés,Liceo Francés,ORG,true
licorera de caldas,Licorera de Caldas,ORG,true
lifemiles,Lifemiles,ORG,true
liga colombiana contra el suicidio,Liga Colombiana Contra el Suicidio,ORG,true
liga de gobernantes anticorrupción,Liga de Gobernantes Anticorrupción,ORG,true
liga de naciones,Liga de Naciones,ORG,true
liga de naciones femenina,Liga de Naciones Femenina,ORG,true
liga de quito,Liga de Quito,ORG,true
liga de usuarios,Liga de Usuarios,ORG,true
liga femenina,Liga Femenina,ORG,true
liga nacional de usuarios,Liga Nacional de Usuarios,ORG,true
liga vallecaucana,Liga Vallecaucana,ORG,true
liga árabe,Liga Árabe,ORG,true
lili,Lili,ORG,true
lili pink,Lili Pink,ORG,true
lilipink sae,Lilipink Sae,ORG,true
lilly,Lilly,ORG,true
lime,Lime,ORG,true
linda stereo radio católica,Linda Stereo Radio Católica,ORG,true
lineox,Lineox,ORG,true
linkedin,Linkedin,ORG,true
linkmax,Linkmax,ORG,true
lista clinton,Lista Clinton,ORG,true
litoral pacífico,Litoral Pacífico,ORG,true
littio,Littio,ORG,true
little caesars,Little Caesars,ORG,true
little caesars pizza,Little Caesars Pizza,ORG,true
liv golf,Liv Golf,ORG,true
liveramp,Liveramp,ORG,true
liverpool,Liverpool,ORG,true
liverpool fc,Liverpool Fc,ORG,true
llaneros,Llaneros,ORG,true
llaneros fc,Llaneros Fc,ORG,true
llc,Llc,ORG,true
lmfao,Lmfao,ORG,true
lng,Lng,ORG,true
lo nuestro digital radio tv,Lo Nuestro Digital Radio Tv,ORG,true
locales comerciales,Locales Comerciales,ORG,true
locomía,Locomía,ORG,true
logia de rafael,Logia de Rafael,ORG,true
logitech g,Logitech G,ORG,true
logytour s.a.s,Logytour S.a.s,ORG,true
lonely planet,Lonely Planet,ORG,true
lonja,Lonja,ORG,true
lonja de propiedad raíz,Lonja de Propiedad Raíz,ORG,true
lorentina,Lorentina,ORG,true
los abuelos de la nada,Los Abuelos de la Nada,ORG,true
los astutos,Los Astutos,ORG,true
los bacanes del sur,Los Bacanes del Sur,ORG,true
los blindados,Los Blindados,ORG,true
los caballeros,Los Caballeros,ORG,true
los cartageneros,Los Cartageneros,ORG,true
los catalanes,Los Catalanes,ORG,true
los caínes,Los Caínes,ORG,true
los chechenos,Los Chechenos,ORG,true
los chicaneros,Los Chicaneros,ORG,true
los chivos,Los Chivos,ORG,true
los choneros,Los Choneros,ORG,true
los cletos,Los Cletos,ORG,true
los comechivas,Los Comechivas,ORG,true
los correcaminos,Los Correcaminos,ORG,true
los cyber,Los Cyber,ORG,true
los de adentro,Los de Adentro,ORG,true
los de blanca,Los de Blanca,ORG,true
los de la isla,Los de la Isla,ORG,true
los de la m,Los de la M,ORG,true
los del freseo,Los del Freseo,ORG,true
los del nene,Los del Nene,ORG,true
los del pueblo,Los del Pueblo,ORG,true
los del punto,Los del Punto,ORG,true
los del san josé,Los del San José,ORG,true
los del sur,Los del Sur,ORG,true
los del valla,Los del Valla,ORG,true
los diablitos,Los Diablitos,ORG,true
los dinos duros,Los Dinos Duros,ORG,true
los dos carnales,Los Dos Carnales,ORG,true
los espartanos,Los Espartanos,ORG,true
los fantasmas,Los Fantasmas,ORG,true
los fantasmas de la noche,Los Fantasmas de la Noche,ORG,true
los herederos,Los Herederos,ORG,true
los hermanitos q,Los Hermanitos Q,ORG,true
los inquietos del vallenato,Los Inquietos del Vallenato,ORG,true
los insaciables,Los Insaciables,ORG,true
los jj,Los Jj,ORG,true
los justinos,Los Justinos,ORG,true
los kiskis,Los Kiskis,ORG,true
los lampas,Los Lampas,ORG,true
los laureles,Los Laureles,ORG,true
los macabros,Los Macabros,ORG,true
los melódicos,Los Melódicos,ORG,true
los milindos,Los Milindos,ORG,true
los ministros,Los Ministros,ORG,true
los navarrete,Los Navarrete,ORG,true
los nocopeo,Los Nocopeo,ORG,true
los norteños,Los Norteños,ORG,true
los nuevos rebeldes,Los Nuevos Rebeldes,ORG,true
los olivares,Los Olivares,ORG,true
los oportos,Los Oportos,ORG,true
los optra,Los Optra,ORG,true
los pachecos,Los Pachecos,ORG,true
los pachenca,Los Pachenca,ORG,true
los pachencas,Los Pachencas,ORG,true
los panchos,Los Panchos,ORG,true
los papalópez,Los Papalópez,ORG,true
los patillas,Los Patillas,ORG,true
los pepes,Los Pepes,ORG,true
los pinos,Los Pinos,ORG,true
los playoneros del cesar,Los Playoneros del Cesar,ORG,true
los plumillas,Los Plumillas,ORG,true
los polisombras,Los Polisombras,ORG,true
los primos,Los Primos,ORG,true
los puyica,Los Puyica,ORG,true
los pájaros,Los Pájaros,ORG,true
los quintis,Los Quintis,ORG,true
los rastrojos,Los Rastrojos,ORG,true
los rastrojos costeños,Los Rastrojos Costeños,ORG,true
los rojos,Los Rojos,ORG,true
los saberes,Los Saberes,ORG,true
los santas,Los Santas,ORG,true
los satanás,Los Satanás,ORG,true
los seguros,Los Seguros,ORG,true
los selectivos,Los Selectivos,ORG,true
los serenos,Los Serenos,ORG,true
los shotas,Los Shotas,ORG,true
los shottas,Los Shottas,ORG,true
los tiguerones,Los Tiguerones,ORG,true
los topos azteca,Los Topos Azteca,ORG,true
los topos aztecas,Los Topos Aztecas,ORG,true
los triana,Los Triana,ORG,true
los turcos,Los Turcos,ORG,true
los viagras,Los Viagras,ORG,true
los yiyos,Los Yiyos,ORG,true
loteria cruz roja,Lotería Cruz Roja,ORG,true
loteria de bogota,Lotería de Bogotá,ORG,true
loteria de boyaca,Lotería de Boyacá,ORG,true
loteria de cundinamarca,Lotería de Cundinamarca,ORG,true
loteria de la cruz roja,Lotería de la Cruz Roja,ORG,true
loteria de medellin,Lotería de Medellín,ORG,true
loteria de risaralda,Lotería de Risaralda,ORG,true
loteria de santander,Lotería de Santander,ORG,true
loteria del cauca,Lotería del Cauca,ORG,true
loteria del huila,Lotería del Huila,ORG,true
loteria del meta,Lotería del Meta,ORG,true
loteria del tolima,Lotería del Tolima,ORG,true
loteria del valle,Lotería del Valle,ORG,true
lotería chontico,Lotería Chontico,ORG,true
lotería cruz roja,Lotería Cruz Roja,ORG,true
lotería de bogotá,Lotería de Bogotá,ORG,true
lotería de boyacá,Lotería de Boyacá,ORG,true
lotería de cundinamarca,Lotería de Cundinamarca,ORG,true
lotería de la cruz roja,Lotería de la Cruz Roja,ORG,true
lotería de medellín,Lotería de Medellín,ORG,true
lotería de meta,Lotería de Meta,ORG,true
lotería de risaralda,Lotería de Risaralda,ORG,true
lotería de santander,Lotería de Santander,ORG,true
lotería del cauca,Lotería del Cauca,ORG,true
lotería del meta,Lotería del Meta,ORG,true
lotería del risaralda,Lotería del Risaralda,ORG,true
lotería del tolima,Lotería del Tolima,ORG,true
lotería del valle,Lotería del Valle,ORG,true
lotería el dorado,Lotería el Dorado,ORG,true
lotería el sinuano,Lotería El Sinuano,ORG,true
lotería la antioqueñita,Lotería la Antioqueñita,ORG,true
lotería nacional,Lotería Nacional,ORG,true
lotería revancha,Lotería Revancha,ORG,true
lotería sinuano,Lotería Sinuano,ORG,true
louis vuitton,Louis Vuitton,ORG,true
louvre,Louvre,ORG,true
lowe,Lowe,ORG,true
loxam,Loxam,ORG,true
lpga,Lpga,ORG,true
lr,Lr,ORG,true
lucifer,Lucifer,ORG,true
lufthansa,Lufthansa,ORG,true
luis7lunes,Luis7lunes,ORG,true
lulo bank,Lulo Bank,ORG,true
lumen,Lumen,ORG,true
luoyang shangdu investment,Luoyang Shangdu Investment,ORG,true
luserna,Luserna,ORG,true
luxemburgo,Luxemburgo,LOC,true
lvmh,Lvmh,ORG,true
lycra,Lycra,ORG,true
láser surgical,Láser Surgical,ORG,true
línea 137,Línea 137,ORG,true
línea 40 segundos,Línea 40 Segundos,ORG,true
línea negra,Línea Negra,ORG,true
m-19,M-19,ORG,true
mabe,Mabe,ORG,true
mac center,Mac Center,ORG,true
macara,Macara,ORG,true
macará,Macará,ORG,true
macizo colombiano,Macizo Colombiano,ORG,true
madre de culotauro,Madre de Culotauro,ORG,true
madre de vozinha,Madre de Vozinha,ORG,true
madres de plaza de mayo,Madres de Plaza de Mayo,ORG,true
maersk line,Maersk Line,ORG,true
mafe,Mafe,ORG,true
mafe rojas,Mafe Rojas,ORG,true
mafe walker,Mafe Walker,ORG,true
mafia,Mafia,ORG,true
maga inc,Maga Inc,ORG,true
magis tv,Magis Tv,ORG,true
magisterio,Magisterio,ORG,true
magma,Magma,ORG,true
magneto,Magneto,ORG,true
magno,Magno,ORG,true
mago,Mago,ORG,true
mais,Mais,ORG,true
majors,Majors,ORG,true
makro,Makro,ORG,true
mallorca,Mallorca,ORG,true
mallplaza,Mallplaza,ORG,true
malva,Malva,ORG,true
malware,Malware,ORG,true
mamb,Mamb,ORG,true
mamba negra,Mamba Negra,ORG,true
mambo,Mambo,ORG,true
manchester united,Manchester United,ORG,true
mango,Mango,ORG,true
mannschaft,Mannschaft,ORG,true
mano de dios,Mano de Dios,ORG,true
manschaft,Manschaft,ORG,true
maní la especial,Maní la Especial,ORG,true
mapei,Mapei,ORG,true
mapfre,Mapfre,ORG,true
maqui015,Maqui015,ORG,true
mara salvatrucha,Mara Salvatrucha,ORG,true
marce la recicladora,Marce la Recicladora,ORG,true
marcha nacional agraria,Marcha Nacional Agraria,ORG,true
marco fiscal,Marco Fiscal,ORG,true
marina,Marina,ORG,true
marketing,Marketing,ORG,true
maroon 5,Maroon 5,ORG,true
marquinhos,Marquinhos,ORG,true
marsh,Marsh,ORG,true
marvel,Marvel,ORG,true
marvel studios,Marvel Studios,ORG,true
marvell,Marvell,ORG,true
marvell technology,Marvell Technology,ORG,true
masglo,Masglo,ORG,true
masorange,Masorange,ORG,true
massy motors,Massy Motors,ORG,true
mastercard,Mastercard,ORG,true
masterchef,Masterchef,ORG,true
matriz,Matriz,ORG,true
matriz de google,Matriz de Google,ORG,true
matías sas,Matías Sas,ORG,true
max,Max,ORG,true
mazda,Mazda,ORG,true
mañana express,Mañana Express,ORG,true
mc torque,Mc Torque,ORG,true
mccollins,Mccollins,ORG,true
mclaren,Mclaren,ORG,true
mebar,Mebar,ORG,true
mecanismo de verificación,Mecanismo de Verificación,ORG,true
mechita,Mechita,ORG,true
medejazz,Medejazz,ORG,true
medias rojas,Medias Rojas,ORG,true
medias rojas de boston,Medias Rojas de Boston,ORG,true
medicina legal,Medicina Legal,ORG,true
medicina uis,Medicina Uis,ORG,true
medicinal legal,Medicinal Legal,ORG,true
medimás,Medimás,ORG,true
medina legal,Medina Legal,ORG,true
medivaric,Medivaric,ORG,true
medlegal,Medlegal,ORG,true
medplus medicina prepagada,Medplus Medicina Prepagada,ORG,true
medtronic,Medtronic,ORG,true
mef,Mef,ORG,true
megabús,Megabús,ORG,true
megacable,Megacable,ORG,true
megacolegio,Megacolegio,ORG,true
meganiño,Meganiño,ORG,true
melia,Melia,ORG,true
meliá,Meliá,ORG,true
meloni,Meloni,PER,true
men,Men,ORG,true
mercado libre,Mercado Libre,ORG,true
mercadolibre,Mercadolibre,ORG,true
mercedes,Mercedes,ORG,true
mercedes-benz,Mercedes-benz,ORG,true
merck,Merck,ORG,true
merco,Merco,ORG,true
mercosur,Mercosur,ORG,true
mercuria,Mercuria,ORG,true
meritage,Meritage,ORG,true
mesa de diálogos de paz,Mesa de Diálogos de Paz,ORG,true
mesa de la cartageneidad,Mesa de la Cartageneidad,ORG,true
mesa directiva,Mesa Directiva,ORG,true
mesa fiscal,Mesa Fiscal,ORG,true
mesa franca,Mesa Franca,ORG,true
mesas de justicia,Mesas de Justicia,ORG,true
met opera,Met Opera,ORG,true
meta ai,Meta Ai,ORG,true
metlife,Metlife,ORG,true
metric,Metric,ORG,true
metro bank,Metro Bank,ORG,true
metro de bogota,Metro de Bogotá,ORG,true
metro de bogotá,Metro de Bogotá,ORG,true
metro línea 1,Metro Línea 1,ORG,true
metrocable,Metrocable,ORG,true
metrocables,Metrocables,ORG,true
metrocali,Metrocali,ORG,true
metrocaribe,Metrocaribe,ORG,true
metrolinea,Metrolinea,ORG,true
metrolínea,Metrolínea,ORG,true
metroparques,Metroparques,ORG,true
metroplús,Metroplús,ORG,true
metropolitan opera,Metropolitan Opera,ORG,true
metrosalud,Metrosalud,ORG,true
metsul,Metsul,ORG,true
metun,Metun,ORG,true
mexicana,Mexicana,ORG,true
mexicana pemex,Mexicana Pemex,ORG,true
mg,Mg,ORG,true
mi casa avanza,Mi Casa Avanza,ORG,true
mia hub,Mia Hub,ORG,true
miacademia del progreso de mibanco,Miacademia del Progreso de Mibanco,ORG,true
miami fintech club,Miami Fintech Club,ORG,true
miami herald,Miami Herald,ORG,true
mibanco,Mibanco,ORG,true
michelin,Michelin,ORG,true
micron,Micron,ORG,true
midea,Midea,ORG,true
migasa,Migasa,ORG,true
mike bahía,Mike Bahía,PER,true
mild hybrid,Mild Hybrid,ORG,true
milei,Milei,PER,true
millennium,Millennium,ORG,true
millicom,Millicom,ORG,true
millonarios,Millonarios,ORG,true
millos,Millos,ORG,true
mills,Mills,ORG,true
miloto,MiLoto,ORG,true
miloto hoy,MiLoto HOY,ORG,true
mimesis,Mimesis,ORG,true
min hacienda,Min Hacienda,ORG,true
mina de sal,Mina de Sal,ORG,true
minagricultura,Minagricultura,ORG,true
minagricultura carvajalino,Minagricultura Carvajalino,ORG,true
minagro,Minagro,ORG,true
minambiente,Minambiente,ORG,true
minas,Minas,ORG,true
minciencias,Minciencias,ORG,true
mincit,Mincit,ORG,true
mincomercio,Mincomercio,ORG,true
mincultura,Mincultura,ORG,true
minculturas,Minculturas,ORG,true
mind against,Mind Against,ORG,true
mindefensa,Mindefensa,ORG,true
mindeporte,Mindeporte,ORG,true
mindeportes,Mindeportes,ORG,true
mineducacion,Mineducacion,ORG,true
mineducación,Mineducación,ORG,true
minenergía,Minenergía,ORG,true
mineros s.a.s,Mineros S.a.s,ORG,true
minerva,Minerva,ORG,true
minexteriores,Minexteriores,ORG,true
minga,Minga,ORG,true
minhacienda,Minhacienda,ORG,true
mini,Mini,ORG,true
mininterior,Mininterior,ORG,true
minions,Minions,ORG,true
miniso,Miniso,ORG,true
ministerio ambiente,Ministerio Ambiente,ORG,true
ministerio de ambiente,Ministerio de Ambiente,ORG,true
ministerio de asuntos agroambientales,Ministerio de Asuntos Agroambientales,ORG,true
ministerio de asuntos exteriores,Ministerio de Asuntos Exteriores,ORG,true
ministerio de ciencia,Ministerio de Ciencia,ORG,true
ministerio de comercio,Ministerio de Comercio,ORG,true
ministerio de cultura,Ministerio de Cultura,ORG,true
ministerio de defensa,Ministerio de Defensa,ORG,true
ministerio de deporte,Ministerio de Deporte,ORG,true
ministerio de educacion,Ministerio de Educación,ORG,true
ministerio de educación,Ministerio de Educación,ORG,true
ministerio de energía,Ministerio de Energía,ORG,true
ministerio de hacienda,Ministerio de Hacienda,ORG,true
ministerio de igualdad,Ministerio de Igualdad,ORG,true
ministerio de industria y comercio,Ministerio de Industria y Comercio,ORG,true
ministerio de justicia,Ministerio de Justicia,ORG,true
ministerio de la igualdad,Ministerio de la Igualdad,ORG,true
ministerio de la productividad,Ministerio de la Productividad,ORG,true
ministerio de las culturas,Ministerio de las Culturas,ORG,true
"ministerio de las culturas, las artes","Ministerio de las Culturas, las Artes",ORG,true
ministerio de las nuevas masculinidades,Ministerio de las Nuevas Masculinidades,ORG,true
ministerio de las tic,Ministerio de las Tic,ORG,true
ministerio de minas,Ministerio de Minas,ORG,true
ministerio de quebec,Ministerio de Quebec,ORG,true
ministerio de relaciones exteriores,Ministerio de Relaciones Exteriores,ORG,true
ministerio de salud,Ministerio de Salud,ORG,true
ministerio de tecnologías de la información y las comunicaciones,Ministerio de Tecnologías de la Información y las Comunicaciones,ORG,true
ministerio de trabajo,Ministerio de Trabajo,ORG,true
ministerio de transporte,Ministerio de Transporte,ORG,true
ministerio de turismo,Ministerio de Turismo,ORG,true
ministerio de vivienda,Ministerio de Vivienda,ORG,true
ministerio del deporte,Ministerio del Deporte,ORG,true
ministerio del exterior,Ministerio del Exterior,ORG,true
ministerio del interior,Ministerio del Interior,ORG,true
ministerio del trabajo,Ministerio del Trabajo,ORG,true
ministerio del transporte,Ministerio del Transporte,ORG,true
ministerio público,Ministerio Público,ORG,true
ministerio tic,Ministerio Tic,ORG,true
minjusticia,Minjusticia,ORG,true
minminas,Minminas,ORG,true
minminas y energía,Minminas y Energía,ORG,true
minnesota united,Minnesota United,ORG,true
minor hotels,Minor Hotels,ORG,true
minsalud,Minsalud,ORG,true
mintic,Mintic,ORG,true
mintrabajo,Mintrabajo,ORG,true
mintrace,Mintrace,ORG,true
mintransporte,Mintransporte,ORG,true
minuto de dios,Minuto de Dios,ORG,true
minvivienda,Minvivienda,ORG,true
mio,Mio,ORG,true
mipres,Mipres,ORG,true
mipyme,Mipyme,ORG,true
mipymes,Mipymes,ORG,true
miradas caribes,Miradas Caribes,ORG,true
mirassol,Mirassol,ORG,true
mirc,Mirc,ORG,true
misak,Misak,ORG,true
misiones de observación internacional,Misiones de Observación Internacional,ORG,true
misión de observación de la copppal,Misión de Observación de la Copppal,ORG,true
misión de observación de la oea,Misión de Observación de la Oea,ORG,true
misión de observación electoral,Misión de Observación Electoral,ORG,true
misión de observación electoral de catalunya,Misión de Observación Electoral de Catalunya,ORG,true
misión de observación electoral de la ue,Misión de Observación Electoral de la Ue,ORG,true
misión de observación internacional,Misión de Observación Internacional,ORG,true
misión electoral,Misión Electoral,ORG,true
misión internacional de la copppal,Misión Internacional de la Copppal,ORG,true
misión observadora de la ue,Misión Observadora de la Ue,ORG,true
miss,Miss,ORG,true
miss universe,Miss Universe,ORG,true
mistral,Mistral,ORG,true
mit,Mit,ORG,true
mitsubishi,Mitsubishi,ORG,true
mitsubishi destinator,Mitsubishi Destinator,ORG,true
ml1,Ml1,ORG,true
mls,Mls,ORG,true
mm,Mm,ORG,true
mm internacional,Mm Internacional,ORG,true
moana 2,Moana 2,ORG,true
moderna,Moderna,ORG,true
moe,Moe,ORG,true
moe ue,Moe Ue,ORG,true
momil,Momil,ORG,true
mompox 15k,Mompox 15k,ORG,true
monastery,Monastery,ORG,true
mondelez,Mondelez,ORG,true
mondelēz,Mondelēz,ORG,true
mondelēz international,Mondelēz International,ORG,true
monitor latino,Monitor Latino,ORG,true
"monsters, inc","Monsters, Inc",ORG,true
monterojo,Monterojo,ORG,true
monticello,Monticello,ORG,true
monómeros,Monómeros,ORG,true
moody ́s,Moody ́s,ORG,true
mop,Mop,ORG,true
morat,Morat,ORG,true
morgan stanley,Morgan Stanley,ORG,true
mostra,Mostra,ORG,true
motel,Motel,ORG,true
motiva,Motiva,ORG,true
motocorp,Motocorp,ORG,true
motorama,Motorama,ORG,true
motorola,Motorola,ORG,true
motorola solutions,Motorola Solutions,ORG,true
movida electoral,Movida Electoral,ORG,true
movii,Movii,ORG,true
movimiento amplio,Movimiento Amplio,ORG,true
movimiento bolivariano,Movimiento Bolivariano,ORG,true
movimiento causa justa,Movimiento Causa Justa,ORG,true
movimiento defensores por la patria,Movimiento Defensores Por la Patria,ORG,true
movimiento libres,Movimiento Libres,ORG,true
movimiento mais,Movimiento Mais,ORG,true
movistar,Movistar,ORG,true
movistar team,Movistar Team,ORG,true
ms-13,Ms-13,ORG,true
msci,Msci,ORG,true
msci colcap,Msci Colcap,ORG,true
msd,Msd,ORG,true
msd salud animal,Msd Salud Animal,ORG,true
msf,Msf,ORG,true
mubi,Mubi,ORG,true
muisca,Muisca,ORG,true
mujer cafam,Mujer Cafam,ORG,true
mujer prohibida,Mujer Prohibida,ORG,true
mujeres de alto impacto,Mujeres de Alto Impacto,ORG,true
mujeres por la democracia,Mujeres Por la Democracia,ORG,true
multicampus suba,Multicampus Suba,ORG,true
multilatina,Multilatina,ORG,true
multinacional,Multinacional,ORG,true
multipet,Multipet,ORG,true
multiplaza,Multiplaza,ORG,true
munchique,Munchique,ORG,true
mundo aventura,Mundo Aventura,ORG,true
mundo propio,Mundo Propio,ORG,true
museo americano de historia natural,Museo Americano de Historia Natural,ORG,true
museo arqueológico malibú,Museo Arqueológico Malibú,ORG,true
museo bolivariano de arte contemporáneo,Museo Bolivariano de Arte Contemporáneo,ORG,true
museo casa grau,Museo Casa Grau,ORG,true
museo de la academia de hollywood,Museo de la Academia de Hollywood,ORG,true
museo de la moda,Museo de la Moda,ORG,true
museo jumex,Museo Jumex,ORG,true
museo metropolitano de arte,Museo Metropolitano de Arte,ORG,true
museo nacional,Museo Nacional,ORG,true
museo rayo,Museo Rayo,ORG,true
musk,Musk,PER,true
mutualser,Mutualser,ORG,true
mvp,Mvp,ORG,true
myanmar,Myanmar,ORG,true
myspace,Myspace,ORG,true
mythos,Mythos,ORG,true
m·a·c,M·a·c,ORG,true
máquina,Máquina,ORG,true
médicos sin fronteras,Médicos Sin Fronteras,ORG,true
mío,Mío,ORG,true
mío cable,Mío Cable,ORG,true
nacional de comercio,Nacional de Comercio,ORG,true
nacional de seguros,Nacional de Seguros,ORG,true
nacional de transportes,Nacional de Transportes,ORG,true
naciones unidas,Naciones Unidas,ORG,true
napoli,Napoli,ORG,true
naranja internet,Naranja Internet,ORG,true
narcos,Narcos,ORG,true
narcóticos anónimos,Narcóticos Anónimos,ORG,true
nasa,Nasa,ORG,true
nascar,Nascar,ORG,true
nassa,Nassa,ORG,true
national geographic,National Geographic,ORG,true
national theater live,National Theater Live,ORG,true
national theatre live,National Theatre Live,ORG,true
natura,Natura,ORG,true
nature,Nature,ORG,true
naturgas,Naturgas,ORG,true
naturgy,Naturgy,ORG,true
naturgás,Naturgás,ORG,true
navieras,Navieras,ORG,true
nazareth,Nazareth,ORG,true
nba,Nba,ORG,true
nbc,Nbc,ORG,true
nbc 6,Nbc 6,ORG,true
nbc news,Nbc News,ORG,true
nbcuniversal,Nbcuniversal,ORG,true
ncaa,Ncaa,ORG,true
ncr atleos,Ncr Atleos,ORG,true
ncs brands,Ncs Brands,ORG,true
neocolonia,Neocolonia,ORG,true
nequi,Nequi,ORG,true
nesi,Nesi,ORG,true
nestlé,Nestlé,ORG,true
netcompany ineos,Netcompany Ineos,ORG,true
netflix,Netflix,ORG,true
new,New,ORG,true
new england patriots,New England Patriots,ORG,true
new order,New Order,ORG,true
new york,New York,ORG,true
new york knicks,New York Knicks,ORG,true
new york magazine,New York Magazine,ORG,true
new york times,New York Times,ORG,true
newcastle,Newcastle,ORG,true
newcastle united,Newcastle United,ORG,true
news,News,ORG,true
nexa bpo,Nexa Bpo,ORG,true
nextera,Nextera,ORG,true
nexus,Nexus,ORG,true
nfl,Nfl,ORG,true
ni una menos,Ni Una Menos,ORG,true
nice,Nice,ORG,true
nidec,Nidec,ORG,true
nido,Nido,ORG,true
nielseniq,Nielseniq,ORG,true
nigeria,Nigeria,LOC,true
nike,Nike,ORG,true
nimrods,Nimrods,ORG,true
nintendo,Nintendo,ORG,true
nintendo switch 2,Nintendo Switch 2,ORG,true
nissan,Nissan,ORG,true
nit,Nit,ORG,true
niñezya,Niñezya,ORG,true
niños guerrero,Niños Guerrero,ORG,true
no es hora de callar,No Es Hora de Callar,ORG,true
noaa,Noaa,ORG,true
nobsa,Nobsa,ORG,true
nocopeo,Nocopeo,ORG,true
nokia,Nokia,ORG,true
normal de sincelejo,Normal de Sincelejo,ORG,true
notaría,Notaría,ORG,true
notaría 4,Notaría 4,ORG,true
notaría sexta,Notaría Sexta,ORG,true
noticias caracol,Noticias Caracol,ORG,true
noticias rcn,Noticias RCN,ORG,true
noticiero la fm,Noticiero la Fm,ORG,true
nottingham,Nottingham,ORG,true
nottingham forest,Nottingham Forest,ORG,true
novena brigada,Novena Brigada,ORG,true
novo nordisk,Novo Nordisk,ORG,true
nqs,Nqs,ORG,true
nscale,Nscale,ORG,true
nu,Nu,ORG,true
nu holdings,Nu Holdings,ORG,true
nu holdings ltd,Nu Holdings Ltd,ORG,true
nubank,Nubank,ORG,true
nueva derecha,Nueva Derecha,ORG,true
nueva eps,Nueva EPS,ORG,true
nueva generación,Nueva Generación,ORG,true
nueva licorera,Nueva Licorera,ORG,true
nueva mintic,Nueva Mintic,ORG,true
nueva mintransporte,Nueva Mintransporte,ORG,true
nuevo hospital bocagrande,Nuevo Hospital Bocagrande,ORG,true
nuevo hospital de bocagrande,Nuevo Hospital de Bocagrande,ORG,true
nuevo hub de atención,Nuevo Hub de Atención,ORG,true
nuevo liberalismo,Nuevo Liberalismo,ORG,true
nuevo minagricultura,Nuevo Minagricultura,ORG,true
nugil,Nugil,ORG,true
nutella,Nutella,ORG,true
nutresa,Nutresa,ORG,true
nvidia,Nvidia,ORG,true
nvidia corp,Nvidia Corp,ORG,true
ny times,Ny Times,ORG,true
nyt,Nyt,ORG,true
néctar california,Néctar California,ORG,true
o higgins,O Higgins,ORG,true
o ́higgins,O ́higgins,ORG,true
oaci,Oaci,ORG,true
oagrd,Oagrd,ORG,true
oasis,Oasis,ORG,true
oben group,Oben Group,ORG,true
observatorio de turismo sostenible,Observatorio de Turismo Sostenible,ORG,true
observatorio fiscal,Observatorio Fiscal,ORG,true
observatorio laboral de la javeriana,Observatorio Laboral de la Javeriana,ORG,true
observatorio rubin,Observatorio Rubin,ORG,true
ocad,Ocad,ORG,true
ocad ciencia,Ocad Ciencia,ORG,true
ocad paz,Ocad Paz,ORG,true
ocde,Ocde,ORG,true
oceana,Oceana,ORG,true
oceanía,Oceanía,ORG,true
ocha,Ocha,ORG,true
oco global,Oco Global,ORG,true
odebrecht,Odebrecht,ORG,true
odni,Odni,ORG,true
oea,Oea,ORG,true
oece,Oece,ORG,true
oei,Oei,ORG,true
of monsters and men,Of Monsters And Men,ORG,true
ofac,Ofac,ORG,true
oficialismo,Oficialismo,ORG,true
oficina,Oficina,ORG,true
oficina de envigado,Oficina de Envigado,ORG,true
oficina de gestión del riesgo,Oficina de Gestión del Riesgo,ORG,true
oficina de participación ciudadana,Oficina de Participación Ciudadana,ORG,true
oficina del alto comisionado de paz,Oficina del Alto Comisionado de Paz,ORG,true
oficina del comisionado de paz,Oficina del Comisionado de Paz,ORG,true
oficina jurídica,Oficina Jurídica,ORG,true
ofxord economics,Ofxord Economics,ORG,true
oiea,Oiea,ORG,true
oim,Oim,ORG,true
oinac,Oinac,ORG,true
oit,Oit,ORG,true
oklahoma city thunder,Oklahoma City Thunder,ORG,true
oklahoma thunder,Oklahoma Thunder,ORG,true
ol lyonnes,Ol Lyonnes,ORG,true
olimpia,Olimpia,ORG,true
olimpo,Olimpo,ORG,true
olivares,Olivares,ORG,true
olímpica,Olímpica,ORG,true
olímpica stereo,Olímpica Stereo,ORG,true
oma,Oma,ORG,true
omb,Omb,ORG,true
omc,Omc,ORG,true
omi,Omi,ORG,true
omm,Omm,ORG,true
ompi,Ompi,ORG,true
oms,Oms,ORG,true
omsa,Omsa,ORG,true
omán,Omán,LOC,true
on the track,On The Track,ORG,true
on vacation,On Vacation,ORG,true
once,Once,ORG,true
once caldas,Once Caldas,ORG,true
once ideal,Once Ideal,ORG,true
onda boricua,Onda Boricua,ORG,true
ondambiental tv,Ondambiental Tv,ORG,true
one direction,One Direction,ORG,true
oneroyal,Oneroyal,ORG,true
onfarma,Onfarma,ORG,true
ong temblores,Ong Temblores,ORG,true
ongs,Ongs,ORG,true
onic,Onic,ORG,true
only home,Only Home,ORG,true
onlyfans,Onlyfans,ORG,true
onp,Onp,ORG,true
onpe,Onpe,ORG,true
onu,Onu,ORG,true
onvacation,Onvacation,ORG,true
opav,Opav,ORG,true
open english,Open English,ORG,true
openai,Openai,ORG,true
openai foundation,Openai Foundation,ORG,true
openpay,Openpay,ORG,true
openrouter,Openrouter,ORG,true
opep,Opep,ORG,true
operación sonrisa,Operación Sonrisa,ORG,true
oppo,Oppo,ORG,true
oppo reno16,Oppo Reno16,ORG,true
ops,Ops,ORG,true
opta,Opta,ORG,true
opón,Opón,ORG,true
oracle,Oracle,ORG,true
oracle latinoamérica,Oracle Latinoamérica,ORG,true
orbitals,Orbitals,ORG,true
oreo,Oreo,ORG,true
organismo,Organismo,ORG,true
organización ardila lülle,Organización Ardila Lülle,ORG,true
organización carvajal,Organización Carvajal,ORG,true
organización de cooperación islámica,Organización de Cooperación Islámica,ORG,true
organización internacional de las migraciones,Organización Internacional de las Migraciones,ORG,true
organización meteorológica mundial,Organización Meteorológica Mundial,ORG,true
organización mundial de la salud,Organización Mundial de la Salud,ORG,true
organización mundial de meteorología,Organización Mundial de Meteorología,ORG,true
organización sarmiento angulo,Organización Sarmiento Angulo,ORG,true
organización terpel,Organización Terpel,ORG,true
orquesta,Orquesta,ORG,true
orquesta canela,Orquesta Canela,ORG,true
orquesta gratson,Orquesta Gratson,ORG,true
orquesta la playa,Orquesta la Playa,ORG,true
orquesta sinfónica,Orquesta Sinfónica,ORG,true
orquesta sinfónica nacional,Orquesta Sinfónica Nacional,ORG,true
orquesta sinfónica nacional de colombia,Orquesta Sinfónica Nacional de Colombia,ORG,true
orquesta sinfónica pedro biava,Orquesta Sinfónica Pedro Biava,ORG,true
osasuna,Osasuna,ORG,true
otan,Otan,ORG,true
otán,Otán,ORG,true
oura,Oura,ORG,true
overwatch,Overwatch,ORG,true
ovy on the drums,Ovy On The Drums,ORG,true
oxfam,Oxfam,ORG,true
oxford economics,Oxford Economics,ORG,true
p&g,P&g,ORG,true
pa,Pa,ORG,true
pacaribe,Pacaribe,ORG,true
pachenca,Pachenca,ORG,true
pacific center,Pacific Center,ORG,true
pacific rubiales,Pacific Rubiales,ORG,true
pacificadores de samaná,Pacificadores de Samaná,ORG,true
pack,Pack,ORG,true
paco rabanne,Paco Rabanne,ORG,true
pactia,Pactia,ORG,true
pacto,Pacto,ORG,true
pacto abrigo,Pacto Abrigo,ORG,true
pacto global,Pacto Global,ORG,true
pacto historico,Pacto Histórico,ORG,true
pacto histórico,Pacto Histórico,ORG,true
pae,Pae,ORG,true
paisas,Paisas,ORG,true
paisita lotto,Paisita Lotto,ORG,true
palacio de buckingham,Palacio de Buckingham,ORG,true
palestino,Palestino,ORG,true
palmeiras,Palmeiras,ORG,true
palmolive,Palmolive,ORG,true
palmundo fm,Palmundo Fm,ORG,true
palonegro,Palonegro,ORG,true
pambelé,Pambelé,ORG,true
pan,Pan,ORG,true
pan am,Pan Am,ORG,true
panaca,Panaca,ORG,true
panaca viajero,Panaca Viajero,ORG,true
panadería quintapán,Panadería Quintapán,ORG,true
pandora,Pandora,ORG,true
pantera negra,Pantera Negra,ORG,true
panteón de roma,Panteón de Roma,ORG,true
pantheon,Pantheon,ORG,true
pantone,Pantone,ORG,true
paola,Paola,ORG,true
paper,Paper,ORG,true
paramount,Paramount,ORG,true
paramount skydance,Paramount Skydance,ORG,true
paranaense,Paranaense,ORG,true
parceros,Parceros,ORG,true
pares,Pares,ORG,true
parex,Parex,ORG,true
paris saint-germain,Paris Saint-germain,ORG,true
parlamento,Parlamento,ORG,true
parlamento británico,Parlamento Británico,ORG,true
parlamento de nicaragua,Parlamento de Nicaragua,ORG,true
parlamento europeo,Parlamento Europeo,ORG,true
parma,Parma,ORG,true
paro nacional,Paro Nacional,ORG,true
parque arauco,Parque Arauco,ORG,true
parque arví,Parque Arví,ORG,true
parque del café,Parque del Café,ORG,true
parque deportivo,Parque Deportivo,ORG,true
parque mejoras públicas,Parque Mejoras Públicas,ORG,true
parque nacionales naturales,Parque Nacionales Naturales,ORG,true
parque natural las hermosas,Parque Natural las Hermosas,ORG,true
parque sola dse,Parque Sola Dse,ORG,true
parques nacionales,Parques Nacionales,ORG,true
parques nacionales naturales,Parques Nacionales Naturales,ORG,true
parques naturales,Parques Naturales,ORG,true
parroquia la milagrosa,Parroquia la Milagrosa,ORG,true
parroquia nuestra señora del perpetuo socorro,Parroquia Nuestra Señora del Perpetuo Socorro,ORG,true
participación ciudadana,Participación Ciudadana,ORG,true
partido afro renaciente,Partido Afro Renaciente,ORG,true
partido comunes,Partido Comunes,ORG,true
partido comunista,Partido Comunista,ORG,true
partido conservador,Partido Conservador,ORG,true
partido de la u,Partido de la U,ORG,true
partido demócrata,Partido Demócrata,ORG,true
partido demócrata colombiano,Partido Demócrata Colombiano,ORG,true
partido dignidad,Partido Dignidad,ORG,true
partido ecologista,Partido Ecologista,ORG,true
partido ecologista colombiano,Partido Ecologista Colombiano,ORG,true
partido en marcha,Partido en Marcha,ORG,true
partido laborista,Partido Laborista,ORG,true
partido liberal,Partido Liberal,ORG,true
partido mira,Partido Mira,ORG,true
partido republicano,Partido Republicano,ORG,true
partido socialista,Partido Socialista,ORG,true
partido verde,Partido Verde,ORG,true
partidos liberal,Partidos Liberal,ORG,true
partners,Partners,ORG,true
parís saint-germain,París Saint-germain,ORG,true
pasabordo,Pasabordo,ORG,true
paseo del rio,Paseo del Rio,ORG,true
passport,Passport,ORG,true
passport bros,Passport Bros,ORG,true
passus ips,Passus Ips,ORG,true
pastel,Pastel,ORG,true
pastoral social,Pastoral Social,ORG,true
patria,Patria,ORG,true
patria investments,Patria Investments,ORG,true
patria milagro,Patria Milagro,ORG,true
patriot,Patriot,ORG,true
patriot front,Patriot Front,ORG,true
patriotas,Patriotas,ORG,true
patriotas fc,Patriotas Fc,ORG,true
patriots,Patriots,ORG,true
patrona,Patrona,ORG,true
patrulla,Patrulla,ORG,true
patrulla aérea civil,Patrulla Aérea Civil,ORG,true
patrulla púrpura,Patrulla Púrpura,ORG,true
paw patrol,Paw Patrol,ORG,true
paymentology,Paymentology,ORG,true
paypal,Paypal,ORG,true
paz de río,Paz de Río,ORG,true
pazdelrío,Pazdelrío,ORG,true
pbot,Pbot,ORG,true
pcc,Pcc,ORG,true
pcr,Pcr,ORG,true
pdet,Pdet,ORG,true
pdvsa,Pdvsa,ORG,true
peajes andes,Peajes Andes,ORG,true
peak oil demand,Peak Oil Demand,ORG,true
pearson,Pearson,ORG,true
pedagogía electoral,Pedagogía Electoral,ORG,true
pedidosya,Pedidosya,ORG,true
pei,Pei,ORG,true
pelota libre,Pelota Libre,ORG,true
pemex,Pemex,ORG,true
penguin random house,Penguin Random House,ORG,true
pensión familiar,Pensión Familiar,ORG,true
penta financiero,Penta Financiero,ORG,true
pentagono,Pentagono,ORG,true
pentágono,Pentágono,ORG,true
people,People,ORG,true
pepes,Pepes,ORG,true
pepsico,Pepsico,ORG,true
pequiven,Pequiven,ORG,true
percepción ciudadana,Percepción Ciudadana,ORG,true
periódico informador,Periódico Informador,ORG,true
periódico informador de occidente,Periódico Informador de Occidente,ORG,true
peronismo,Peronismo,ORG,true
perpetual warfare,Perpetual Warfare,ORG,true
perpetuo socorro,Perpetuo Socorro,ORG,true
pershing square,Pershing Square,ORG,true
persocapitales,Persocapitales,ORG,true
personeria,Personeria,ORG,true
personero,Personero,ORG,true
personería,Personería,ORG,true
personería distrital,Personería Distrital,ORG,true
pesas,Pesas,ORG,true
peso pluma,Peso Pluma,ORG,true
petrismo,Petrismo,ORG,true
petrobras,Petrobras,ORG,true
petroecuador,Petroecuador,ORG,true
petrolera,Petrolera,ORG,true
petrolera chevron,Petrolera Chevron,ORG,true
petrolera exxonmobil,Petrolera Exxonmobil,ORG,true
petrolera méxicana pemex,Petrolera Méxicana Pemex,ORG,true
petrolero,Petrolero,ORG,true
petronio solidario,Petronio Solidario,ORG,true
petropar,Petropar,ORG,true
petroperú,Petroperú,ORG,true
petroprix,Petroprix,ORG,true
petrotal,Petrotal,ORG,true
pets,Pets,ORG,true
peugeot,Peugeot,ORG,true
peñarol,Peñarol,ORG,true
pf de cibest,Pf de Cibest,ORG,true
pf de sura,Pf de Sura,ORG,true
pfizer,Pfizer,ORG,true
pga tour,Pga Tour,ORG,true
pgn,Pgn,ORG,true
pgn 2027,Pgn 2027,ORG,true
philadelphia,Philadelphia,ORG,true
philadelphia 76ers,Philadelphia 76ers,ORG,true
philadelphia union,Philadelphia Union,ORG,true
philip morris international,Philip Morris International,ORG,true
pibank,Pibank,ORG,true
picap rent,Picap Rent,ORG,true
pichincha,Pichincha,ORG,true
pickford,Pickford,ORG,true
pies descalzos,Pies Descalzos,ORG,true
pilas,Pilas,ORG,true
pilas nequi,Pilas Nequi,ORG,true
pilatos,Pilatos,ORG,true
pimco,Pimco,ORG,true
pink floyd,Pink Floyd,ORG,true
pinterest,Pinterest,ORG,true
pintuco,Pintuco,ORG,true
piratas,Piratas,ORG,true
pirlo tv,Pirlo Tv,ORG,true
pisa,Pisa,ORG,true
piso 21,Piso 21,ORG,true
piso 8,Piso 8,ORG,true
pizza hut,Pizza Hut,ORG,true
pizzardi,Pizzardi,ORG,true
pizzeria della chiesa,Pizzeria Della Chiesa,ORG,true
placa millonaria carro,Placa Millonaria Carro,ORG,true
placa villavicencio,Placa Villavicencio,ORG,true
plan democracia,Plan Democracia,ORG,true
planeación nacional,Planeación Nacional,ORG,true
planeta juan,Planeta Juan,ORG,true
planeta radio chía,Planeta Radio Chía,ORG,true
planeta radio mosquera,Planeta Radio Mosquera,ORG,true
planetario,Planetario,ORG,true
plataforma airbnb,Plataforma Airbnb,ORG,true
plataforma alto,Plataforma Alto,ORG,true
platense,Platense,ORG,true
platillos voladores,Platillos Voladores,ORG,true
platinum,Platinum,ORG,true
platzi,Platzi,ORG,true
play radio pasto,Play Radio Pasto,ORG,true
play stereo radio sotaquirá,Play Stereo Radio Sotaquirá,ORG,true
playstation,Playstation,ORG,true
playstation plus,Playstation Plus,ORG,true
plaza de mayo,Plaza de Mayo,ORG,true
plaza sésamo,Plaza Sésamo,ORG,true
plenaria,Plenaria,ORG,true
plenaria de cámara,Plenaria de Cámara,ORG,true
plex,Plex,ORG,true
plumita,Plumita,ORG,true
plurall,Plurall,ORG,true
plus,Plus,ORG,true
plus ultra,Plus Ultra,ORG,true
pluxee,Pluxee,ORG,true
pm,Pm,ORG,true
pmi,Pmi,ORG,true
pmu,Pmu,ORG,true
pmu cibernético,Pmu Cibernético,ORG,true
pnd,Pnd,ORG,true
pnis,Pnis,ORG,true
pnud,Pnud,ORG,true
poblados,Poblados,ORG,true
poder & región,Poder & Región,ORG,true
poderoso de la montaña,Poderoso de la Montaña,ORG,true
pokemon go,Pokemon Go,ORG,true
polar,Polar,ORG,true
policia de norte de santander,Policía de Norte de Santander,ORG,true
policia metropolitana,Policía Metropolitana,ORG,true
policia nacional,Policía Nacional,ORG,true
policía de bolívar,Policía de Bolívar,ORG,true
policía de cartagena,Policía de Cartagena,ORG,true
policía de norte de santander,Policía de Norte de Santander,ORG,true
policía metropolitana,Policía Metropolitana,ORG,true
policía nacional,Policía Nacional,ORG,true
poligrow,Poligrow,ORG,true
polisombras,Polisombras,ORG,true
politécnico de milán,Politécnico de Milán,ORG,true
politécnico grancolombiano,Politécnico Grancolombiano,ORG,true
polla,Polla,ORG,true
polla nequi,Polla Nequi,ORG,true
pollstar,Pollstar,ORG,true
polo democrático,Polo Democrático,ORG,true
polo ralph lauren,Polo Ralph Lauren,ORG,true
polymarket,Polymarket,ORG,true
pomelo,Pomelo,ORG,true
ponencia,Ponencia,ORG,true
pony ai,Pony Ai,ORG,true
pony malta,Pony Malta,ORG,true
por la educación,Por la Educación,ORG,true
por la ventana,Por la Ventana,ORG,true
por la vida,Por la Vida,ORG,true
porcicultura,Porcicultura,ORG,true
porkcolombia,Porkcolombia,ORG,true
porsche,Porsche,ORG,true
portafolio,Portafolio,ORG,true
portafolio de estímulos 2026,Portafolio de Estímulos 2026,ORG,true
portal,Portal,ORG,true
portal américas,Portal Américas,ORG,true
portal de la 80,Portal de la 80,ORG,true
portal sur,Portal Sur,ORG,true
portal taste atlas,Portal Taste Atlas,ORG,true
porto,Porto,ORG,true
porvenir,Porvenir,ORG,true
posperidad,Posperidad,ORG,true
posta challenge,Posta Challenge,ORG,true
postobón,Postobón,ORG,true
pot,Pot,ORG,true
power,Power,ORG,true
powerball,Powerball,ORG,true
pp,Pp,ORG,true
ppl,Ppl,ORG,true
ppp,Ppp,ORG,true
prebel,Prebel,ORG,true
precoltur,Precoltur,ORG,true
premier,Premier,ORG,true
premier league,Premier League,ORG,true
premio bibo,Premio Bibo,ORG,true
premio gabo,Premio Gabo,ORG,true
premios emmy,Premios Emmy,ORG,true
premios grammy,Premios Grammy,ORG,true
presidencia de colombia,Presidencia de Colombia,ORG,true
presidencia de la republica,Presidencia de la República,ORG,true
presidencia de la república,Presidencia de la República,ORG,true
presidencia del congreso,Presidencia del Congreso,ORG,true
presidencia del senado,Presidencia del Senado,ORG,true
presidencias,Presidencias,ORG,true
previsalud,Previsalud,ORG,true
previsora seguros,Previsora Seguros,ORG,true
pricesmart,Pricesmart,ORG,true
primax,Primax,ORG,true
prime day,Prime Day,ORG,true
prime video,Prime Video,ORG,true
primer comité de liderazgo comunitario,Primer Comité de Liderazgo Comunitario,ORG,true
primera brigada,Primera Brigada,ORG,true
primera brigada de infantería de marina,Primera Brigada de Infantería de Marina,ORG,true
primera línea,Primera Línea,ORG,true
primi,Primi,ORG,true
princesa tv,Princesa Tv,ORG,true
prisa,Prisa,ORG,true
prisa media,Prisa Media,ORG,true
privilegios compensar,Privilegios Compensar,ORG,true
proantioquia,Proantioquia,ORG,true
procafecol,Procafecol,ORG,true
procaña,Procaña,ORG,true
procemco,Procemco,ORG,true
proceso de paz,Proceso de Paz,ORG,true
prochile,Prochile,ORG,true
procolombia,Procolombia,ORG,true
procuraduria,Procuraduria,ORG,true
prodeco,Prodeco,ORG,true
prodesa,Prodesa,ORG,true
profamilia,Profamilia,ORG,true
progasur,Progasur,ORG,true
programa del bienestar,Programa del Bienestar,ORG,true
programa mundial de alimentos,Programa Mundial de Alimentos,ORG,true
proindesa,Proindesa,ORG,true
prom,Prom,ORG,true
promigas,Promigas,ORG,true
promigás,Promigás,ORG,true
propacifico,Propacifico,ORG,true
propacífico,Propacífico,ORG,true
propal,Propal,ORG,true
propuestas artísticas,Propuestas Artísticas,ORG,true
prorisaralda,Prorisaralda,ORG,true
prosegur,Prosegur,ORG,true
prosperidad,Prosperidad,ORG,true
prosperidad social,Prosperidad Social,ORG,true
prosperity,Prosperity,ORG,true
protección animal,Protección Animal,ORG,true
protección civil,Protección Civil,ORG,true
protección s.a,Protección S.a,ORG,true
protección y bienestar,Protección y Bienestar,ORG,true
proyecto uno,Proyecto Uno,ORG,true
psd,Psd,ORG,true
pse,Pse,ORG,true
psg,Psg,ORG,true
psoe,Psoe,ORG,true
psuv,Psuv,ORG,true
psv,Psv,ORG,true
pt,Pt,ORG,true
ptar,Ptar,ORG,true
pubg mobile,Pubg Mobile,ORG,true
publicis,Publicis,ORG,true
pucobre,Pucobre,ORG,true
pueblito paisa,Pueblito Paisa,ORG,true
pueblo arhuaco,Pueblo Arhuaco,ORG,true
puerto bahía,Puerto Bahía,ORG,true
puerto cabello,Puerto Cabello,ORG,true
puesto de mando unificado,Puesto de Mando Unificado,ORG,true
pulgar,Pulgar,ORG,true
pulidini,Pulidini,ORG,true
pullman bus,Pullman Bus,ORG,true
pulpo paul,Pulpo Paul,ORG,true
pulso del fútbol,Pulso del Fútbol,ORG,true
pumas,Pumas,ORG,true
pumas de la unam,Pumas de la Unam,ORG,true
pumas unam,Pumas Unam,ORG,true
purina,Purina,ORG,true
puskás,Puskás,ORG,true
pwc,Pwc,ORG,true
pyme,Pyme,ORG,true
pymes,Pymes,ORG,true
páramo presenta,Páramo Presenta,ORG,true
péndulo,Péndulo,ORG,true
póker,Póker,ORG,true
púlsar studios,Púlsar Studios,ORG,true
q-arte,Q-arte,ORG,true
qantas airways,Qantas Airways,ORG,true
qatar airways,Qatar Airways,ORG,true
qatarenergy,Qatarenergy,ORG,true
qbano,Qbano,ORG,true
qepd,Qepd,ORG,true
qs,Qs,ORG,true
qs 2027,Qs 2027,ORG,true
qs world university,Qs World University,ORG,true
qualcomm,Qualcomm,ORG,true
queenjuandy,Queenjuandy,ORG,true
quest,Quest,ORG,true
quinta brigada,Quinta Brigada,ORG,true
quinta división,Quinta División,ORG,true
r e33,R E33,ORG,true
r1,R1,ORG,true
racing,Racing,ORG,true
racing club,Racing Club,ORG,true
radio,Radio,ORG,true
radio 1,Radio 1,ORG,true
radio bajo la unción,Radio Bajo la Unción,ORG,true
radio barrancabermeja,Radio Barrancabermeja,ORG,true
radio capri,Radio Capri,ORG,true
radio codesca,Radio Codesca,ORG,true
radio digital roldanillo,Radio Digital Roldanillo,ORG,true
radio el café del mundo,Radio el Café del Mundo,ORG,true
radio fiesta cisneros,Radio Fiesta Cisneros,ORG,true
radio ipuc,Radio Ipuc,ORG,true
radio jar,Radio Jar,ORG,true
radio neiva,Radio Neiva,ORG,true
radio plus,Radio Plus,ORG,true
radio popular interlaurens duitama,Radio Popular Interlaurens Duitama,ORG,true
radio san josé colón,Radio San José Colón,ORG,true
radio tv frontera,Radio Tv Frontera,ORG,true
radiochupe,Radiochupe,ORG,true
radiograma,Radiograma,ORG,true
rae,Rae,ORG,true
ralph lauren,Ralph Lauren,ORG,true
ram,Ram,ORG,true
rama,Rama,ORG,true
rangers,Rangers,ORG,true
rap,Rap,ORG,true
rap eje cafetero,Rap Eje Cafetero,ORG,true
rape,Rape,ORG,true
rappi,Rappi,ORG,true
rappi turbo,Rappi Turbo,ORG,true
rastrojos,Rastrojos,ORG,true
rastrojos costeños,Rastrojos Costeños,ORG,true
ratatouille,Ratatouille,ORG,true
ravenna,Ravenna,ORG,true
ravenna fc,Ravenna Fc,ORG,true
rayo,Rayo,ORG,true
rayo vallecano,Rayo Vallecano,ORG,true
razer,Razer,ORG,true
raíces,Raíces,ORG,true
rb bragantino,Rb Bragantino,ORG,true
rb leipzig,Rb Leipzig,ORG,true
rbd,Rbd,ORG,true
rbs,Rbs,ORG,true
rcn,Rcn,ORG,true
rd,Rd,ORG,true
ready,Ready,ORG,true
real betis,Real Betis,ORG,true
real cartagena,Real Cartagena,ORG,true
real federación española,Real Federación Española,ORG,true
real madrid,Real Madrid,ORG,true
real oviedo,Real Oviedo,ORG,true
real sociedad,Real Sociedad,ORG,true
realm of ink,Realm Of Ink,ORG,true
rebaja,Rebaja,ORG,true
rebelde,Rebelde,ORG,true
recoleta,Recoleta,ORG,true
rectoría de uniatlántico,Rectoría de Uniatlántico,ORG,true
recursos humanos,Recursos Humanos,ORG,true
red bull,Red Bull,ORG,true
red bull batalla,Red Bull Batalla,ORG,true
red bull romaniacs,Red Bull Romaniacs,ORG,true
red de bibliotecas públicas,Red de Bibliotecas Públicas,ORG,true
red de ciudades cómo vamos,Red de Ciudades Cómo Vamos,ORG,true
red de mujeres,Red de Mujeres,ORG,true
red de veedurías,Red de Veedurías,ORG,true
red mundial de destinos religiosos,Red Mundial de Destinos Religiosos,ORG,true
red nacional de defensa de la reforma agraria,Red Nacional de Defensa de la Reforma Agraria,ORG,true
red papaz,Red Papaz,ORG,true
red pro,Red Pro,ORG,true
red pública hospitalaria de caldas,Red Pública Hospitalaria de Caldas,ORG,true
red+ noticias,Red+ Noticias,ORG,true
redactiva,Redactiva,ORG,true
redartes,Redartes,ORG,true
reddit,Reddit,ORG,true
redeban,Redeban,ORG,true
redil estéreo,Redil Estéreo,ORG,true
redonda,Redonda,ORG,true
redpro,Redpro,ORG,true
reebok,Reebok,ORG,true
reeves,Reeves,ORG,true
reficar,Reficar,ORG,true
refinadora,Refinadora,ORG,true
refinal,Refinal,ORG,true
refinal s.a.s,Refinal S.a.s,ORG,true
refinería de amuay,Refinería de Amuay,ORG,true
refisal,Refisal,ORG,true
regasificadora de puerto bahía,Regasificadora de Puerto Bahía,ORG,true
regasificadora del pacífico,Regasificadora del Pacífico,ORG,true
regasificadora spec,Regasificadora Spec,ORG,true
reggae,Reggae,ORG,true
regiotram,Regiotram,ORG,true
regiotram de occidente,Regiotram de Occidente,ORG,true
regiotram del norte,Regiotram del Norte,ORG,true
regiotram norte,Regiotram Norte,ORG,true
regiotram occidente,Regiotram Occidente,ORG,true
registrador,Registrador,ORG,true
registrador nacional,Registrador Nacional,ORG,true
registrador penagos,Registrador Penagos,ORG,true
registraduria,Registraduría,ORG,true
registraduria nacional,Registraduría Nacional,ORG,true
registraduría,Registraduría,ORG,true
registraduría nacional,Registraduría Nacional,ORG,true
registratón,Registratón,ORG,true
registro nacional de identificación,Registro Nacional de Identificación,ORG,true
registro nacional de turismo,Registro Nacional de Turismo,ORG,true
registro universal de ingresos,Registro Universal de Ingresos,ORG,true
reino,Reino,ORG,true
relatoría,Relatoría,ORG,true
remo,Remo,ORG,true
renacer fm,Renacer Fm,ORG,true
renaciente,Renaciente,ORG,true
renault,Renault,ORG,true
renault group,Renault Group,ORG,true
renovamoda,Renovamoda,ORG,true
renta ciudadana,Renta Ciudadana,ORG,true
renta joven,Renta Joven,ORG,true
rentek,Rentek,ORG,true
rep,Rep,ORG,true
report,Report,ORG,true
reportero,Reportero,ORG,true
reporteros sin fronteras,Reporteros Sin Fronteras,ORG,true
reprograf,Reprograf,ORG,true
repsol,Repsol,ORG,true
reputationup,Reputationup,ORG,true
república de indonesia,República de Indonesia,ORG,true
república de naoero,República de Naoero,ORG,true
república árabe saharaui,República Árabe Saharaui,ORG,true
res,Res,ORG,true
reserva federal,Reserva Federal,ORG,true
residencia,Residencia,ORG,true
resonance,Resonance,ORG,true
reuters institute,Reuters Institute,ORG,true
revancha hoy,Revancha Hoy,ORG,true
revel,Revel,ORG,true
revista billboard,Revista Billboard,ORG,true
revlon,Revlon,ORG,true
revolut,Revolut,ORG,true
rhapsody,Rhapsody,ORG,true
rhayuela,Rhayuela,ORG,true
rico,Rico,ORG,true
riestra,Riestra,ORG,true
rigi,Rigi,ORG,true
riopaila castilla,Riopaila Castilla,ORG,true
ritvales 2026,Ritvales 2026,ORG,true
riu,Riu,ORG,true
river,River,ORG,true
river plate,River Plate,ORG,true
rizadas,Rizadas,ORG,true
rnt,Rnt,ORG,true
roa florhuila,Roa Florhuila,ORG,true
robb report,Robb Report,ORG,true
roberto franco,Roberto Franco,ORG,true
roblox,Roblox,ORG,true
rock,Rock,ORG,true
rock al parque,Rock Al Parque,ORG,true
rock al parque 2026,Rock Al Parque 2026,ORG,true
rockdanillo fest,Rockdanillo Fest,ORG,true
rocket lab,Rocket Lab,ORG,true
rockstar,Rockstar,ORG,true
rockstar games,Rockstar Games,ORG,true
rockstart,Rockstart,ORG,true
rog,Rog,ORG,true
roja directa,Roja Directa,ORG,true
roku,Roku,ORG,true
rolling,Rolling,ORG,true
rolling stones,Rolling Stones,ORG,true
rompevidrios,Rompevidrios,ORG,true
rosario central,Rosario Central,ORG,true
rosario tijeras,Rosario Tijeras,ORG,true
rosatom,Rosatom,ORG,true
rossell,Rossell,ORG,true
rotten,Rotten,ORG,true
rouges,Rouges,ORG,true
rounds fm,Rounds Fm,ORG,true
royal caribbean,Royal Caribbean,ORG,true
royal enfield,Royal Enfield,ORG,true
royal films,Royal Films,ORG,true
rsf,Rsf,ORG,true
rtaxi,Rtaxi,ORG,true
rtvc,Rtvc,ORG,true
rtve,Rtve,ORG,true
rubiales,Rubiales,ORG,true
rueda,Rueda,ORG,true
rui,Rui,ORG,true
runt,Runt,ORG,true
ruta del cacao,Ruta del Cacao,ORG,true
ryanair,Ryanair,ORG,true
ránking de opta,Ránking de Opta,ORG,true
rápido ochoa,Rápido Ochoa,ORG,true
río arriba,Río Arriba,ORG,true
rü patisserie,Rü Patisserie,ORG,true
s&p,S&p,ORG,true
s&p global,S&p Global,ORG,true
s&p global ratings,S&p Global Ratings,ORG,true
saab,Saab,ORG,true
saas,Saas,ORG,true
saat,Saat,ORG,true
sab,Sab,ORG,true
sabaneros,Sabaneros,ORG,true
sacyr,Sacyr,ORG,true
sae,Sae,ORG,true
sagrado corazón,Sagrado Corazón,ORG,true
sagrado corazón de jesús,Sagrado Corazón de Jesús,ORG,true
sagu chocolates,Sagu Chocolates,ORG,true
sajú,Sajú,ORG,true
sala civil,Sala Civil,ORG,true
sala de instrucción,Sala de Instrucción,ORG,true
sala de primera instancia,Sala de Primera Instancia,ORG,true
sala especial de primera instancia,Sala Especial de Primera Instancia,ORG,true
sala plena,Sala Plena,ORG,true
salitre mágico,Salitre Mágico,ORG,true
salsas nueva generación,Salsas Nueva Generación,ORG,true
salud pública,Salud Pública,ORG,true
salud total,Salud Total,ORG,true
salvacion nacional,Salvación Nacional,ORG,true
salvación nacional,Salvación Nacional,ORG,true
salvamento,Salvamento,ORG,true
samarios,Samarios,ORG,true
samsonite,Samsonite,ORG,true
samsung,Samsung,ORG,true
samsung galaxy,Samsung Galaxy,ORG,true
samuráis azules,Samuráis Azules,ORG,true
san antonio spurs,San Antonio Spurs,ORG,true
san francisco de asís,San Francisco de Asís,ORG,true
san francisco fc,San Francisco Fc,ORG,true
san francisco la chorrera,San Francisco la Chorrera,ORG,true
san lorenzo,San Lorenzo,ORG,true
san silveira,San Silveira,ORG,true
sanchez,Sanchez,ORG,true
sandia 1,Sandia 1,ORG,true
sanitas,Sanitas,ORG,true
sanofi,Sanofi,ORG,true
santa,Santa,ORG,true
santos fc,Santos Fc,ORG,true
sao box,Sao Box,ORG,true
sao paulo,Sao Paulo,ORG,true
sap,Sap,ORG,true
sas,Sas,ORG,true
sassuolo,Sassuolo,ORG,true
satanás,Satanás,ORG,true
satena,Satena,ORG,true
saudi aramco,Saudi Aramco,ORG,true
save the children,Save The Children,ORG,true
savia salud,Savia Salud,ORG,true
sawiris,Sawiris,ORG,true
sayco,Sayco,ORG,true
sb energy,Sb Energy,ORG,true
sbq,Sbq,ORG,true
scaloneta,Scaloneta,ORG,true
schneider electric,Schneider Electric,ORG,true
schwarzenegger,Schwarzenegger,ORG,true
sci,Sci,ORG,true
scream,Scream,ORG,true
seastock,Seastock,ORG,true
seat,Seat,ORG,true
seat arona 2026,Seat Arona 2026,ORG,true
seat ibiza,Seat Ibiza,ORG,true
sec,Sec,ORG,true
sec. de educación de caldas,Sec. de Educación de Caldas,ORG,true
seccional de tránsito,Seccional de Tránsito,ORG,true
secop,Secop,ORG,true
secretaria de educación,Secretaría de Educación,ORG,true
secretaria de movilidad,Secretaría de Movilidad,ORG,true
secretaria de movilidad de bogota,Secretaría de Movilidad de Bogotá,ORG,true
secretaria de movilidad de bogotá,Secretaría de Movilidad de Bogotá,ORG,true
secretaria de participación ciudadana,Secretaria de Participación Ciudadana,ORG,true
secretaria de salud,Secretaría de Salud,ORG,true
secretaria de seguridad,Secretaría de Seguridad,ORG,true
secretaria política de la juventud comunista,Secretaria Política de la Juventud Comunista,ORG,true
secretariado,Secretariado,ORG,true
secretaría,Secretaría,ORG,true
secretaría de ambiente,Secretaría de Ambiente,ORG,true
secretaría de bienestar social,Secretaría de Bienestar Social,ORG,true
secretaría de cultura,Secretaría de Cultura,ORG,true
secretaría de deporte,Secretaría de Deporte,ORG,true
secretaría de desarrollo agropecuario,Secretaría de Desarrollo Agropecuario,ORG,true
secretaría de educación,Secretaría de Educación,ORG,true
secretaría de hábitat,Secretaría de Hábitat,ORG,true
secretaría de infraestructura,Secretaría de Infraestructura,ORG,true
secretaría de la cámara,Secretaría de la Cámara,ORG,true
secretaría de la mujer,Secretaría de la Mujer,ORG,true
secretaría de movilidad,Secretaría de Movilidad,ORG,true
secretaría de movilidad de bogotá,Secretaría de Movilidad de Bogotá,ORG,true
secretaría de planeación,Secretaría de Planeación,ORG,true
secretaría de salud,Secretaría de Salud,ORG,true
secretaría de salud de cali,Secretaría de Salud de Cali,ORG,true
secretaría de seguridad,Secretaría de Seguridad,ORG,true
secretaría de tránsito,Secretaría de Tránsito,ORG,true
secretaría del deporte,Secretaría del Deporte,ORG,true
secretaría del hábitat,Secretaría del Hábitat,ORG,true
secretaría del interior,Secretaría del Interior,ORG,true
secretaría general,Secretaría General,ORG,true
secretaría general de la comisión quinta de la cámara,Secretaría General de la Comisión Quinta de la Cámara,ORG,true
secretaría jurídica,Secretaría Jurídica,ORG,true
sector agricultura,Sector Agricultura,ORG,true
sector central,Sector Central,ORG,true
sede centro,Sede Centro,ORG,true
sega,Sega,ORG,true
segunda brigada,Segunda Brigada,ORG,true
segunda marquetalia,Segunda Marquetalia,ORG,true
seguro de vida,Seguro de Vida,ORG,true
seguros del estado,Seguros del Estado,ORG,true
seguros mundial,Seguros Mundial,ORG,true
seguros sura,Seguros Sura,ORG,true
segway,Segway,ORG,true
seleccion argentina,Selección Argentina,ORG,true
seleccion colombia,Selección Colombia,ORG,true
seleccion colombia femenina,Selección Colombia Femenina,ORG,true
selecciones colombianas de fútbol,Selecciones Colombianas de Fútbol,ORG,true
selección argentina,Selección Argentina,ORG,true
selección colombia,Selección Colombia,ORG,true
selección colombia femenina,Selección Colombia Femenina,ORG,true
selección colombiana de fútbol,Selección Colombiana de Fútbol,ORG,true
selección de curazao,Selección de Curazao,ORG,true
selección de haití,Selección de Haití,ORG,true
selecta,Selecta,ORG,true
seminario juan,Seminario Juan,ORG,true
sena,Sena,ORG,true
senado,Senado,ORG,true
senado de la republica,Senado de la República,ORG,true
senegal mundial,Senegal Mundial,ORG,true
sener,Sener,ORG,true
septima,Septima,ORG,true
serbia,Serbia,LOC,true
servibanca,Servibanca,ORG,true
servicio de urgencias de la clínica infantil de colsubsidio,Servicio de Urgencias de la Clínica Infantil de Colsubsidio,ORG,true
servicio geologico,Servicio Geológico,ORG,true
servicio geologico colombiano,Servicio Geológico Colombiano,ORG,true
servicio geológico,Servicio Geológico,ORG,true
servicio público de empleo,Servicio Público de Empleo,ORG,true
servicio secreto,Servicio Secreto,ORG,true
servicios ambientales hídricos,Servicios Ambientales Hídricos,ORG,true
servicios públicos de el banco,Servicios Públicos de el Banco,ORG,true
servientrega,Servientrega,ORG,true
servimaría,Servimaría,ORG,true
ses hospital de caldas,Ses Hospital de Caldas,ORG,true
setp,Setp,ORG,true
seventeen,Seventeen,ORG,true
señalización,Señalización,ORG,true
sgc,Sgc,ORG,true
sgp,Sgp,ORG,true
shaio,Shaio,ORG,true
shell,Shell,ORG,true
shopify,Shopify,ORG,true
shottas,Shottas,ORG,true
shrek 5,Shrek 5,ORG,true
shui,Shui,ORG,true
shutdown,Shutdown,ORG,true
si3,Si3,ORG,true
siata,Siata,ORG,true
sibus,Sibus,ORG,true
sic,Sic,ORG,true
sice-tac,Sice-tac,ORG,true
siderúrgica sidoc,Siderúrgica Sidoc,ORG,true
siemens ag,Siemens Ag,ORG,true
siemens energy,Siemens Energy,ORG,true
sierra morena,Sierra Morena,ORG,true
sierracol,Sierracol,ORG,true
siesa,Siesa,ORG,true
siete magníficos,Siete Magníficos,ORG,true
sijin,Sijin,ORG,true
sijín,Sijín,ORG,true
silicon,Silicon,ORG,true
silicon valley,Silicon Valley,ORG,true
silla vacía,Silla Vacía,ORG,true
silver lake,Silver Lake,ORG,true
simit,Simit,ORG,true
simo,Simo,ORG,true
sin bandera,Sin Bandera,ORG,true
sin filtro,Sin Filtro,ORG,true
sindicato colombiano de periodistas,Sindicato Colombiano de Periodistas,ORG,true
sindicato de coolechera,Sindicato de Coolechera,ORG,true
sindicato de energía eléctrica,Sindicato de Energía Eléctrica,ORG,true
sindicato de la uso,Sindicato de la Uso,ORG,true
sindicato de pediatras,Sindicato de Pediatras,ORG,true
sindicato de termopaipa,Sindicato de Termopaipa,ORG,true
sinfónica,Sinfónica,ORG,true
sinfónica especial de samacá,Sinfónica Especial de Samacá,ORG,true
sinohydro,Sinohydro,ORG,true
sintrabecólicas,Sintrabecólicas,ORG,true
sintraelecol,Sintraelecol,ORG,true
sinónima,Sinónima,ORG,true
sip,Sip,ORG,true
siri,Siri,ORG,true
siria,Siria,LOC,true
sirius,Sirius,ORG,true
sisbén,Sisbén,ORG,true
sisma,Sisma,ORG,true
sistema de salud,Sistema de Salud,ORG,true
sistema eléctrico nacional,Sistema Eléctrico Nacional,ORG,true
sistema interamericano de justicia,Sistema Interamericano de Justicia,ORG,true
sistema unificado de inversión y finanzas públicas,Sistema Unificado de Inversión y Finanzas Públicas,ORG,true
sitme,Sitme,ORG,true
sitp,Sitp,ORG,true
sixers,Sixers,ORG,true
sk,Sk,ORG,true
sk bioscience,Sk Bioscience,ORG,true
sk hynix,Sk Hynix,ORG,true
skandia,Skandia,ORG,true
skechers,Skechers,ORG,true
sky,Sky,ORG,true
sky airline,Sky Airline,ORG,true
sky s.a.s,Sky S.a.s,ORG,true
skydance,Skydance,ORG,true
skynet,Skynet,ORG,true
skysense,Skysense,ORG,true
slack,Slack,ORG,true
slb,Slb,ORG,true
smart,Smart,ORG,true
smart fit,Smart Fit,ORG,true
smart tv,Smart Tv,ORG,true
smash cos,Smash Cos,ORG,true
smic,Smic,ORG,true
smob,Smob,ORG,true
smurfit westrock,Smurfit Westrock,ORG,true
snacks,Snacks,ORG,true
snap,Snap,ORG,true
soat,Soat,ORG,true
soccer city,Soccer City,ORG,true
social media team,Social Media Team,ORG,true
social research center,Social Research Center,ORG,true
sociedad caldense de ing. civiles,Sociedad Caldense de Ing. Civiles,ORG,true
sociedad colombiana de cirugía plástica,Sociedad Colombiana de Cirugía Plástica,ORG,true
sociedad de activos especiales,Sociedad de Activos Especiales,ORG,true
sociedad de autores y compositores,Sociedad de Autores y Compositores,ORG,true
sociedad de cirugía plástica,Sociedad de Cirugía Plástica,ORG,true
sociedad hidroituango,Sociedad Hidroituango,ORG,true
sociedad interamericana de prensa,Sociedad Interamericana de Prensa,ORG,true
sociedad portuaria de buenaventura,Sociedad Portuaria de Buenaventura,ORG,true
sociedad tolimense de ingenieros,Sociedad Tolimense de Ingenieros,ORG,true
sociedades científicas,Sociedades Científicas,ORG,true
socio invisible,Socio Invisible,ORG,true
soda stereo,Soda Stereo,ORG,true
soda stereo ecos,Soda Stereo Ecos,ORG,true
sodexo,Sodexo,ORG,true
sodimac,Sodimac,ORG,true
sofascore,Sofascore,ORG,true
sofitel legend,Sofitel Legend,ORG,true
sofitel legend santa clara,Sofitel Legend Santa Clara,ORG,true
softbank,Softbank,ORG,true
softpower,Softpower,ORG,true
software,Software,ORG,true
soga,Soga,ORG,true
soho,Soho,ORG,true
solla,Solla,ORG,true
solstice advanced materials,Solstice Advanced Materials,ORG,true
soluna,Soluna,ORG,true
somos internet,Somos Internet,ORG,true
sondeo,Sondeo,ORG,true
sonovista,Sonovista,ORG,true
sony,Sony,ORG,true
sony group corp,Sony Group Corp,ORG,true
sony music,Sony Music,ORG,true
sony pictures,Sony Pictures,ORG,true
souffleur,Souffleur,ORG,true
southampton,Southampton,ORG,true
soy porque somos,Soy Porque Somos,ORG,true
space,Space,ORG,true
space x,Space X,ORG,true
spacex,Spacex,ORG,true
spark,Spark,ORG,true
spark azul,Spark Azul,ORG,true
spec,Spec,ORG,true
spec lng,Spec Lng,ORG,true
spice girl,Spice Girl,ORG,true
spice girls,Spice Girls,ORG,true
spider-man,Spider-Man,ORG,true
spirit airlines,Spirit Airlines,ORG,true
spiwak,Spiwak,ORG,true
splatoon,Splatoon,ORG,true
splatoon raiders,Splatoon Raiders,ORG,true
sporting,Sporting,ORG,true
sporting cp,Sporting Cp,ORG,true
sporting cristal,Sporting Cristal,ORG,true
sporting de lisboa,Sporting de Lisboa,ORG,true
sporting lisboa,Sporting Lisboa,ORG,true
sports illustrated,Sports Illustrated,ORG,true
spotify,Spotify,ORG,true
sprbun,Sprbun,ORG,true
spurs,Spurs,ORG,true
sqm,Sqm,ORG,true
sr,Sr,ORG,true
src,Src,ORG,true
st gallen,St Gallen,ORG,true
st. gallen,St. Gallen,ORG,true
stanchart,Stanchart,ORG,true
starbucks,Starbucks,ORG,true
starlink,Starlink,ORG,true
startupblink,Startupblink,ORG,true
state street,State Street,ORG,true
stellantis,Stellantis,ORG,true
stereo,Stereo,ORG,true
stereo riohacha,Stereo Riohacha,ORG,true
stones,Stones,ORG,true
stonewall,Stonewall,ORG,true
store,Store,ORG,true
stray kids,Stray Kids,ORG,true
streamer,Streamer,ORG,true
stripe,Stripe,ORG,true
stubhub,Stubhub,ORG,true
studio fix,Studio Fix,ORG,true
stuttgart,Stuttgart,ORG,true
stv,Stv,ORG,true
sub-19,Sub-19,ORG,true
subaru,Subaru,ORG,true
subred,Subred,ORG,true
subred de salud,Subred de Salud,ORG,true
subred norte,Subred Norte,ORG,true
subway,Subway,ORG,true
sucroal,Sucroal,ORG,true
sudáfrica 1,Sudáfrica 1,ORG,true
sue,Sue,ORG,true
sukarne,Sukarne,ORG,true
sumas,Sumas,ORG,true
sumatec,Sumatec,ORG,true
sumia,Sumia,ORG,true
summit,Summit,ORG,true
sunca,Sunca,ORG,true
sunderland,Sunderland,ORG,true
sunglass hut,Sunglass Hut,ORG,true
super inter,Super Inter,ORG,true
superfinanciera,Superfinanciera,ORG,true
supergiros,Supergiros,ORG,true
superindustria,Superindustria,ORG,true
superindustria y comercio,Superindustria y Comercio,ORG,true
superintendencia,Superintendencia,ORG,true
superintendencia de industria y comercio,Superintendencia de Industria y Comercio,ORG,true
superintendencia de la economía solidaria,Superintendencia de la Economía Solidaria,ORG,true
superintendencia de notariado,Superintendencia de Notariado,ORG,true
superintendencia de salud,Superintendencia de Salud,ORG,true
superintendencia de sociedades,Superintendencia de Sociedades,ORG,true
superintendencia de transporte,Superintendencia de Transporte,ORG,true
superintendencia financiera,Superintendencia Financiera,ORG,true
superintendencia nacional de salud,Superintendencia Nacional de Salud,ORG,true
supermercado,Supermercado,ORG,true
supermú,Supermú,ORG,true
supernotariado,Supernotariado,ORG,true
superpetrolero,Superpetrolero,ORG,true
supersalud,Supersalud,ORG,true
superservicios,Superservicios,ORG,true
supersevicios,Supersevicios,ORG,true
supersociedades,Supersociedades,ORG,true
supersolidaria,Supersolidaria,ORG,true
supersubsidio,Supersubsidio,ORG,true
supertransporte,Supertransporte,ORG,true
supervigilancia,Supervigilancia,ORG,true
suprema,Suprema,ORG,true
supremo,Supremo,ORG,true
sura,Sura,ORG,true
sura investments,Sura Investments,ORG,true
suram tv yopal,Suram Tv Yopal,ORG,true
sured,Sured,ORG,true
surgical,Surgical,ORG,true
surtigas,Surtigas,ORG,true
suzuki,Suzuki,ORG,true
switch 2,Switch 2,ORG,true
systema solar,Systema Solar,ORG,true
são paulo,São Paulo,ORG,true
séptima división,Séptima División,ORG,true
séptimo día,Séptimo Día,ORG,true
síllega,Síllega,ORG,true
súper activa radio san gil,Súper Activa Radio San Gil,ORG,true
súper chontico millonario,Súper Chontico Millonario,ORG,true
taco bell,Taco Bell,ORG,true
taekwondo,Taekwondo,ORG,true
takaichi,Takaichi,ORG,true
takeda,Takeda,ORG,true
talent trends,Talent Trends,ORG,true
talentos cartageneros,Talentos Cartageneros,ORG,true
target,Target,ORG,true
tas,Tas,ORG,true
taste atlas,Taste Atlas,ORG,true
tasteatlas,Tasteatlas,ORG,true
taylor farms,Taylor Farms,ORG,true
taylor morrison,Taylor Morrison,ORG,true
tc,Tc,ORG,true
tcp,Tcp,ORG,true
tdea,Tdea,ORG,true
tdi,Tdi,ORG,true
team bahrain,Team Bahrain,ORG,true
team bahrain victorious,Team Bahrain Victorious,ORG,true
team sistecrédito,Team Sistecrédito,ORG,true
teatro amira de la rosa,Teatro Amira de la Rosa,ORG,true
teatro el parque,Teatro el Parque,ORG,true
teatrón,Teatrón,ORG,true
tech,Tech,ORG,true
tech week,Tech Week,ORG,true
technoserve,Technoserve,ORG,true
tecnoglass,Tecnoglass,ORG,true
tecnológico,Tecnológico,ORG,true
tecnoquímicas,Tecnoquímicas,ORG,true
teherán,Teherán,ORG,true
teleantioquia,Teleantioquia,ORG,true
telecafé,Telecafé,ORG,true
telecall,Telecall,ORG,true
telecaribe,Telecaribe,ORG,true
telecom,Telecom,ORG,true
telefonica,Telefonica,ORG,true
telefónica,Telefónica,ORG,true
telegram,Telegram,ORG,true
telemaraton,Telemaraton,ORG,true
telemundo,Telemundo,ORG,true
telemundo 51,Telemundo 51,ORG,true
telepacífico,Telepacífico,ORG,true
telepatia,Telepatia,ORG,true
telesangil san,Telesangil San,ORG,true
teletón,Teletón,ORG,true
tello,Tello,ORG,true
telus,Telus,ORG,true
tempo,Tempo,ORG,true
temu,Temu,ORG,true
tercer canal,Tercer Canal,ORG,true
tercera brigada,Tercera Brigada,ORG,true
terf,Terf,ORG,true
terminal,Terminal,ORG,true
terminal de transporte,Terminal de Transporte,ORG,true
terminal de transportes,Terminal de Transportes,ORG,true
terminal del norte,Terminal del Norte,ORG,true
termocandelaria,Termocandelaria,ORG,true
termocarabobo,Termocarabobo,ORG,true
termopaipa,Termopaipa,ORG,true
termoyopal,Termoyopal,ORG,true
terpel,Terpel,ORG,true
terpel sunex,Terpel Sunex,ORG,true
terranum,Terranum,ORG,true
tes,Tes,ORG,true
tes uvr,Tes Uvr,ORG,true
tesla,Tesla,ORG,true
tesla semi,Tesla Semi,ORG,true
tesoro,Tesoro,ORG,true
tete samper,Tete Samper,ORG,true
tether,Tether,ORG,true
tetra pak,Tetra Pak,ORG,true
tgi,Tgi,ORG,true
thales,Thales,ORG,true
the athletic,The Athletic,ORG,true
the beat voice,The Beat Voice,ORG,true
the big bang theory,The Big Bang Theory,ORG,true
the black cat bone,The Black Cat Bone,ORG,true
the chosen 6,The Chosen 6,ORG,true
the code,The Code,ORG,true
the economist,The Economist,ORG,true
the gentlemen,The Gentlemen,ORG,true
the ghetto kids,The Ghetto Kids,ORG,true
the guardian,The Guardian,ORG,true
the information,The Information,ORG,true
the killers,The Killers,ORG,true
the lancet,The Lancet,ORG,true
the late show,The Late Show,ORG,true
the legal 500,The Legal 500,ORG,true
the macallan,The Macallan,ORG,true
the mandalorian,The Mandalorian,ORG,true
the mandalorian & grogu,The Mandalorian & Grogu,ORG,true
the mills,The Mills,ORG,true
the nature conservancy,The Nature Conservancy,ORG,true
the new york post,The New York Post,ORG,true
the ocean cleanup,The Ocean Cleanup,ORG,true
the office,The Office,ORG,true
the palm beaches,The Palm Beaches,ORG,true
the strokes,The Strokes,ORG,true
the times,The Times,ORG,true
the tropical fusagasugá,The Tropical Fusagasugá,ORG,true
the wall street,The Wall Street,ORG,true
the wall street journal,The Wall Street Journal,ORG,true
the walt disney,The Walt Disney,ORG,true
the washington post,The Washington Post,ORG,true
the weeknd,The Weeknd,ORG,true
theatron,Theatron,ORG,true
thomas greg & sons,Thomas Greg & Sons,ORG,true
thunder,Thunder,ORG,true
tianwen-2,Tianwen-2,ORG,true
tiburón,Tiburón,ORG,true
ticket fast,Ticket Fast,ORG,true
ticketmaster,Ticketmaster,ORG,true
ticsa,Ticsa,ORG,true
tiembla toyota,Tiembla Toyota,ORG,true
tiendas ara,Tiendas Ara,ORG,true
tiendas d1,Tiendas D1,ORG,true
tierra de bendiciones,Tierra de Bendiciones,ORG,true
tiggo 9,Tiggo 9,ORG,true
tigo,Tigo,ORG,true
tigre,Tigre,ORG,true
tigres,Tigres,ORG,true
tigres blancos,Tigres Blancos,ORG,true
tigresa del oriente,Tigresa del Oriente,ORG,true
tigresas de la patria,Tigresas de la Patria,ORG,true
tiguerones,Tiguerones,ORG,true
tiktok,Tiktok,ORG,true
tiktok shop,Tiktok Shop,ORG,true
time,Time,ORG,true
time out,Time Out,ORG,true
times higher education,Times Higher Education,ORG,true
tinder,Tinder,ORG,true
tiro libre,Tiro Libre,ORG,true
tití,Tití,ORG,true
tlatelolco,Tlatelolco,ORG,true
tm,Tm,ORG,true
tmec,Tmec,ORG,true
tnc,Tnc,ORG,true
tns,Tns,ORG,true
tocata,Tocata,ORG,true
todosporvenezuela,Todosporvenezuela,ORG,true
tools for humanity,Tools For Humanity,ORG,true
top chef vip,Top Chef Vip,ORG,true
topos,Topos,ORG,true
topos azteca,Topos Azteca,ORG,true
topos aztecas,Topos Aztecas,ORG,true
topos de tlatelolco,Topos de Tlatelolco,ORG,true
torino,Torino,ORG,true
toros,Toros,ORG,true
torreense,Torreense,ORG,true
torrense,Torrense,ORG,true
totalenergies,Totalenergies,ORG,true
tottenham,Tottenham,ORG,true
toxicosteña,Toxicosteña,ORG,true
toy,Toy,ORG,true
toy story,Toy Story,ORG,true
toy story 5,Toy Story 5,ORG,true
toyota,Toyota,ORG,true
toyota gazoo racing,Toyota Gazoo Racing,ORG,true
toyotas,Toyotas,ORG,true
tp,Tp,ORG,true
tpaga,Tpaga,ORG,true
tpl,Tpl,ORG,true
tps,Tps,ORG,true
trabzonspor,Trabzonspor,ORG,true
tractocamion,Tractocamion,ORG,true
tractocamión,Tractocamión,ORG,true
trafigura,Trafigura,ORG,true
train to busan,Train To Busan,ORG,true
trainspotting,Trainspotting,ORG,true
transcaribe,Transcaribe,ORG,true
transferport,Transferport,ORG,true
transmetro,Transmetro,ORG,true
transmicable,Transmicable,ORG,true
transmilenio,Transmilenio,ORG,true
transmileno,Transmileno,ORG,true
transparencia,Transparencia,ORG,true
transparencia electoral,Transparencia Electoral,ORG,true
transprensa,Transprensa,ORG,true
trasmilenio,Trasmilenio,ORG,true
travel + leisure,Travel + Leisure,ORG,true
travel fest,Travel Fest,ORG,true
tren de aragua,Tren de Aragua,ORG,true
tren del coro,Tren del Coro,ORG,true
trendy brow bar,Trendy Brow Bar,ORG,true
tres leones,Tres Leones,ORG,true
tri,Tri,ORG,true
triara,Triara,ORG,true
tribuna club,Tribuna Club,ORG,true
tribuna de la energía de afinia,Tribuna de la Energía de Afinia,ORG,true
tribuna futbolera,Tribuna Futbolera,ORG,true
tribuna mundialista salsera,Tribuna Mundialista Salsera,ORG,true
tribunal administrativo,Tribunal Administrativo,ORG,true
tribunal de apelaciones,Tribunal de Apelaciones,ORG,true
tribunal de bogota,Tribunal de Bogotá,ORG,true
tribunal de bogotá,Tribunal de Bogotá,ORG,true
tribunal de cundinamarca,Tribunal de Cundinamarca,ORG,true
tribunal superior,Tribunal Superior,ORG,true
tribunal superior de bogota,Tribunal Superior de Bogotá,ORG,true
tribunal superior de villavicencio,Tribunal Superior de Villavicencio,ORG,true
tribunal superior militar,Tribunal Superior Militar,ORG,true
tribunal supremo,Tribunal Supremo,ORG,true
tribunales,Tribunales,ORG,true
trii,Trii,ORG,true
trinity,Trinity,ORG,true
tripadvisor,Tripadvisor,ORG,true
triple alianza,Triple Alianza,ORG,true
triumph,Triumph,ORG,true
triumphe,Triumphe,ORG,true
trm,Trm,ORG,true
trocha pura colombiana,Trocha Pura Colombiana,ORG,true
tropicana neiva,Tropicana Neiva,ORG,true
trycore,Trycore,ORG,true
tsa,Tsa,ORG,true
tsmc,Tsmc,ORG,true
tu boleta,Tu Boleta,ORG,true
tuboleta,Tuboleta,ORG,true
tuboleta.com,Tuboleta.com,ORG,true
tulotero,Tulotero,ORG,true
tundama,Tundama,ORG,true
tungsteno,Tungsteno,ORG,true
tupperware,Tupperware,ORG,true
tv azteca,Tv Azteca,ORG,true
tvs,Tvs,ORG,true
tvs motor company,Tvs Motor Company,ORG,true
tvs motors,Tvs Motors,ORG,true
twisters gymnastics,Twisters Gymnastics,ORG,true
twitch,Twitch,ORG,true
twitter,Twitter,ORG,true
térmicas,Térmicas,ORG,true
tío rico,Tío Rico,ORG,true
türkiye,Türkiye,ORG,true
u externado,U Externado,ORG,true
u nacional,U Nacional,ORG,true
u. católica,U. Católica,ORG,true
u. del cesar,U. del Cesar,ORG,true
u. distrital,U. Distrital,ORG,true
u. grancolombiano,U. Grancolombiano,ORG,true
u. nacional,U. Nacional,ORG,true
u. tecnológica,U. Tecnológica,ORG,true
u2,U2,ORG,true
ua,Ua,ORG,true
uae,Uae,ORG,true
uae team,Uae Team,ORG,true
uae team emirates,Uae Team Emirates,ORG,true
uaesp,Uaesp,ORG,true
uandes,Uandes,ORG,true
uao,Uao,ORG,true
uapa,Uapa,ORG,true
ubdp,Ubdp,ORG,true
uber,Uber,ORG,true
uber cabify,Uber Cabify,ORG,true
uber eats,Uber Eats,ORG,true
ubpd,Ubpd,ORG,true
ubs,Ubs,ORG,true
ucc,Ucc,ORG,true
uci,Uci,ORG,true
ucm,Ucm,ORG,true
ucompensar,Ucompensar,ORG,true
ucv,Ucv,ORG,true
udea,Udea,ORG,true
udima,Udima,ORG,true
udinese,Udinese,ORG,true
ue,Ue,ORG,true
uees,Uees,ORG,true
uefa,Uefa,ORG,true
ufc,Ufc,ORG,true
uflow,Uflow,ORG,true
ufo,Ufo,ORG,true
ugc,Ugc,ORG,true
ugpp,Ugpp,ORG,true
uia,Uia,ORG,true
uiaf,Uiaf,ORG,true
uicn,Uicn,ORG,true
uigur,Uigur,ORG,true
uis,Uis,ORG,true
ultrahit televisión,Ultrahit Televisión,ORG,true
umata,Umata,ORG,true
umayor,Umayor,ORG,true
umg,Umg,ORG,true
unab,Unab,ORG,true
unad,Unad,ORG,true
unal,Unal,ORG,true
unal palmira,Unal Palmira,ORG,true
unam,Unam,ORG,true
uncoli,Uncoli,ORG,true
undeco,Undeco,ORG,true
undmo,Undmo,ORG,true
unesco,Unesco,ORG,true
ungrd,Ungrd,ORG,true
uni2 microcrédito,Uni2 Microcrédito,ORG,true
uniagraria,Uniagraria,ORG,true
uniagustiniana,Uniagustiniana,ORG,true
uniamazonía,Uniamazonía,ORG,true
uniandes,Uniandes,ORG,true
uniandinos,Uniandinos,ORG,true
uniapuestas,Uniapuestas,ORG,true
uniatlantico,Uniatlantico,ORG,true
uniatlántico,Uniatlántico,ORG,true
uniautónoma,Uniautónoma,ORG,true
unibac,Unibac,ORG,true
unibagué,Unibagué,ORG,true
uniban,Uniban,ORG,true
unicali,Unicali,ORG,true
unicartagena,Unicartagena,ORG,true
unicartargena,Unicartargena,ORG,true
unicef,Unicef,ORG,true
unicentro,Unicentro,ORG,true
unicesar,Unicesar,ORG,true
unicredit,Unicredit,ORG,true
unicórdoba,Unicórdoba,ORG,true
unidad antiexplosivos,Unidad Antiexplosivos,ORG,true
unidad de acuerdo de paz,Unidad de Acuerdo de Paz,ORG,true
unidad de alimentos para el aprendizaje,Unidad de Alimentos Para el Aprendizaje,ORG,true
unidad de antinarcóticos,Unidad de Antinarcóticos,ORG,true
unidad de bienes y servicios,Unidad de Bienes y Servicios,ORG,true
unidad de busqueda,Unidad de Búsqueda,ORG,true
unidad de búsqueda,Unidad de Búsqueda,ORG,true
unidad de implementación del acuerdo de paz,Unidad de Implementación del Acuerdo de Paz,ORG,true
unidad de regulación financiera,Unidad de Regulación Financiera,ORG,true
unidad de restitución de tierras,Unidad de Restitución de Tierras,ORG,true
unidad de riesgo,Unidad de Riesgo,ORG,true
unidad de salud,Unidad de Salud,ORG,true
unidad de víctimas,Unidad de Víctimas,ORG,true
unidad deportiva el campestre,Unidad Deportiva el Campestre,ORG,true
unidad móvil de salud,Unidad Móvil de Salud,ORG,true
unidad nacional,Unidad Nacional,ORG,true
unidad nacional de gestión del riesgo,Unidad Nacional de Gestión del Riesgo,ORG,true
unidad nacional de intervención policial,Unidad Nacional de Intervención Policial,ORG,true
unidad nacional de protección,Unidad Nacional de Protección,ORG,true
unidad nacional para la gestión del riesgo,Unidad Nacional Para la Gestión del Riesgo,ORG,true
unidad para las víctimas,Unidad Para las Víctimas,ORG,true
unidad para víctimas,Unidad Para Víctimas,ORG,true
unidiplo,Unidiplo,ORG,true
unidrogas,Unidrogas,ORG,true
uniempresarial,Uniempresarial,ORG,true
uniespinal,Uniespinal,ORG,true
uniguajira,Uniguajira,ORG,true
unilever,Unilever,ORG,true
unilibre,Unilibre,ORG,true
unimag,Unimag,ORG,true
unimagdalena,Unimagdalena,ORG,true
uniminuto,Uniminuto,ORG,true
unimontemariana,Unimontemariana,ORG,true
uninorte,Uninorte,ORG,true
uninorte stereo,Uninorte Stereo,ORG,true
unintep,Unintep,ORG,true
unioc,Unioc,ORG,true
union europea,Unión Europea,ORG,true
unipamplona,Unipamplona,ORG,true
unipol,Unipol,ORG,true
unips,Unips,ORG,true
unir,Unir,ORG,true
unisabana,Unisabana,ORG,true
unisabana tec,Unisabana Tec,ORG,true
unisimón,Unisimón,ORG,true
unisinú,Unisinú,ORG,true
united,United,ORG,true
united 2026,United 2026,ORG,true
united airlines,United Airlines,ORG,true
united healthcare,United Healthcare,ORG,true
united wholesale mortgage,United Wholesale Mortgage,ORG,true
unitedhealthcare,Unitedhealthcare,ORG,true
unitree,Unitree,ORG,true
unitree robotics,Unitree Robotics,ORG,true
univalle,Univalle,ORG,true
universal,Universal,ORG,true
universal kids resort,Universal Kids Resort,ORG,true
universal music,Universal Music,ORG,true
universal music group,Universal Music Group,ORG,true
universal orlando,Universal Orlando,ORG,true
universidad antonio de nebrija,Universidad Antonio de Nebrija,ORG,true
universidad antonio josé camacho,Universidad Antonio José Camacho,ORG,true
universidad autónoma de occidente,Universidad Autónoma de Occidente,ORG,true
universidad católica,Universidad Católica,ORG,true
universidad central,Universidad Central,ORG,true
universidad de antioquia,Universidad de Antioquia,ORG,true
universidad de belice,Universidad de Belice,ORG,true
universidad de boston,Universidad de Boston,ORG,true
universidad de cartagena,Universidad de Cartagena,ORG,true
universidad de granada,Universidad de Granada,ORG,true
universidad de harvard,Universidad de Harvard,ORG,true
universidad de la amazonía,Universidad de la Amazonía,ORG,true
universidad de la sabana,Universidad de la Sabana,ORG,true
universidad de la salle,Universidad de la Salle,ORG,true
universidad de los andes,Universidad de los Andes,ORG,true
universidad de oriente,Universidad de Oriente,ORG,true
universidad de oxford,Universidad de Oxford,ORG,true
universidad de pamplona,Universidad de Pamplona,ORG,true
universidad de reading,Universidad de Reading,ORG,true
universidad de stanford,Universidad de Stanford,ORG,true
universidad del atlántico,Universidad del Atlántico,ORG,true
universidad del cesar,Universidad del Cesar,ORG,true
universidad del espinal,Universidad del Espinal,ORG,true
universidad del norte,Universidad del Norte,ORG,true
universidad del oriente,Universidad del Oriente,ORG,true
universidad del pacífico,Universidad del Pacífico,ORG,true
universidad del perreo,Universidad del Perreo,ORG,true
universidad del rosario,Universidad del Rosario,ORG,true
universidad del sur,Universidad del Sur,ORG,true
universidad del tolima,Universidad del Tolima,ORG,true
universidad distrital,Universidad Distrital,ORG,true
universidad distrital 2026,Universidad Distrital 2026,ORG,true
universidad duarte,Universidad Duarte,ORG,true
universidad eafit,Universidad Eafit,ORG,true
universidad ecci,Universidad Ecci,ORG,true
universidad eia,Universidad Eia,ORG,true
universidad el bosque,Universidad el Bosque,ORG,true
universidad estatal de virginia,Universidad Estatal de Virginia,ORG,true
universidad europea,Universidad Europea,ORG,true
universidad externado,Universidad Externado,ORG,true
universidad icesi,Universidad Icesi,ORG,true
universidad javeriana,Universidad Javeriana,ORG,true
universidad libre,Universidad Libre,ORG,true
universidad militar,Universidad Militar,ORG,true
universidad militar nueva granada,Universidad Militar Nueva Granada,ORG,true
universidad nacional,Universidad Nacional,ORG,true
universidad pedagógica,Universidad Pedagógica,ORG,true
universidad pedagógica nacional,Universidad Pedagógica Nacional,ORG,true
universidad policial,Universidad Policial,ORG,true
universidad popular del cesar,Universidad Popular del Cesar,ORG,true
universidad salesiana,Universidad Salesiana,ORG,true
universidad san josé,Universidad San José,ORG,true
universidad santiago de cali,Universidad Santiago de Cali,ORG,true
universidad sergio arboleda,Universidad Sergio Arboleda,ORG,true
universitario,Universitario,ORG,true
universitario de deportes,Universitario de Deportes,ORG,true
univíctimas,Univíctimas,ORG,true
unión,Unión,ORG,true
unión africana,Unión Africana,ORG,true
unión europea,Unión Europea,ORG,true
unión gremial somos uno,Unión Gremial Somos Uno,ORG,true
unión interparlamentaria,Unión Interparlamentaria,ORG,true
unión patriótica,Unión Patriótica,ORG,true
unión sindical obrera,Unión Sindical Obrera,ORG,true
uno corp,Uno Corp,ORG,true
unodc,Unodc,ORG,true
unp,Unp,ORG,true
up,Up,ORG,true
upc,Upc,ORG,true
upit,Upit,ORG,true
upme,Upme,ORG,true
upn,Upn,ORG,true
uppv,Uppv,ORG,true
uptc,Uptc,ORG,true
urgo medical,Urgo Medical,ORG,true
uri,Uri,ORG,true
uribismo,Uribismo,ORG,true
uriel,Uriel,ORG,true
urt,Urt,ORG,true
us open,Us Open,ORG,true
usa,Usa,ORG,true
usa today,Usa Today,ORG,true
usar col,Usar Col,ORG,true
usarcol 1,Usarcol 1,ORG,true
usgs,Usgs,ORG,true
uspec,Uspec,ORG,true
usuaria,Usuaria,ORG,true
utadeo,Utadeo,ORG,true
utb,Utb,ORG,true
utb app,Utb App,ORG,true
utl,Utl,ORG,true
uts,Uts,ORG,true
uvr,Uvr,ORG,true
uzbeskistán,Uzbeskistán,ORG,true
valledupar fc,Valledupar Fc,ORG,true
valor de marca,Valor de Marca,ORG,true
valorant game changers,Valorant Game Changers,ORG,true
value & risk,Value & Risk,ORG,true
vampiros,Vampiros,ORG,true
vanguard,Vanguard,ORG,true
vantara,Vantara,ORG,true
vanti,Vanti,ORG,true
var,Var,ORG,true
variety,Variety,ORG,true
vasco,Vasco,ORG,true
vasco da gama,Vasco da Gama,ORG,true
vassar,Vassar,ORG,true
vecol,Vecol,ORG,true
veeduria,Veeduria,ORG,true
veeduría,Veeduría,ORG,true
veeduría ciudadana,Veeduría Ciudadana,ORG,true
veeduría de air-e,Veeduría de Air-e,ORG,true
veeduría de moniquirá,Veeduría de Moniquirá,ORG,true
veeduría distrital,Veeduría Distrital,ORG,true
veeseincol,Veeseincol,ORG,true
vel rosita,Vel Rosita,ORG,true
venados,Venados,ORG,true
venezolana,Venezolana,ORG,true
vengadores,Vengadores,ORG,true
ventolini,Ventolini,ORG,true
veolia,Veolia,ORG,true
veolia aguas del norte,Veolia Aguas del Norte,ORG,true
verdes,Verdes,ORG,true
verdiblanco,Verdiblanco,ORG,true
vergara,Vergara,ORG,true
veronorte,Veronorte,ORG,true
vertol,Vertol,ORG,true
vertol systems,Vertol Systems,ORG,true
veterinaria,Veterinaria,ORG,true
veterinario,Veterinario,ORG,true
vgmobility,Vgmobility,ORG,true
viceministerio de energía,Viceministerio de Energía,ORG,true
viceministra de defensa,Viceministra de Defensa,ORG,true
viceministro,Viceministro,ORG,true
viceministro de protección,Viceministro de Protección,ORG,true
vicepresidencia,Vicepresidencia,ORG,true
victorious,Victorious,ORG,true
video i,Video I,ORG,true
video i fanático,Video I Fanático,ORG,true
vikingos,Vikingos,ORG,true
village people,Village People,ORG,true
villarreal,Villarreal,ORG,true
villegas editores,Villegas Editores,ORG,true
vino al parque,Vino Al Parque,ORG,true
violator,Violator,ORG,true
viral i fanáticos,Viral I Fanáticos,ORG,true
viral i veterinarios,Viral I Veterinarios,ORG,true
virgin river,Virgin River,ORG,true
visa,Visa,ORG,true
vision pro,Vision Pro,ORG,true
visma lease,Visma Lease,ORG,true
vitol,Vitol,ORG,true
vitória,Vitória,ORG,true
viu,Viu,ORG,true
viva,Viva,ORG,true
vive 100,Vive 100,ORG,true
vive claro,Vive Claro,ORG,true
vive claro distrito cultural,Vive Claro Distrito Cultural,ORG,true
vive claro music hall,Vive Claro Music Hall,ORG,true
vladdo,Vladdo,ORG,true
voces del secuestro universal,Voces del Secuestro Universal,ORG,true
voces por la vida,Voces Por la Vida,ORG,true
voet,Voet,ORG,true
vogue,Vogue,ORG,true
volantear,Volantear,ORG,true
volkswagen,Volkswagen,ORG,true
voltera,Voltera,ORG,true
voluntaria,Voluntaria,ORG,true
volvo,Volvo,ORG,true
volvo cars,Volvo Cars,ORG,true
volvo ex60,Volvo Ex60,ORG,true
vox,Vox,ORG,true
voz del cielo tv,Voz del Cielo Tv,ORG,true
vozz coffee,Vozz Coffee,ORG,true
vs stuttgart,Vs Stuttgart,ORG,true
vulkano,Vulkano,ORG,true
vélez por la mañana,Vélez Por la Mañana,ORG,true
vía sumapaz,Vía Sumapaz,ORG,true
walgreens,Walgreens,ORG,true
wall,Wall,ORG,true
wall street journal,Wall Street Journal,ORG,true
walmart,Walmart,ORG,true
wamos,Wamos,ORG,true
warner,Warner,ORG,true
warner bros,Warner Bros,ORG,true
warner music group,Warner Music Group,ORG,true
washington post,Washington Post,ORG,true
waymo,Waymo,ORG,true
wayve,Wayve,ORG,true
waze,Waze,ORG,true
wcar,Wcar,ORG,true
wck,Wck,ORG,true
we make noise,We Make Noise,ORG,true
welli,Welli,ORG,true
wells fargo,Wells Fargo,ORG,true
wenia,Wenia,ORG,true
wenia card,Wenia Card,ORG,true
west ham united,West Ham United,ORG,true
westrock,Westrock,ORG,true
wework,Wework,ORG,true
whatsapp,Whatsapp,ORG,true
whatsapp web,Whatsapp Web,ORG,true
wimbledon,Wimbledon,ORG,true
win,Win,ORG,true
win sport,Win Sport,ORG,true
win sports,Win Sports,ORG,true
wingo,Wingo,ORG,true
wings for wheels,Wings For Wheels,ORG,true
winner group,Winner Group,ORG,true
woil s.a,Woil S.a,ORG,true
wola,Wola,ORG,true
wolverhampton,Wolverhampton,ORG,true
wom,Wom,ORG,true
wompi,Wompi,ORG,true
woodstone,Woodstone,ORG,true
workday,Workday,ORG,true
world,World,ORG,true
world foundation,World Foundation,ORG,true
world vision,World Vision,ORG,true
world2fly,World2fly,ORG,true
wplay,Wplay,ORG,true
wpp,Wpp,ORG,true
wta,Wta,ORG,true
wti,Wti,ORG,true
wttc,Wttc,ORG,true
wyndham hotels & resorts,Wyndham Hotels & Resorts,ORG,true
x-men,X-men,ORG,true
xai,Xai,ORG,true
xbox,Xbox,ORG,true
xertica,Xertica,ORG,true
xiaomi,Xiaomi,ORG,true
xm,Xm,ORG,true
xposible,Xposible,ORG,true
xrg,Xrg,ORG,true
xrg de emiratos,Xrg de Emiratos,ORG,true
xuma,Xuma,ORG,true
xuper tv,Xuper Tv,ORG,true
y combinator,Y Combinator,ORG,true
yabloko,Yabloko,ORG,true
yakuza,Yakuza,ORG,true
yale,Yale,ORG,true
yanky,Yanky,ORG,true
yara,Yara,ORG,true
yawa,Yawa,ORG,true
yhorman,Yhorman,ORG,true
yhormar hurtado,Yhormar Hurtado,PER,true
yo te creo,Yo Te Creo,ORG,true
yonhap,Yonhap,ORG,true
york knicks,York Knicks,ORG,true
young miko,Young Miko,ORG,true
youtube,Youtube,ORG,true
ypf,Ypf,ORG,true
yum,Yum,ORG,true
yum! brands,Yum! Brands,ORG,true
yuno,Yuno,ORG,true
yupi,Yupi,ORG,true
zara,Zara,ORG,true
zelestra,Zelestra,ORG,true
zelestra latam,Zelestra Latam,ORG,true
zenit,Zenit,ORG,true
zijin continental gold,Zijin Continental Gold,ORG,true
zoho,Zoho,ORG,true
zona económica binacional,Zona Económica Binacional,ORG,true
zona franca zofia,Zona Franca Zofia,ORG,true
zona franca zofía,Zona Franca Zofía,ORG,true
zona t,Zona T,ORG,true
zoologico,Zoologico,ORG,true
zoom,Zoom,ORG,true
zuckerberg,Zuckerberg,ORG,true
zurich,Zurich,ORG,true
zut,Zut,ORG,true
zz top,Zz Top,ORG,true
ágata,Ágata,ORG,true
águilas,Águilas,ORG,true
águilas doradas,Águilas Doradas,ORG,true
águilas negras,Águilas Negras,ORG,true
ángel priolo,Ángel Priolo,ORG,true
ánimo de lucro,Ánimo de Lucro,ORG,true
áreas de protección para la producción de alimentos,Áreas de Protección Para la Producción de Alimentos,ORG,true
átletico nacional,Átletico Nacional,ORG,true
ética,Ética,ORG,true
éxito de la matuna,Éxito de la Matuna,ORG,true
ísimo,Ísimo,ORG,true
ñeñe,Ñeñe,ORG,true
ópticas gmo,Ópticas Gmo,ORG,true
57 yair bermúdez,57 Yair Bermúdez,PER,true
a fare suárez,A Fare Suárez,PER,true
a. rodríguez,A. Rodríguez,PER,true
aalto,Aalto,PER,true
aang,Aang,PER,true
aaron rai,Aaron Rai,PER,true
aarón cantillo,Aarón Cantillo,PER,true
aasgaard,Aasgaard,PER,true
abad,Abad,PER,true
abadi,Abadi,PER,true
abascal,Abascal,PER,true
abaten,Abaten,PER,true
abatido,Abatido,PER,true
abatido ruso,Abatido Ruso,PER,true
abbott,Abbott,PER,true
abdul el-sayed,Abdul El-sayed,PER,true
abdullah ibrahim,Abdullah Ibrahim,PER,true
abel aguilar,Abel Aguilar,PER,true
abel ferreira,Abel Ferreira,PER,true
abel stiven carabalí,Abel Stiven Carabalí,PER,true
abelardo,Abelardo de la Espriella,PER,true
abelardo de la espriella,Abelardo de la Espriella,PER,true
abelardos,Abelardos,PER,true
abelín,Abelín,PER,true
abi sandells,Abi Sandells,PER,true
abismal,Abismal,PER,true
abott,Abott,PER,true
abraham,Abraham,PER,true
abraham palacios,Abraham Palacios,PER,true
abraham pérez,Abraham Pérez,PER,true
abramoff,Abramoff,PER,true
abás,Abás,PER,true
abú bilal,Abú Bilal,PER,true
acento,Acento,PER,true
achraf hakimi,Achraf Hakimi,PER,true
aciem,Aciem,PER,true
acodres,Acodres,PER,true
acosta,Acosta,PER,true
adam kidan,Adam Kidan,PER,true
adam mosseri,Adam Mosseri,PER,true
adam sandler,Adam Sandler,PER,true
adam shulman,Adam Shulman,PER,true
adelina covo,Adelina Covo,PER,true
adelina guerrero,Adelina Guerrero,PER,true
administración galán,Administración Galán,PER,true
adolfo kogui,Adolfo Kogui,PER,true
adolfo maury,Adolfo Maury,PER,true
adolfo meisel,Adolfo Meisel,PER,true
adorni,Adorni,PER,true
adriana agredo,Adriana Agredo,PER,true
adriana becerra,Adriana Becerra,PER,true
adriana gandía,Adriana Gandía,PER,true
adriana gandía vásquez,Adriana Gandía Vásquez,PER,true
adriana garcía,Adriana García,PER,true
adriana isabel,Adriana Isabel,PER,true
adriana jiménez,Adriana Jiménez,PER,true
adriana jiménez delgado,Adriana Jiménez Delgado,PER,true
adriana lucia,Adriana Lucía,PER,true
adriana lucía,Adriana Lucía,PER,true
adriana magali matiz,Adriana Magali Matiz,PER,true
adriana manotas,Adriana Manotas,PER,true
adriana matiz,Adriana Matiz,PER,true
adriana ocampo,Adriana Ocampo,PER,true
adriana romero,Adriana Romero,PER,true
adriana torrebejano,Adriana Torrebejano,PER,true
adriana zamora,Adriana Zamora,PER,true
adriano,Adriano,PER,true
adrián magnoli,Adrián Magnoli,PER,true
adrián patiño gómez,Adrián Patiño Gómez,PER,true
adrián ramos,Adrián Ramos,PER,true
adrián ravier,Adrián Ravier,PER,true
adán r,Adán R,PER,true
adán rodríguez,Adán Rodríguez,PER,true
adèle exarchopoulos,Adèle Exarchopoulos,PER,true
afonso eulálio,Afonso Eulálio,PER,true
aglaé caraballo,Aglaé Caraballo,PER,true
agmeth escaf,Agmeth Escaf,PER,true
agmeth scaf,Agmeth Scaf,PER,true
agostina vega,Agostina Vega,PER,true
agremgas,Agremgas,PER,true
agudelo,Agudelo,PER,true
aguirre,Aguirre,PER,true
agustin,Agustin,PER,true
agustín codazzi,Agustín Codazzi,PER,true
agustín hernández,Agustín Hernández,PER,true
agustín laje,Agustín Laje,PER,true
ahmadineyad,Ahmadineyad,PER,true
ai weiwei,Ai Weiwei,PER,true
aida avella,Aida Avella,PER,true
aida bossa,Aida Bossa,PER,true
aida cortes,Aida Cortés,PER,true
aida cortés,Aida Cortés,PER,true
aida merlano,Aida Merlano,PER,true
aida quilcue,Aida Quilcué,PER,true
aida quilcué,Aida Quilcué,PER,true
aida victoria,Aida Victoria,PER,true
aida victoria merlano,Aida Victoria Merlano,PER,true
akane,Akane,PER,true
akanji,Akanji,PER,true
alado,Alado,PER,true
alahia,Alahia,PER,true
alan greenspan,Alan Greenspan,PER,true
alan ramírez,Alan Ramírez,PER,true
alan ritchson,Alan Ritchson,PER,true
alan trevino,Alan Trevino,PER,true
alan turing,Alan Turing,PER,true
alana alves,Alana Alves,PER,true
alba lucía velásquez,Alba Lucía Velásquez,PER,true
alba mercedes,Alba Mercedes,PER,true
albalucía ángel,Albalucía Ángel,PER,true
albert einstein,Albert Einstein,PER,true
albert montiel,Albert Montiel,PER,true
alberth piñeros,Alberth Piñeros,PER,true
albertico,Albertico,PER,true
alberto,Alberto,PER,true
alberto bernal,Alberto Bernal,PER,true
alberto bettiol,Alberto Bettiol,PER,true
alberto casas,Alberto Casas,PER,true
alberto gamero,Alberto Gamero,PER,true
alberto lati,Alberto Lati,PER,true
alberto leon,Alberto Leon,PER,true
alberto linero,Alberto Linero,PER,true
alberto lleras camargo,Alberto Lleras Camargo,PER,true
alberto mariño,Alberto Mariño,PER,true
alberto medina,Alberto Medina,PER,true
alberto núñez feijóo,Alberto Núñez Feijóo,PER,true
alberto plaza,Alberto Plaza,PER,true
alberto polanco,Alberto Polanco,PER,true
alberto ramos garbiras,Alberto Ramos Garbiras,PER,true
alberto rodríguez,Alberto Rodríguez,PER,true
alberto suarez,Alberto Suarez,PER,true
alberto suárez,Alberto Suárez,PER,true
alberto yepes barreiro,Alberto Yepes Barreiro,PER,true
alberto zape,Alberto Zape,PER,true
alcahueta,Alcahueta,PER,true
alci acosta,Alci Acosta,PER,true
alcira sandoval,Alcira Sandoval,PER,true
alcocer,Alcocer,PER,true
alcázar,Alcázar,PER,true
aldair bermúdez,Aldair Bermúdez,PER,true
aldair montealegre,Aldair Montealegre,PER,true
aldair montenegro,Aldair Montenegro,PER,true
aldemar ríos,Aldemar Ríos,PER,true
alec baldwin,Alec Baldwin,PER,true
alec segaer,Alec Segaer,PER,true
alec segaert,Alec Segaert,PER,true
alejandra,Alejandra,PER,true
alejandra azcárate,Alejandra Azcárate,PER,true
alejandra barrios,Alejandra Barrios,PER,true
alejandra borrero,Alejandra Borrero,PER,true
alejandra buitrago,Alejandra Buitrago,PER,true
alejandra chamorro,Alejandra Chamorro,PER,true
alejandra jaramillo,Alejandra Jaramillo,PER,true
alejandra jaramillo morales,Alejandra Jaramillo Morales,PER,true
alejandra murgas,Alejandra Murgas,PER,true
alejandra omaña,Alejandra Omaña,PER,true
alejandra paredes,Alejandra Paredes,PER,true
alejandra reyes,Alejandra Reyes,PER,true
alejandra rincón,Alejandra Rincón,PER,true
alejandra salguero,Alejandra Salguero,PER,true
alejandra sandoval,Alejandra Sandoval,PER,true
alejandra serje,Alejandra Serje,PER,true
alejandra urrea,Alejandra Urrea,PER,true
alejandra villafañe,Alejandra Villafañe,PER,true
alejandro,Alejandro,PER,true
alejandro aguilar,Alejandro Aguilar,PER,true
alejandro arbeláez,Alejandro Arbeláez,PER,true
alejandro barrera,Alejandro Barrera,PER,true
alejandro bermeo,Alejandro Bermeo,PER,true
alejandro carlos chacón,Alejandro Carlos Chacón,PER,true
alejandro carranza,Alejandro Carranza,PER,true
alejandro chacón,Alejandro Chacón,PER,true
alejandro char,Alejandro Char,PER,true
alejandro crocker,Alejandro Crocker,PER,true
alejandro de bedout,Alejandro de Bedout,PER,true
alejandro domínguez,Alejandro Domínguez,PER,true
alejandro eder,Alejandro Eder,PER,true
alejandro estrada,Alejandro Estrada,PER,true
alejandro falla,Alejandro Falla,PER,true
alejandro fernández,Alejandro Fernández,PER,true
alejandro fúneme,Alejandro Fúneme,PER,true
alejandro gaviria,Alejandro Gaviria,PER,true
alejandro gonzález iñárritu,Alejandro González Iñárritu,PER,true
alejandro lyons,Alejandro Lyons,PER,true
alejandro magno,Alejandro Magno,PER,true
alejandro manfredonio,Alejandro Manfredonio,PER,true
alejandro marcovich,Alejandro Marcovich,PER,true
alejandro mata,Alejandro Mata,PER,true
alejandro obregón,Alejandro Obregón,PER,true
alejandro ocampo,Alejandro Ocampo,PER,true
alejandro ordonez,Alejandro Ordonez,PER,true
alejandro ordóñez,Alejandro Ordóñez,PER,true
alejandro palacio,Alejandro Palacio,PER,true
alejandro piedrahíta,Alejandro Piedrahíta,PER,true
alejandro pino calad,Alejandro Pino Calad,PER,true
alejandro prias,Alejandro Prias,PER,true
alejandro ramelli,Alejandro Ramelli,PER,true
alejandro restrepo,Alejandro Restrepo,PER,true
alejandro riano,Alejandro Riano,PER,true
alejandro riaño,Alejandro Riaño,PER,true
alejandro sanz,Alejandro Sanz,PER,true
alejandro toro,Alejandro Toro,PER,true
alejandro venegas,Alejandro Venegas,PER,true
alejandro zamora,Alejandro Zamora,PER,true
alejandro éder,Alejandro Éder,PER,true
alejo arante,Alejo Arante,PER,true
alemán,Alemán,PER,true
alera,Alera,PER,true
alero,Alero,PER,true
alessandro bastoni,Alessandro Bastoni,PER,true
alessandro frigerio,Alessandro Frigerio,PER,true
alex aguinaga,Alex Aguinaga,PER,true
alex bueno,Alex Bueno,PER,true
alex campos,Alex Campos,PER,true
alex char,Álex Char,PER,true
alex ferguson,Alex Ferguson,PER,true
alex lópez maya,Alex López Maya,PER,true
alex manga,Alex Manga,PER,true
alex márquez,Alex Márquez,PER,true
alex quessep,Alex Quessep,PER,true
alex saab,Alex Saab,PER,true
alex sam,Alex Sam,PER,true
alex ubago,Alex Ubago,PER,true
alexa,Alexa,PER,true
alexa torres,Alexa Torres,PER,true
alexa torrex,Alexa Torrex,PER,true
alexander avendano,Alexander Avendaño,PER,true
alexander avendaño,Alexander Avendaño,PER,true
alexander galeano,Alexander Galeano,PER,true
alexander giraldo,Alexander Giraldo,PER,true
alexander lopez,Alexander López,PER,true
alexander lópez,Alexander López,PER,true
alexander maldonado,Alexander Maldonado,PER,true
alexander mejía cuéllar,Alexander Mejía Cuéllar,PER,true
alexander mondragon,Alexander Mondragon,PER,true
alexander shaw,Alexander Shaw,PER,true
alexander sørloth,Alexander Sørloth,PER,true
alexander zverev,Alexander Zverev,PER,true
alexandra castrillón gómez,Alexandra Castrillón Gómez,PER,true
alexandra falla,Alexandra Falla,PER,true
alexandra gonzález,Alexandra González,PER,true
alexandra guainas,Alexandra Guainas,PER,true
alexandra vidente,Alexandra Vidente,PER,true
alexei rojas,Alexei Rojas,PER,true
alexis castillo,Alexis Castillo,PER,true
alexis castillo manyoma,Alexis Castillo Manyoma,PER,true
alexis garcía,Alexis García,PER,true
alexis henríquez,Alexis Henríquez,PER,true
alexis perdomo,Alexis Perdomo,PER,true
alexis sánchez,Alexis Sánchez,PER,true
alexis trejos,Alexis Trejos,PER,true
alexánder avendaño,Alexánder Avendaño,PER,true
alexánder camacho,Alexánder Camacho,PER,true
alexánder chalá,Alexánder Chalá,PER,true
alexánder lópez,Alexánder López,PER,true
alexánder mondragón,Alexánder Mondragón,PER,true
alfaro,Alfaro,PER,true
alfil,Alfil,PER,true
alfonso campo,Alfonso Campo,PER,true
alfonso galvis,Alfonso Galvis,PER,true
alfonso gómez,Alfonso Gómez,PER,true
alfonso gómez méndez,Alfonso Gómez Méndez,PER,true
alfonso lizarazo,Alfonso Lizarazo,PER,true
alfonso prada,Alfonso Prada,PER,true
alfred,Alfred,PER,true
alfredo acosta zapata,Alfredo Acosta Zapata,PER,true
alfredo arias,Alfredo Arias,PER,true
alfredo cadena,Alfredo Cadena,PER,true
alfredo candera,Alfredo Candera,PER,true
alfredo deluque,Alfredo Deluque,PER,true
alfredo enrique piñeres,Alfredo Enrique Piñeres,PER,true
alfredo gutiérrez,Alfredo Gutiérrez,PER,true
alfredo guzman,Alfredo Guzman,PER,true
alfredo guzmán,Alfredo Guzmán,PER,true
alfredo ivan,Alfredo Ivan,PER,true
alfredo iván guzmán,Alfredo Iván Guzmán,PER,true
alfredo mondragón,Alfredo Mondragón,PER,true
alfredo morelos,Alfredo Morelos,PER,true
alfredo ortega díaz,Alfredo Ortega Díaz,PER,true
alfredo saade,Alfredo Saade,PER,true
alfredo varela,Alfredo Varela,PER,true
alhena caicedo,Alhena Caicedo,PER,true
ali jamenei,Alí Jamenei,PER,true
ali khamenei,Ali Khamenei,PER,true
ali vaez,Ali Vaez,PER,true
alias barbas,Alias Barbas,PER,true
alias bendito menor,Alias Bendito Menor,PER,true
alias boni,Alias Boni,PER,true
alias botija,Alias Botija,PER,true
alias calarca,Alias Calarcá,PER,true
alias calarcá,Alias Calarcá,PER,true
alias castor,Alias Castor,PER,true
alias chala,Alias Chala,PER,true
alias chalá,Alias Chalá,PER,true
alias chipi,Alias Chipi,PER,true
alias chokan,Alias Chokan,PER,true
alias cocoy,Alias Cocoy,PER,true
alias cuervo,Alias Cuervo,PER,true
alias cuto,Alias Cuto,PER,true
alias diamante,Alias Diamante,PER,true
alias didier,Alias Didier,PER,true
alias don berna,Alias Don Berna,PER,true
alias el costeño,Alias el Costeño,PER,true
alias el diablo,Alias el Diablo,PER,true
alias erika,Alias Erika,PER,true
alias ferreira,Alias Ferreira,PER,true
alias flaco,Alias Flaco,PER,true
alias gato negro,Alias Gato Negro,PER,true
alias guacamayo,Alias Guacamayo,PER,true
alias javi,Alias Javi,PER,true
alias jeffer,Alias Jeffer,PER,true
alias jj,Alias Jj,PER,true
alias johan,Alias Johan,PER,true
alias juancho,Alias Juancho,PER,true
alias karina,Alias Karina,PER,true
alias m6,Alias M6,PER,true
alias marlon,Alias Marlon,PER,true
alias marlón,Alias Marlon,PER,true
alias memín,Alias Memín,PER,true
alias menor,Alias Menor,PER,true
alias mira,Alias Mira,PER,true
alias mojarra,Alias Mojarra,PER,true
alias momo,Alias Momo,PER,true
alias mono,Alias Mono,PER,true
alias nain,Alias Nain,PER,true
alias naín,Alias Naín,PER,true
alias negro,Alias Negro,PER,true
alias otoniel,Alias Otoniel,PER,true
alias pablo,Alias Pablo,PER,true
alias pico de loro,Alias Pico de Loro,PER,true
alias pollo,Alias Pollo,PER,true
alias risas,Alias Risas,PER,true
alias ruso,Alias Ruso,PER,true
alias tabares,Alias Tabares,PER,true
alias timochenko,Alias Timochenko,PER,true
alias tito,Alias Tito,PER,true
alias trusky,Alias Trusky,PER,true
alias vaca,Alias Vaca,PER,true
alias vegeta,Alias Vegeta,PER,true
alias veneno,Alias Veneno,PER,true
alias willy,Alias Willy,PER,true
alias yeison,Alias Yeison,PER,true
alias ñeque,Alias Ñeque,PER,true
alice coltrane,Alice Coltrane,PER,true
alicia arango,Alicia Arango,PER,true
alicia bozzi martínez,Alicia Bozzi Martínez,PER,true
alicia lafaurie,Alicia Lafaurie,PER,true
alicia lozano,Alicia Lozano,PER,true
alicia machado,Alicia Machado,PER,true
alicia silverstone,Alicia Silverstone,PER,true
alicia vikander,Alicia Vikander,PER,true
alina lozano,Alina Lozano,PER,true
alireza faghani,Alireza Faghani,PER,true
alirio,Alirio,PER,true
alirio barrera,Alirio Barrera,PER,true
alirio barreto,Alirio Barreto,PER,true
alison,Alison,PER,true
alison salazar,Alison Salazar,PER,true
alistan,Alistan,PER,true
alkabes,Alkabes,PER,true
allan nascimento,Allan Nascimento,PER,true
alma guillermoprieto,Alma Guillermoprieto,PER,true
almada,Almada,PER,true
almirante,Almirante,PER,true
almodóvar,Almodóvar,PER,true
alowais,Alowais,PER,true
alpine,Alpine,PER,true
alto comisionado de paz,Alto Comisionado de Paz,PER,true
alto comisionado para derechos humanos,Alto Comisionado Para Derechos Humanos,PER,true
alvaro diaz,Alvaro Diaz,PER,true
alvaro leyva,Alvaro Leyva,PER,true
alvaro montero,Alvaro Montero,PER,true
alvaro uribe,Álvaro Uribe,PER,true
always,Always,PER,true
alzate,Alzate,PER,true
alí baba,Alí Baba,PER,true
alí jamenei,Alí Jamenei,PER,true
alí jameneí,Alí Jameneí,PER,true
amado,Amado,PER,true
amaia montero,Amaia Montero,PER,true
amal,Amal,PER,true
amalfitana,Amalfitana,PER,true
amancio ortega,Amancio Ortega,PER,true
amanda,Amanda,PER,true
amapola,Amapola,PER,true
amaranta,Amaranta,PER,true
amaranta hank,Amaranta Hank,PER,true
amaranto,Amaranto,PER,true
amaranto perea,Luis Amaranto Perea,PER,true
amarok,Amarok,PER,true
amaury,Amaury,PER,true
amaya,Amaya,PER,true
amelia pérez,Amelia Pérez,PER,true
amparo,Amparo,PER,true
amparo grisales,Amparo Grisales,PER,true
amparo jaramillo,Amparo Jaramillo,PER,true
amparo sandino,Amparo Sandino,PER,true
amy winehouse,Amy Winehouse,PER,true
amylkar acosta,Amylkar Acosta,PER,true
amín,Amín,PER,true
ana,Ana,PER,true
ana archila,Ana Archila,PER,true
ana arias,Ana Arias,PER,true
ana bejarano,Ana Bejarano,PER,true
ana catalina cárdenas,Ana Catalina Cárdenas,PER,true
ana cristina restrepo,Ana Cristina Restrepo,PER,true
ana de armas,Ana de Armas,PER,true
ana del castillo,Ana del Castillo,PER,true
ana erazo,Ana Erazo,PER,true
ana isabel gómez,Ana Isabel Gómez,PER,true
ana karina soto,Ana Karina Soto,PER,true
ana lucia pineda,Ana Lucía Pineda,PER,true
ana lucía,Ana Lucía,PER,true
ana lucía domínguez,Ana Lucía Domínguez,PER,true
ana lucía pineda,Ana Lucía Pineda,PER,true
ana m. rodríguez,Ana M. Rodríguez,PER,true
ana maria meza,Ana María Meza,PER,true
ana maria vesga,Ana María Vesga,PER,true
ana maría,Ana María,PER,true
ana maría abello,Ana María Abello,PER,true
ana maría aljure,Ana María Aljure,PER,true
ana maría archila,Ana María Archila,PER,true
ana maría cadena,Ana María Cadena,PER,true
ana maría castañeda,Ana María Castañeda,PER,true
ana maría diazgranados,Ana María Diazgranados,PER,true
ana maría estupiñán,Ana María Estupiñán,PER,true
ana maría guzmán,Ana María Guzmán,PER,true
ana maría londoño,Ana María Londoño,PER,true
ana maría meza,Ana María Meza,PER,true
ana maría orozco,Ana María Orozco,PER,true
ana maría peláez,Ana María Peláez,PER,true
ana maría rincón,Ana María Rincón,PER,true
ana maría rincón herrera,Ana María Rincón Herrera,PER,true
ana maría saavedra,Ana María Saavedra,PER,true
ana maría serrano,Ana María Serrano,PER,true
ana maría silva,Ana María Silva,PER,true
ana maría sánchez,Ana María Sánchez,PER,true
ana maría vesga,Ana María Vesga,PER,true
ana meza,Ana Meza,PER,true
ana monsalvo,Ana Monsalvo,PER,true
ana paola garcía,Ana Paola García,PER,true
ana sofía,Ana Sofía,PER,true
ana sofía henao,Ana Sofía Henao,PER,true
ana torroja,Ana Torroja,PER,true
ana veydó,Ana Veydó,PER,true
ana victoria beltrán,Ana Victoria Beltrán,PER,true
ana vélez,Ana Vélez,PER,true
anahi,Anahi,PER,true
anahí,Anahí,PER,true
analista,Analista,PER,true
analu pineda,Analu Pineda,PER,true
analía,Analía,PER,true
anamar,Anamar,PER,true
anastasia,Anastasia,PER,true
anato,Anato,PER,true
ancelotti,Ancelotti,PER,true
anderson cooper,Anderson Cooper,PER,true
anderson reinaldo,Anderson Reinaldo,PER,true
andoni iraola,Andoni Iraola,PER,true
andre agassi,Andre Agassi,PER,true
andrea antonelli,Andrea Antonelli,PER,true
andrea arnau,Andrea Arnau,PER,true
andrea baggio,Andrea Baggio,PER,true
andrea bocelli,Andrea Bocelli,PER,true
andrea bravo,Andrea Bravo,PER,true
andrea carolina cáceres,Andrea Carolina Cáceres,PER,true
andrea cote,Andrea Cote,PER,true
andrea de val,Andrea de Val,PER,true
andrea del val,Andrea del Val,PER,true
andrea echeverri,Andrea Echeverri,PER,true
andrea guerrero,Andrea Guerrero,PER,true
andrea medina,Andrea Medina,PER,true
andrea noceti,Andrea Noceti,PER,true
andrea novoa,Andrea Novoa,PER,true
andrea padilla,Andrea Padilla,PER,true
andrea petro,Andrea Petro,PER,true
andrea pirlo,Andrea Pirlo,PER,true
andrea piña,Andrea Piña,PER,true
andrea serna,Andrea Serna,PER,true
andrea tovar,Andrea Tovar,PER,true
andrea valdiri,Andrea Valdiri,PER,true
andrea victorino,Andrea Victorino,PER,true
andreas gutzeit,Andreas Gutzeit,PER,true
andreeva,Andreeva,PER,true
andrei roman,Andrei Roman,PER,true
andrei román,Andrei Román,PER,true
andreina faillo,Andreina Faillo,PER,true
andreina fiallo,Andreina Fiallo,PER,true
andreina solórzano,Andreina Solórzano,PER,true
andres,Andres,PER,true
andres bilbao,Andrés Bilbao,PER,true
andres camilo pelaez,Andrés Camilo Peláez,PER,true
andres cepeda,Andrés Cepeda,PER,true
andres corson,Andres Corson,PER,true
andres felipe velasquez,Andres Felipe Velasquez,PER,true
andres forero,Andrés Forero,PER,true
andres julian rendon,Andrés Julián Rendón,PER,true
andresito,Andresito,PER,true
andreu dotti,Andreu Dotti,PER,true
andrew,Andrew,PER,true
andrew robertson,Andrew Robertson,PER,true
andrew tate,Andrew Tate,PER,true
andrey,Andrey,PER,true
andrey avendaño,Andrey Avendaño,PER,true
andrey estupiñán,Andrey Estupiñán,PER,true
andreína fiallo,Andreína Fiallo,PER,true
andreína garcía,Andreína García,PER,true
andré esteves,André Esteves,PER,true
andréi melnichenko,Andréi Melnichenko,PER,true
andrés,Andrés,PER,true
andrés alarcón,Andrés Alarcón,PER,true
andrés altafulla,Andrés Altafulla,PER,true
andrés arias,Andrés Arias,PER,true
andrés barreto,Andrés Barreto,PER,true
andrés bedoya,Andrés Bedoya,PER,true
andrés bilbao,Andrés Bilbao,PER,true
andrés cabas,Andrés Cabas,PER,true
andrés calamaro,Andrés Calamaro,PER,true
andrés calle,Andrés Calle,PER,true
andrés camilo,Andrés Camilo,PER,true
andrés camilo catrina,Andrés Camilo Catrina,PER,true
andrés camilo cotrina,Andrés Camilo Cotrina,PER,true
andrés camilo cotrina vidal,Andrés Camilo Cotrina Vidal,PER,true
andrés camilo pardo,Andrés Camilo Pardo,PER,true
andrés camilo peláez,Andrés Camilo Peláez,PER,true
andrés castañeda,Andrés Castañeda,PER,true
andrés castro,Andrés Castro,PER,true
andrés echeverry rodríguez,Andrés Echeverry Rodríguez,PER,true
andrés eduardo herkrath,Andrés Eduardo Herkrath,PER,true
andrés escobar,Andrés Escobar,PER,true
andrés felipe arias,Andrés Felipe Arias,PER,true
andrés felipe gonzález,Andrés Felipe González,PER,true
andrés felipe reyes,Andrés Felipe Reyes,PER,true
andrés felipe rodríguez,Andrés Felipe Rodríguez,PER,true
andrés felipe velásquez,Andrés Felipe Velásquez,PER,true
andrés forero,Andrés Forero,PER,true
andrés franco,Andrés Franco,PER,true
andrés gonzález,Andrés González,PER,true
andrés gualteros,Andrés Gualteros,PER,true
andrés gómez,Andrés Gómez,PER,true
andrés herkrath,Andrés Herkrath,PER,true
andrés herkrath sanclemente,Andrés Herkrath Sanclemente,PER,true
andrés hernández,Andrés Hernández,PER,true
andrés hurtado,Andrés Hurtado,PER,true
andrés idárraga,Andrés Idárraga,PER,true
andrés iniesta,Andrés Iniesta,PER,true
andrés julián rendón,Andrés Julián Rendón,PER,true
andrés llinás,Andrés Llinás,PER,true
andrés lópez,Andrés López,PER,true
andrés macías,Andrés Macías,PER,true
andrés mejía vergnaud,Andrés Mejía Vergnaud,PER,true
andrés mompotes,Andrés Mompotes,PER,true
andrés mosquera marmolejo,Andrés Mosquera Marmolejo,PER,true
andrés moya,Andrés Moya,PER,true
andrés muñoz,Andrés Muñoz,PER,true
andrés naranjo,Andrés Naranjo,PER,true
andrés orozco,Andrés Orozco,PER,true
andrés otálora,Andrés Otálora,PER,true
andrés parra,Andrés Parra,PER,true
andrés pastrana,Andrés Pastrana,PER,true
andrés quevedo,Andrés Quevedo,PER,true
andrés quevedo caro,Andrés Quevedo Caro,PER,true
andrés ramírez,Andrés Ramírez,PER,true
andrés rendón,Andrés Rendón,PER,true
andrés reyes,Andrés Reyes,PER,true
andrés rodríguez,Andrés Rodríguez,PER,true
andrés rojas,Andrés Rojas,PER,true
andrés ruiz,Andrés Ruiz,PER,true
andrés santamaría,Andrés Santamaría,PER,true
andrés solano,Andrés Solano,PER,true
andrés sánchez,Andrés Sánchez,PER,true
andrés tirado,Andrés Tirado,PER,true
andrés tovar,Andrés Tovar,PER,true
andrés vecino,Andrés Vecino,PER,true
andrés vivero,Andrés Vivero,PER,true
andrés vásquez echeverri,Andrés Vásquez Echeverri,PER,true
andrés ávila,Andrés Ávila,PER,true
andy,Andy,PER,true
andy burham,Andy Burham,PER,true
andy burnham,Andy Burnham,PER,true
andy david,Andy David,PER,true
andy garcía,Andy García,PER,true
andy pérez,Andy Pérez,PER,true
andy rivera,Andy Rivera,PER,true
anestesióloga,Anestesióloga,PER,true
anfabio,Anfabio,PER,true
angel barajas,Angel Barajas,PER,true
angela benedetti,Angela Benedetti,PER,true
angelica lozano,Angelica Lozano,PER,true
angelina jolie,Angelina Jolie,PER,true
angelito,Angelito,PER,true
angelly,Angelly,PER,true
angelo accattino,Angelo Accattino,PER,true
angie,Angie,PER,true
angie alejandra rodríguez,Angie Alejandra Rodríguez,PER,true
angie argáez,Angie Argáez,PER,true
angie dayana fontalvo,Angie Dayana Fontalvo,PER,true
angie marcela ramírez vargas,Angie Marcela Ramírez Vargas,PER,true
angie nixon,Angie Nixon,PER,true
angie ortiz,Angie Ortiz,PER,true
angie paez,Angie Paez,PER,true
angie paola argáez,Angie Paola Argáez,PER,true
angie paola valderrama,Angie Paola Valderrama,PER,true
angie rodriguez,Angie Rodríguez,PER,true
angie rodríguez,Angie Rodríguez,PER,true
angie tatiana ortiz,Angie Tatiana Ortiz,PER,true
angine de poitrine,Angine de Poitrine,PER,true
angosta,Angosta,PER,true
angulo,Angulo,PER,true
angustia,Angustia,PER,true
angélica,Angélica,PER,true
angélica blandón,Angélica Blandón,PER,true
angélica cantillo,Angélica Cantillo,PER,true
angélica de la peña,Angélica de la Peña,PER,true
angélica lozano,Angélica Lozano,PER,true
angélica monsalve,Angélica Monsalve,PER,true
angélica santamaría,Angélica Santamaría,PER,true
angélica velandia,Angélica Velandia,PER,true
angélica verbel,Angélica Verbel,PER,true
angélique kidjo,Angélique Kidjo,PER,true
ani dasgupta,Ani Dasgupta,PER,true
anita,Anita,PER,true
anita vergara,Anita Vergara,PER,true
anitta,Anitta,PER,true
ann douglas,Ann Douglas,PER,true
anna kalinskaya,Anna Kalinskaya,PER,true
anna karenina,Anna Karenina,PER,true
anna kendrick,Anna Kendrick,PER,true
anne hathaway,Anne Hathaway,PER,true
anne kathrin bodach,Anne Kathrin Bodach,PER,true
anne schedeen,Anne Schedeen,PER,true
annette bening,Annette Bening,PER,true
annette taddeo,Annette Taddeo,PER,true
annie ernaux,Annie Ernaux,PER,true
annika de las heras,Annika de las Heras,PER,true
ansu fati,Ansu Fati,PER,true
anthoc,Anthoc,PER,true
anthon charmig,Anthon Charmig,PER,true
anthony,Anthony,PER,true
anthony estrada,Anthony Estrada,PER,true
anthony fauci,Anthony Fauci,PER,true
anthony gordon,Anthony Gordon,PER,true
anthony head,Anthony Head,PER,true
anthony hopkins,Anthony Hopkins,PER,true
anthony taylor,Anthony Taylor,PER,true
anthony zambrano,Anthony Zambrano,PER,true
antoine griezmann,Antoine Griezmann,PER,true
antonee robinson,Antonee Robinson,PER,true
antonela roccuzzo,Antonela Roccuzzo,PER,true
antonella,Antonella,PER,true
antonella farah,Antonella Farah,PER,true
antonella gularte,Antonella Gularte,PER,true
antonella petro,Antonella Petro,PER,true
antonelli,Antonelli,PER,true
antonello de messina,Antonello de Messina,PER,true
antoni,Antoni,PER,true
antoni gaudí,Antoni Gaudí,PER,true
antonia,Antonia,PER,true
antonia villa navarro,Antonia Villa Navarro,PER,true
antonini de jiménez,Antonini de Jiménez,PER,true
antonio,Antonio,PER,true
antonio aguilar,Antonio Aguilar,PER,true
antonio banderas,Antonio Banderas,PER,true
antonio caballero,Antonio Caballero,PER,true
antonio casale,Antonio Casale,PER,true
antonio char,Antonio Char,PER,true
antonio correa,Antonio Correa,PER,true
antonio de la rua,Antonio de la Rúa,PER,true
antonio de la rúa,Antonio de la Rúa,PER,true
antonio garcía,Antonio García,PER,true
antonio guterres,Antonio Guterres,PER,true
antonio gutiérrez,Antonio Gutiérrez,PER,true
antonio ledezma,Antonio Ledezma,PER,true
antonio mendivil,Antonio Mendivil,PER,true
antonio rattín,Antonio Rattín,PER,true
antonio rodriguez,Antonio Rodriguez,PER,true
antonio sanguino,Antonio Sanguino,PER,true
antonio sanint,Antonio Sanint,PER,true
antonio ubaldo rattín,Antonio Ubaldo Rattín,PER,true
antonio valente,Antonio Valente,PER,true
antónio,António,PER,true
anuel,Anuel,PER,true
anuel aa,Anuel Aa,PER,true
anya taylor,Anya Taylor,PER,true
anya taylor- joy,Anya Taylor- Joy,PER,true
anya taylor-joy,Anya Taylor-joy,PER,true
anyi marcela ramírez vargas,Anyi Marcela Ramírez Vargas,PER,true
aníbal barca,Aníbal Barca,PER,true
aníbal conrado,Aníbal Conrado,PER,true
aníbal vallejo,Aníbal Vallejo,PER,true
aníbal velásquez,Aníbal Velásquez,PER,true
ape,Ape,PER,true
ape cuello,Ape Cuello,PER,true
aquarian tarot,Aquarian Tarot,PER,true
aquinoticias,Aquinoticias,PER,true
arana,Arana,PER,true
arango,Arango,PER,true
araña,Araña,PER,true
araújo,Araújo,PER,true
arbeloa,Arbeloa,PER,true
arcadia,Arcadia,PER,true
arcangel,Arcangel,PER,true
arcesio trujillo,Arcesio Trujillo,PER,true
arcángel chamuel,Arcángel Chamuel,PER,true
arcángel san gabriel,Arcángel San Gabriel,PER,true
arcángel san miguel,Arcángel San Miguel,PER,true
arcángel uriel,Arcángel Uriel,PER,true
arelys henao,Arelys Henao,PER,true
arena alfa,Arena Alfa,PER,true
arenita,Arenita,PER,true
arensman,Arensman,PER,true
argemiro antolínez,Argemiro Antolínez,PER,true
argemiro antolínez ángel,Argemiro Antolínez Ángel,PER,true
argemiro cortés,Argemiro Cortés,PER,true
aria,Aria,PER,true
aria vega,Aria Vega,PER,true
ariadna,Ariadna,PER,true
ariadna gutiérrez,Ariadna Gutiérrez,PER,true
ariadne meriwether,Ariadne Meriwether,PER,true
arianna de sousa,Arianna de Sousa,PER,true
arianna soussa,Arianna Soussa,PER,true
arias,Arias,PER,true
ariel,Ariel,PER,true
ariel emilio cortés,Ariel Emilio Cortés,PER,true
ariel michaloutsos,Ariel Michaloutsos,PER,true
ariel osorio,Ariel Osorio,PER,true
ariel percy molina,Ariel Percy Molina,PER,true
ariel rodríguez,Ariel Rodríguez,PER,true
ariel ávila,Ariel Ávila,PER,true
aries,Aries,PER,true
arif jhuman,Arif Jhuman,PER,true
arijon ibrahimović,Arijon Ibrahimović,PER,true
arirang,Arirang,PER,true
aris pabón,Aris Pabón,PER,true
aris yeager,Aris Yeager,PER,true
aristóteles,Aristóteles,PER,true
ariza,Ariza,PER,true
arizabaleta,Arizabaleta,PER,true
arkitect,Arkitect,PER,true
arlei espitia,Arlei Espitia,PER,true
arley gómez,Arley Gómez,PER,true
arley murillo,Arley Murillo,PER,true
armando benedetti,Armando Benedetti,PER,true
armando carrillo,Armando Carrillo,PER,true
armando cuello navarro,Armando Cuello Navarro,PER,true
armando martínez,Armando Martínez,PER,true
armando novoa,Armando Novoa,PER,true
armando plata camacho,Armando Plata Camacho,PER,true
armando romero,Armando Romero,PER,true
armani,Armani,PER,true
armero guayabal,Armero Guayabal,PER,true
armys,Armys,PER,true
arnaud francois gerard,Arnaud Francois Gerard,PER,true
arnaud françois g penent,Arnaud François G Penent,PER,true
arnaud penent,Arnaud Penent,PER,true
arne slot,Arne Slot,PER,true
arnold,Arnold,PER,true
arnold schwarzenegger,Arnold Schwarzenegger,PER,true
arnulfo luna franco,Arnulfo Luna Franco,PER,true
arnulfo moreno quiñones,Arnulfo Moreno Quiñones,PER,true
aron rodríguez,Aron Rodríguez,PER,true
arrieta,Arrieta,PER,true
arsène wenger,Arsène Wenger,PER,true
arteaga,Arteaga,PER,true
artesano,Artesano,PER,true
arteta,Arteta,PER,true
arthur,Arthur,PER,true
arthur brooks,Arthur Brooks,PER,true
arthur fery,Arthur Fery,PER,true
artur,Artur,PER,true
arturo,Arturo,PER,true
arturo calle,Arturo Calle,PER,true
arturo castillo,Arturo Castillo,PER,true
arturo char,Arturo Char,PER,true
arturo pérez-reverte,Arturo Pérez-reverte,PER,true
arturo reyes,Arturo Reyes,PER,true
arturo ui,Arturo Ui,PER,true
arturo vidal,Arturo Vidal,PER,true
aryna sabalenka,Aryna Sabalenka,PER,true
arzobispo,Arzobispo,PER,true
arzuaga,Arzuaga,PER,true
asia argento,Asia Argento,PER,true
asistente,Asistente,PER,true
asojuntas duitama,Asojuntas Duitama,PER,true
asoma,Asoma,PER,true
asomineros,Asomineros,PER,true
asorepazcol,Asorepazcol,PER,true
asprilla,Asprilla,PER,true
astrid cáceres,Astrid Cáceres,PER,true
asuncat,Asuncat,PER,true
atena,Atena,PER,true
auditor,Auditor,PER,true
audrey hepburn,Audrey Hepburn,PER,true
audrey pulvar,Audrey Pulvar,PER,true
augusto gonzález,Augusto González,PER,true
augusto rodriguez,Augusto Rodríguez,PER,true
augusto rodríguez,Augusto Rodríguez,PER,true
augusto solano,Augusto Solano,PER,true
augusto tamayo,Augusto Tamayo,PER,true
aura cristina geithner,Aura Cristina Geithner,PER,true
aureliano,Aureliano,PER,true
aurelio,Aurelio,PER,true
aurelio cheveroni,Aurelio Cheveroni,PER,true
aurelio rojas,Aurelio Rojas,PER,true
aurelio suárez,Aurelio Suárez,PER,true
auschwitz,Auschwitz,PER,true
austin macphee,Austin Macphee,PER,true
aventurero,Aventurero,PER,true
avilés hurtado,Avilés Hurtado,PER,true
awá dairo padilla,Awá Dairo Padilla,PER,true
axios,Axios,PER,true
ayala,Ayala,PER,true
aylin mujica,Aylín Mujica,PER,true
aylín mujica,Aylín Mujica,PER,true
azcárate,Azcárate,PER,true
aída avella,Aída Avella,PER,true
aída cortés,Aida Cortés,PER,true
aída merlano,Aída Merlano,PER,true
aída quilcué,Aída Quilcué,PER,true
aída victoria merlano,Aída Victoria Merlano,PER,true
b king,B King,PER,true
baba vanga,Baba Vanga,PER,true
babillo,Babillo,PER,true
baby demoni,Baby Demoni,PER,true
baby rasta,Baby Rasta,PER,true
bacca,Bacca,PER,true
bach,Bach,PER,true
bachelet,Bachelet,PER,true
bacilos,Bacilos,PER,true
bad bunny,Bad Bunny,PER,true
badbunny,Badbunny,PER,true
baglio la rotonda,Baglio la Rotonda,PER,true
bailey,Bailey,PER,true
bailey sersland,Bailey Sersland,PER,true
bajrakitiyabha,Bajrakitiyabha,PER,true
bajrakitiyabha debyavati,Bajrakitiyabha Debyavati,PER,true
balart,Balart,PER,true
balbal,Balbal,PER,true
balbuena,Balbuena,PER,true
balcon,Balcon,PER,true
balcázar,Balcázar,PER,true
balcón,Balcón,PER,true
balerdi,Balerdi,PER,true
balogun,Balogun,PER,true
baltazar,Baltazar,PER,true
balvin,Balvin,PER,true
banagrario,Banagrario,PER,true
banksy,Banksy,PER,true
barack obama,Barack Obama,PER,true
barbara leaf,Barbara Leaf,PER,true
barbas,Barbas,PER,true
barbero,Barbero,PER,true
barbie,Barbie,PER,true
barbra streisand,Barbra Streisand,PER,true
barco,Barco,PER,true
baresi,Baresi,PER,true
barguil,Barguil,PER,true
barkin,Barkin,PER,true
barney frank,Barney Frank,PER,true
barr,Barr,PER,true
barranquillero,Barranquillero,PER,true
barrera,Barrera,PER,true
barreras,Barreras,PER,true
barrida,Barrida,PER,true
barriga,Barriga,PER,true
bart,Bart,PER,true
barthez,Barthez,PER,true
bartolo,Bartolo,PER,true
bashar al asad,Bashar Al Asad,PER,true
bashar al-assad,Bashar Al-assad,PER,true
bastian schweinsteiger,Bastian Schweinsteiger,PER,true
bata,Bata,PER,true
batista,Batista,PER,true
batuta,Batuta,PER,true
baum,Baum,PER,true
bauman,Bauman,PER,true
bauza,Bauza,PER,true
bauzá,Bauzá,PER,true
bayli,Bayli,PER,true
bayly,Bayly,PER,true
bayron arrieta,Bayron Arrieta,PER,true
bayter,Bayter,PER,true
bear,Bear,PER,true
beatriz arango,Beatriz Arango,PER,true
beatriz cleves,Beatriz Cleves,PER,true
beatry,Beatry,PER,true
beats,Beats,PER,true
beba,Beba,PER,true
beba de la cruz,Beba de la Cruz,PER,true
bebe rexha,Bebe Rexha,PER,true
beccacece,Beccacece,PER,true
beccassino,Beccassino,PER,true
becerra,Becerra,PER,true
beckham castro,Beckham Castro,PER,true
beckham david castro,Beckham David Castro,PER,true
becky g,Becky G,PER,true
bedoya,Bedoya,PER,true
begoña gómez,Begoña Gómez,PER,true
bejarano,Bejarano,PER,true
belgrado,Belgrado,PER,true
belinda,Belinda,PER,true
belisario,Belisario,PER,true
belisario betancur,Belisario Betancur,PER,true
belkis gil,Belkis Gil,PER,true
belkis gil nuvita,Belkis Gil Nuvita,PER,true
belkis lorena gil,Belkis Lorena Gil,PER,true
bella,Bella,PER,true
bella hadid,Bella Hadid,PER,true
bellingham,Bellingham,PER,true
belmonte,Belmonte,PER,true
belo,Belo,PER,true
beltrán,Beltrán,PER,true
belén,Belén,PER,true
belén alonso,Belén Alonso,PER,true
belén stereo,Belén Stereo,PER,true
ben,Ben,PER,true
ben affleck,Ben Affleck,PER,true
ben gvir,Ben Gvir,PER,true
ben jones,Ben Jones,PER,true
ben stiller,Ben Stiller,PER,true
benavides,Benavides,PER,true
bendito,Bendito,PER,true
bendito menor,Bendito Menor,PER,true
benedetti,Benedetti,PER,true
benedettis,Benedettis,PER,true
beni,Beni,PER,true
benito mussolini,Benito Mussolini,PER,true
benjamin alire sáenz,Benjamin Alire Sáenz,PER,true
benjamin betanyahu,Benjamin Betanyahu,PER,true
benjamin netanyahu,Benjamin Netanyahu,PER,true
benjamín labatut,Benjamín Labatut,PER,true
benjamín medrano quezada,Benjamín Medrano Quezada,PER,true
benjamín netanyahu,Benjamín Netanyahu,PER,true
benjamín núñez,Benjamín Núñez,PER,true
benjamín ortiz,Benjamín Ortiz,PER,true
benjamín villegas,Benjamín Villegas,PER,true
benny blanco,Benny Blanco,PER,true
benny moré,Benny Moré,PER,true
beny,Beny,PER,true
benítez,Benítez,PER,true
berenice chávez,Berenice Chávez,PER,true
beret,Beret,PER,true
bergoglio,Bergoglio,PER,true
bermeo,Bermeo,PER,true
bermont,Bermont,PER,true
berna,Berna,PER,true
bernard arnault,Bernard Arnault,PER,true
bernarda,Bernarda,PER,true
bernardo hoyos,Bernardo Hoyos,PER,true
bernardo silva,Bernardo Silva,PER,true
bernie moreno,Bernie Moreno,PER,true
bert patenaude,Bert Patenaude,PER,true
bertha mejía,Bertha Mejía,PER,true
bertha rosario mejía,Bertha Rosario Mejía,PER,true
bertha teresa bolaños,Bertha Teresa Bolaños,PER,true
berto,Berto,PER,true
besaile,Besaile,PER,true
betancur,Betancur,PER,true
beto,Beto,PER,true
beto coral,Beto Coral,PER,true
beto zabaleta,Beto Zabaleta,PER,true
betsy liliana,Betsy Liliana,PER,true
betsy liliana gonzález,Betsy Liliana González,PER,true
bettiol,Bettiol,PER,true
betuliana stereo,Betuliana Stereo,PER,true
betye saar,Betye Saar,PER,true
beyoncé,Beyoncé,PER,true
bha,Bha,PER,true
biassini segura,Biassini Segura,PER,true
bicho,Bicho,PER,true
bichota,Bichota,PER,true
biden,Biden,PER,true
bielsa,Bielsa,PER,true
bill ackman,Bill Ackman,PER,true
bill gates,Bill Gates,PER,true
bill maher,Bill Maher,PER,true
bill pulte,Bill Pulte,PER,true
bill rasmussen,Bill Rasmussen,PER,true
billie eilish,Billie Eilish,PER,true
billy gilmour,Billy Gilmour,PER,true
bimba,Bimba,PER,true
binomio de oro,Binomio de Oro,PER,true
biohó,Biohó,PER,true
bisolvón,Bisolvón,PER,true
bisonte,Bisonte,PER,true
bitcóin,Bitcóin,PER,true
bixio,Bixio,PER,true
bizagi,Bizagi,PER,true
bizarrap,Bizarrap,PER,true
blair,Blair,PER,true
blake lively,Blake Lively,PER,true
blanca adriana vázquez,Blanca Adriana Vázquez,PER,true
blanca monroy,Blanca Monroy,PER,true
blanca soroa,Blanca Soroa,PER,true
blanca varela,Blanca Varela,PER,true
blanche,Blanche,PER,true
blanquita,Blanquita,PER,true
blessd,Blessd,PER,true
blessed,Blessed,PER,true
bloomberg,Bloomberg,PER,true
bluey,Bluey,PER,true
bmw ix3,Bmw Ix3,PER,true
bmx mariana pajón,Bmx Mariana Pajón,PER,true
boateng,Boateng,PER,true
bob dylan,Bob Dylan,PER,true
bob esponja,Bob Esponja,PER,true
bobby sierra,Bobby Sierra,PER,true
bocas,Bocas,PER,true
bocky,Bocky,PER,true
bogotano,Bogotano,PER,true
bola ocho,Bola Ocho,PER,true
boliche,Boliche,PER,true
bolillo,Bolillo,PER,true
bolillo gómez,Bolillo Gómez,PER,true
bolivarense,Bolivarense,PER,true
bolt,Bolt,PER,true
bomber,Bomber,PER,true
bombero,Bombero,PER,true
bonay,Bonay,PER,true
boni,Boni,PER,true
bonilla,Bonilla,PER,true
bonito,Bonito,PER,true
bonnie tyler,Bonnie Tyler,PER,true
borbón,Borbón,PER,true
borda,Borda,PER,true
borges,Borges,PER,true
boris acosta,Boris Acosta,PER,true
boris johnson,Boris Johnson,PER,true
borja,Borja,PER,true
borja iglesias,Borja Iglesias,PER,true
borondiando ando,Borondiando Ando,PER,true
borrado,Borrado,PER,true
borrego,Borrego,PER,true
borrás,Borrás,PER,true
borré,Borré,PER,true
borís nadezhdin,Borís Nadezhdin,PER,true
bosch,Bosch,PER,true
botero,Botero,PER,true
botija,Botija,PER,true
bouaddi,Bouaddi,PER,true
boy,Boy,PER,true
boyaco sinaloa,Boyaco Sinaloa,PER,true
brad pitt,Brad Pitt,PER,true
bradley cooper,Bradley Cooper,PER,true
brailsford,Brailsford,PER,true
branbel,Branbel,PER,true
brandon,Brandon,PER,true
brandon flowers,Brandon Flowers,PER,true
brandon rivera,Brandon Rivera,PER,true
brayan,Brayan,PER,true
brayan carreño,Brayan Carreño,PER,true
brayan forero,Brayan Forero,PER,true
brayan garzón,Brayan Garzón,PER,true
brayan giraldo,Brayan Giraldo,PER,true
brayan rayo,Brayan Rayo,PER,true
brayan rayo garzón,Brayan Rayo Garzón,PER,true
breel embolo,Breel Embolo,PER,true
breider murcia,Breider Murcia,PER,true
breider murcia correa,Breider Murcia Correa,PER,true
brenda fricker,Brenda Fricker,PER,true
brenda kathalehia mejía ocampo,Brenda Kathalehia Mejía Ocampo,PER,true
brenda mejía,Brenda Mejía,PER,true
brenda olaya,Brenda Olaya,PER,true
brent,Brent,PER,true
brexit,Brexit,PER,true
breycoo,Breycoo,PER,true
brian chesky,Brian Chesky,PER,true
brian may,Brian May,PER,true
brian narvaez,Brian Narvaez,PER,true
brian narváez,Brian Narváez,PER,true
brian thompson,Brian Thompson,PER,true
brian winter,Brian Winter,PER,true
brigadista de la gerencia de espacio público,Brigadista de la Gerencia de Espacio Público,PER,true
brigitte baptiste,Brigitte Baptiste,PER,true
brigitte lorena fagua,Brigitte Lorena Fagua,PER,true
bristol myers,Bristol Myers,PER,true
britney spears,Britney Spears,PER,true
brito,Brito,PER,true
bronzini,Bronzini,PER,true
brooklyn beckham,Brooklyn Beckham,PER,true
bruce,Bruce,PER,true
bruce lee,Bruce Lee,PER,true
bruce mac master,Bruce Mac Master,PER,true
bruce mcmaster,Bruce Mcmaster,PER,true
bruce springsteen,Bruce Springsteen,PER,true
bruce willis,Bruce Willis,PER,true
bruja,Bruja,PER,true
brujo,Brujo,PER,true
bruma,Bruma,PER,true
bruno,Bruno,PER,true
bruno betancor,Bruno Betancor,PER,true
bruno fernandes,Bruno Fernandes,PER,true
bruno mars,Bruno Mars,PER,true
bruno riga,Bruno Riga,PER,true
bruno rodríguez parrilla,Bruno Rodríguez Parrilla,PER,true
bruno saltarelli,Bruno Saltarelli,PER,true
brunson,Brunson,PER,true
bryan castrillón,Bryan Castrillón,PER,true
bryan giraldo,Bryan Giraldo,PER,true
bryan johnson,Bryan Johnson,PER,true
bryan kohberger,Bryan Kohberger,PER,true
bryan rovira,Bryan Rovira,PER,true
brócoli,Brócoli,PER,true
brújula,Brújula,PER,true
budimir,Budimir,PER,true
buen pastor,Buen Pastor,PER,true
buenísima,Buenísima,PER,true
buffett,Buffett,PER,true
bugutu,Bugutu,PER,true
buick,Buick,PER,true
buitrago,Buitrago,PER,true
bujía,Bujía,PER,true
bukele,Nayib Bukele,PER,true
bukeles,Bukeles,PER,true
bula,Bula,PER,true
burla,Burla,PER,true
burna boy,Burna Boy,PER,true
burnham,Burnham,PER,true
burnley,Burnley,PER,true
burro,Burro,PER,true
burundanga,Burundanga,PER,true
busch,Busch,PER,true
bush,Bush,PER,true
bustos,Bustos,PER,true
buzz,Buzz,PER,true
byordy,Byordy,PER,true
búfalo,Búfalo,PER,true
búho,Búho,PER,true
c tangana,C Tangana,PER,true
c. tangana,C. Tangana,PER,true
cabal,Cabal,PER,true
caballero,Caballero,PER,true
cabas,Cabas,PER,true
cabezón,Cabezón,PER,true
cabildante julián sastoque,Cabildante Julián Sastoque,PER,true
cachaco,Cachaco,PER,true
cachetes,Cachetes,PER,true
cachorro,Cachorro,PER,true
cacique,Cacique,PER,true
cacique de la junta,Cacique de la Junta,PER,true
cadavid,Cadavid,PER,true
cafú,Cafú,PER,true
caicedo,Caicedo,PER,true
caifanes,Caifanes,PER,true
calama,Calama,PER,true
calamaro,Calamaro,PER,true
calamarí,Calamarí,PER,true
calarca,Calarca,PER,true
calarcá,Calarcá,PER,true
caleb,Caleb,PER,true
caleb shomo,Caleb Shomo,PER,true
caleno,Caleno,PER,true
caleño,Caleño,PER,true
caliclown,Caliclown,PER,true
calixto ochoa,Calixto Ochoa,PER,true
callum turner,Callum Turner,PER,true
calucé,Calucé,PER,true
calvin klein,Calvin Klein,PER,true
calypso,Calypso,PER,true
camaleona,Camaleona,PER,true
camargo,Camargo,PER,true
camelo,Camelo,PER,true
camerino,Camerino,PER,true
cameron,Cameron,PER,true
cami,Cami,PER,true
cami pulgarín,Cami Pulgarín,PER,true
camila,Camila,PER,true
camila charry,Camila Charry,PER,true
camila de la hoz,Camila de la Hoz,PER,true
camila escobar,Camila Escobar,PER,true
camila esguerra,Camila Esguerra,PER,true
camila fabri,Camila Fabri,PER,true
camila jurado,Camila Jurado,PER,true
camila osorio,María Camila Osorio,PER,true
camila potosi,Camila Potosí,PER,true
camila potosí,María Camila Potosí,PER,true
camila russi,Camila Russi,PER,true
camila zuluaga,Camila Zuluaga,PER,true
camila zárate,Camila Zárate,PER,true
camilla fabri,Camilla Fabri,PER,true
camilla parker,Camilla Parker,PER,true
camilo,Camilo,PER,true
camilo arévalo,Camilo Arévalo,PER,true
camilo barrientos,Camilo Barrientos,PER,true
camilo camargo,Camilo Camargo,PER,true
camilo cifuentes,Camilo Cifuentes,PER,true
camilo durán,Camilo Durán,PER,true
camilo enciso,Camilo Enciso,PER,true
camilo fajardo,Camilo Fajardo,PER,true
camilo george,Camilo George,PER,true
camilo herrera,Camilo Herrera,PER,true
camilo jaimes,Camilo Jaimes,PER,true
camilo josé cela,Camilo José Cela,PER,true
camilo mena,Camilo Mena,PER,true
camilo méndez,Camilo Méndez,PER,true
camilo namén,Camilo Namén,PER,true
camilo noguera pardo,Camilo Noguera Pardo,PER,true
camilo ostos,Camilo Ostos,PER,true
camilo pardo,Camilo Pardo,PER,true
camilo peláez,Camilo Peláez,PER,true
camilo pineda,Camilo Pineda,PER,true
camilo rey,Camilo Rey,PER,true
camilo reyes,Camilo Reyes,PER,true
camilo romero,Camilo Romero,PER,true
camilo sesto,Camilo Sesto,PER,true
camilo sánchez,Camilo Sánchez,PER,true
camilo torres,Camilo Torres,PER,true
camilo triana,Camilo Triana,PER,true
camilo vargas,Camilo Vargas,PER,true
camilo vera,Camilo Vera,PER,true
camilo villegas,Camilo Villegas,PER,true
campanita,Campanita,PER,true
campaz,Campaz,PER,true
campbell,Campbell,PER,true
can yaman,Can Yaman,PER,true
canavera,Canavera,PER,true
canciller bula,Canciller Bula,PER,true
canciller villavicencio,Canciller Villavicencio,PER,true
cancino,Cancino,PER,true
candamil,Candamil,PER,true
candy,Candy,PER,true
canelo,Canelo,PER,true
canelo álvarez,Canelo Álvarez,PER,true
cangrejo,Cangrejo,PER,true
canizales,Canizales,PER,true
cannavaro,Cannavaro,PER,true
canobbio,Canobbio,PER,true
cantinflas,Cantinflas,PER,true
cantuta,Cantuta,PER,true
capcom,Capcom,PER,true
capdevila,Capdevila,PER,true
capote,Capote,PER,true
capstone,Capstone,PER,true
capó c,Capó C,PER,true
cara rodríguez,Cara Rodríguez,PER,true
caramelo,Caramelo,PER,true
carapaz,Carapaz,PER,true
cardellino,Cardellino,PER,true
cardenal luis josé rueda,Cardenal Luis José Rueda,PER,true
carder,Carder,PER,true
cardi b,Cardi B,PER,true
cardique,Cardique,PER,true
cardona,Cardona,PER,true
caregato,Caregato,PER,true
caricaturista,Caricaturista,PER,true
caride sarmiento,Caride Sarmiento,PER,true
carillo,Carillo,PER,true
carin león,Carin León,PER,true
carina murcia,Carina Murcia,PER,true
carina murcia yela,Carina Murcia Yela,PER,true
carl cox,Carl Cox,PER,true
carl erik rinsch,Carl Erik Rinsch,PER,true
carl maria von weber,Carl Maria Von Weber,PER,true
carla celia,Carla Celia,PER,true
carla giraldo,Carla Giraldo,PER,true
carles rexach,Carles Rexach,PER,true
carlitos,Carlitos,PER,true
carlo ancelotti,Carlo Ancelotti,PER,true
carlo ginzburg,Carlo Ginzburg,PER,true
carlos,Carlos,PER,true
carlos a. morales,Carlos A. Morales,PER,true
carlos alberto cuenca chaux,Carlos Alberto Cuenca Chaux,PER,true
carlos alberto morales,Carlos Alberto Morales,PER,true
carlos alberto palacio,Carlos Alberto Palacio,PER,true
carlos albornoz,Carlos Albornoz,PER,true
carlos alcaraz,Carlos Alcaraz,PER,true
carlos alonso lucio,Carlos Alonso Lucio,PER,true
carlos amaya,Carlos Amaya,PER,true
carlos andres trujillo,Carlos Andrés Trujillo,PER,true
carlos andrés,Carlos Andrés,PER,true
carlos andrés aponte,Carlos Andrés Aponte,PER,true
carlos andrés caicedo,Carlos Andrés Caicedo,PER,true
carlos andrés gómez,Carlos Andrés Gómez,PER,true
carlos andrés sierra,Carlos Andrés Sierra,PER,true
carlos andrés sierra cortés,Carlos Andrés Sierra Cortés,PER,true
carlos andrés trujillo,Carlos Andrés Trujillo,PER,true
carlos antonio vélez,Carlos Antonio Vélez,PER,true
carlos aponte,Carlos Aponte,PER,true
carlos bacca,Carlos Bacca,PER,true
carlos betancur,Carlos Betancur,PER,true
carlos caicedo,Carlos Caicedo,PER,true
carlos calero,Carlos Calero,PER,true
carlos camargo,Carlos Camargo,PER,true
carlos carillo,Carlos Carillo,PER,true
carlos carrasquilla,Carlos Carrasquilla,PER,true
carlos carreño,Carlos Carreño,PER,true
carlos carrillo,Carlos Carrillo,PER,true
carlos castaño,Carlos Castaño,PER,true
carlos cavelier,Carlos Cavelier,PER,true
carlos climent,Carlos Climent,PER,true
carlos cobo,Carlos Cobo,PER,true
carlos congote,Carlos Congote,PER,true
carlos cordeiro,Carlos Cordeiro,PER,true
carlos cuenca,Carlos Cuenca,PER,true
carlos cuesta,Carlos Cuesta,PER,true
carlos daniel hidalgo,Carlos Daniel Hidalgo,PER,true
carlos darwin quintero,Carlos Darwin Quintero,PER,true
carlos del campo,Carlos del Campo,PER,true
carlos didier pérez,Carlos Didier Pérez,PER,true
carlos díaz,Carlos Díaz,PER,true
carlos eduardo castañeda,Carlos Eduardo Castañeda,PER,true
carlos eduardo sepulveda,Carlos Eduardo Sepulveda,PER,true
carlos eduardo sepúlveda,Carlos Eduardo Sepúlveda,PER,true
carlos esteban martínez,Carlos Esteban Martínez,PER,true
carlos esteban rebolledo,Carlos Esteban Rebolledo,PER,true
carlos f. galán,Carlos F. Galán,PER,true
carlos felipe mejia,Carlos Felipe Mejía,PER,true
carlos felipe mejía,Carlos Felipe Mejía,PER,true
carlos feria,Carlos Feria,PER,true
carlos fernado galán,Carlos Fernado Galán,PER,true
carlos fernando galan,Carlos Fernando Galán,PER,true
carlos fernando galán,Carlos Fernando Galán,PER,true
carlos fernando motoa,Carlos Fernando Motoa,PER,true
carlos fernando triana,Carlos Fernando Triana,PER,true
carlos galán,Carlos Galán,PER,true
carlos gaviria,Carlos Gaviria,PER,true
carlos gaviria díaz,Carlos Gaviria Díaz,PER,true
carlos gimenez,Carlos Gimenez,PER,true
carlos giménez,Carlos Giménez,PER,true
carlos giraldo,Carlos Giraldo,PER,true
carlos gonzález,Carlos González,PER,true
carlos gonzález puche,Carlos González Puche,PER,true
carlos granés,Carlos Granés,PER,true
carlos guerra martelo,Carlos Guerra Martelo,PER,true
carlos gutiérrez,Carlos Gutiérrez,PER,true
carlos gómez,Carlos Gómez,PER,true
carlos hernán rodríguez,Carlos Hernán Rodríguez,PER,true
carlos iii,Carlos Iii,PER,true
carlos jacanamijoy,Carlos Jacanamijoy,PER,true
carlos jaramillo,Carlos Jaramillo,PER,true
carlos laguna,Carlos Laguna,PER,true
carlos lehder,Carlos Lehder,PER,true
carlos lucio,Carlos Lucio,PER,true
carlos manuel vesga,Carlos Manuel Vesga,PER,true
carlos mario bernal correa,Carlos Mario Bernal Correa,PER,true
carlos mario peña,Carlos Mario Peña,PER,true
carlos mario zuluaga,Carlos Mario Zuluaga,PER,true
carlos mattos,Carlos Mattos,PER,true
carlos meisel,Carlos Meisel,PER,true
carlos moreno,Carlos Moreno,PER,true
carlos motoa,Carlos Motoa,PER,true
carlos ochoa,Carlos Ochoa,PER,true
carlos olivio saavedra,Carlos Olivio Saavedra,PER,true
carlos ortega,Carlos Ortega,PER,true
carlos oñoro,Carlos Oñoro,PER,true
carlos patiño,Carlos Patiño,PER,true
carlos pesebre,Carlos Pesebre,PER,true
carlos pinedo,Carlos Pinedo,PER,true
carlos pizarro,Carlos Pizarro,PER,true
carlos pájaro,Carlos Pájaro,PER,true
carlos pérez,Carlos Pérez,PER,true
carlos queiroz,Carlos Queiroz,PER,true
carlos r. gonzález,Carlos R. González,PER,true
carlos ramon gonzalez,Carlos Ramón González,PER,true
carlos ramón gonzález,Carlos Ramón González,PER,true
carlos rebolledo,Carlos Rebolledo,PER,true
carlos rincón,Carlos Rincón,PER,true
carlos rivera,Carlos Rivera,PER,true
carlos robles julio,Carlos Robles Julio,PER,true
carlos rodado,Carlos Rodado,PER,true
carlos rodado noriega,Carlos Rodado Noriega,PER,true
carlos rodríguez,Carlos Rodríguez,PER,true
carlos rojas,Carlos Rojas,PER,true
carlos rueda,Carlos Rueda,PER,true
carlos ruiz,Carlos Ruiz,PER,true
carlos sainz,Carlos Sainz,PER,true
carlos santana,Carlos Santana,PER,true
carlos sarmiento,Carlos Sarmiento,PER,true
carlos saúl jaimes,Carlos Saúl Jaimes,PER,true
carlos sepúlveda,Carlos Sepúlveda,PER,true
carlos silgado,Carlos Silgado,PER,true
carlos sourdis pinedo,Carlos Sourdis Pinedo,PER,true
carlos suarez,Carlos Suarez,PER,true
carlos suárez,Carlos Suárez,PER,true
carlos sánchez,Carlos Sánchez,PER,true
carlos toloza,Carlos Toloza,PER,true
carlos torres,Carlos Torres,PER,true
carlos triana,Carlos Triana,PER,true
carlos trujillo,Carlos Trujillo,PER,true
carlos utria,Carlos Utria,PER,true
carlos valdés,Carlos Valdés,PER,true
carlos vargas,Carlos Vargas,PER,true
carlos vilarete,Carlos Vilarete,PER,true
carlos vives,Carlos Vives,PER,true
carlos way,Carlos Way,PER,true
carlos zavala,Carlos Zavala,PER,true
carlos-manuel vesga,Carlos-manuel Vesga,PER,true
carlota casiraghi,Carlota Casiraghi,PER,true
carly simon,Carly Simon,PER,true
carmelo rendón,Carmelo Rendón,PER,true
carmen,Carmen,PER,true
carmen e. pabón,Carmen E. Pabón,PER,true
carmen electra,Carmen Electra,PER,true
carmen higueras,Carmen Higueras,PER,true
carmen navas,Carmen Navas,PER,true
carmen pabón,Carmen Pabón,PER,true
carmen padilla,Carmen Padilla,PER,true
carmen rocío rangel,Carmen Rocío Rangel,PER,true
carmen teresa navas,Carmen Teresa Navas,PER,true
carmen villalobos,Carmen Villalobos,PER,true
carmenza gómez,Carmenza Gómez,PER,true
carmine tangredi,Carmine Tangredi,PER,true
carmiña martínez,Carmiña Martínez,PER,true
carne rancia,Carne Rancia,PER,true
carney,Carney,PER,true
carnicero,Carnicero,PER,true
carol borda,Carol Borda,PER,true
carola correa,Carola Correa,PER,true
carolina,Carolina,PER,true
carolina acevedo,Carolina Acevedo,PER,true
carolina angarita,Carolina Angarita,PER,true
carolina arbeláez,Carolina Arbeláez,PER,true
carolina asmar,Carolina Asmar,PER,true
carolina astaiza,Carolina Astaiza,PER,true
carolina barco,Carolina Barco,PER,true
carolina bazurdo,Carolina Bazurdo,PER,true
carolina corcho,Carolina Corcho,PER,true
carolina correa,Carolina Correa,PER,true
carolina cruz,Carolina Cruz,PER,true
carolina deik,Carolina Deik,PER,true
carolina durán,Carolina Durán,PER,true
carolina escrucería,Carolina Escrucería,PER,true
carolina flores,Carolina Flores,PER,true
carolina garcía,Carolina García,PER,true
carolina gonzález,Carolina González,PER,true
carolina gonzález tabares,Carolina González Tabares,PER,true
carolina guerra,Carolina Guerra,PER,true
carolina gómez,Carolina Gómez,PER,true
carolina hoyos,Carolina Hoyos,PER,true
carolina paz,Carolina Paz,PER,true
carolina ramirez,Carolina Ramírez,PER,true
carolina ramírez,Carolina Ramírez,PER,true
carolina restrepo,Carolina Restrepo,PER,true
carolina restrepo cañavera,Carolina Restrepo Cañavera,PER,true
carolina ronderos,Carolina Ronderos,PER,true
carolina soto,Carolina Soto,PER,true
carolina tabares,Carolina Tabares,PER,true
carolyn bessette,Carolyn Bessette,PER,true
carolyn rodrigues,Carolyn Rodrigues,PER,true
carp,Carp,PER,true
carrascal,Carrascal,PER,true
carrasquilla,Carrasquilla,PER,true
carrillo,Carrillo,PER,true
carrillo benedetti,Carrillo Benedetti,PER,true
cartagenero,Cartagenero,PER,true
cartier,Cartier,PER,true
carvajal,Carvajal,PER,true
carvalho,Carvalho,PER,true
carín león,Carín León,PER,true
casablanca drivers,Casablanca Drivers,PER,true
casandra,Casandra,PER,true
casco,Casco,PER,true
casemiro,Casemiro,PER,true
casey affleck,Casey Affleck,PER,true
casey red beard,Casey Red Beard,PER,true
casillas,Casillas,PER,true
casimiro miguel,Casimiro Miguel,PER,true
cassiannil hernández,Cassiannil Hernández,PER,true
castaño,Castaño,PER,true
castel,Castel,PER,true
castillo,Castillo,PER,true
castillo manyoma,Castillo Manyoma,PER,true
castor,Castor,PER,true
castrillón,Castrillón,PER,true
castro,Castro,PER,true
casualidad,Casualidad,PER,true
catalina,Catalina,PER,true
catalina alzate,Catalina Alzate,PER,true
catalina aristizábal,Catalina Aristizábal,PER,true
catalina botero,Catalina Botero,PER,true
catalina giraldo,Catalina Giraldo,PER,true
catalina gómez,Catalina Gómez,PER,true
catalina gómez ángel,Catalina Gómez Ángel,PER,true
catalina mariño,Catalina Mariño,PER,true
catalina maya,Catalina Maya,PER,true
catalina ortiz,Catalina Ortiz,PER,true
catalina ortíz,Catalina Ortíz,PER,true
catalina santana,Catalina Santana,PER,true
catalina usme,Catalina Usme,PER,true
catalina velásquez,Catalina Velásquez,PER,true
catalina vélez,Catalina Vélez,PER,true
catambuco,Catambuco,PER,true
caterine rojas,Caterine Rojas,PER,true
catherine,Catherine,PER,true
catherine ibargüen,Catherine Ibargüen,PER,true
catherine juvinao,Catherine Juvinao,PER,true
catherine lagaʻaia,Catherine Lagaʻaia,PER,true
cathie verónica,Cathie Verónica,PER,true
cathy juvinao,Cathy Juvinao,PER,true
cattelan,Cattelan,PER,true
cava,Cava,PER,true
caycedo,Caycedo,PER,true
caye,Caye,PER,true
cayo carlos way,Cayo Carlos Way,PER,true
cayo en valledupar,Cayo en Valledupar,PER,true
cayo patilla,Cayo Patilla,PER,true
cayo winny pooh,Cayo Winny Pooh,PER,true
cazzu,Cazzu,PER,true
ceci juno,Ceci Juno,PER,true
cecilia,Cecilia,PER,true
cecilia lopez,Cecilia Lopez,PER,true
cecilia lópez,Cecilia López,PER,true
cecilia porras,Cecilia Porras,PER,true
cecilia santana,Cecilia Santana,PER,true
cecilia álvarez,Cecilia Álvarez,PER,true
ceferín,Ceferín,PER,true
celaya,Celaya,PER,true
celeste,Celeste,PER,true
celeste amarilla,Celeste Amarilla,PER,true
celeste osorio,Celeste Osorio,PER,true
celeste rivas,Celeste Rivas,PER,true
celeste valentina,Celeste Valentina,PER,true
celia cruz,Celia Cruz,PER,true
cenco limonar,Cenco Limonar,PER,true
centerview,Centerview,PER,true
ceo,Ceo,PER,true
cepeda,Iván Cepeda,PER,true
cerati,Cerati,PER,true
cerco,Cerco,PER,true
cerebro,Cerebro,PER,true
cereza garcía,Cereza García,PER,true
cervantes,Cervantes,PER,true
cesar corredor,Cesar Corredor,PER,true
cesar darío guerrero,Cesar Darío Guerrero,PER,true
cesar escola,Cesar Escola,PER,true
cesar gastelum,César Gastélum,PER,true
cesar gaviria,César Gaviria,PER,true
cesar pachon,Cesar Pachon,PER,true
cesarín,Cesarín,PER,true
cesc fàbregas,Cesc Fàbregas,PER,true
cezanne cardona,Cezanne Cardona,PER,true
chabe,Chabe,PER,true
chacho,Chacho,PER,true
chad dylan cooper,Chad Dylan Cooper,PER,true
chadwick,Chadwick,PER,true
chadwick boseman,Chadwick Boseman,PER,true
chala,Chala,PER,true
chalia,Chalia,PER,true
chalá,Chalá,PER,true
chalía,Chalía,PER,true
chambón,Chambón,PER,true
chamo loco,Chamo Loco,PER,true
chample,Chample,PER,true
chamuel,Chamuel,PER,true
chamán,Chamán,PER,true
changa,Changa,PER,true
chaopelos,Chaopelos,PER,true
chaplin,Chaplin,PER,true
chapo guzmán,Chapo Guzmán,PER,true
chapolo,Chapolo,PER,true
char,Char,PER,true
charles,Charles,PER,true
charles chapman,Charles Chapman,PER,true
charles la firma,Charles la Firma,PER,true
charles leclerc,Charles Leclerc,PER,true
charles manson,Charles Manson,PER,true
charles spencer,Charles Spencer,PER,true
charli xcx,Charli Xcx,PER,true
charlie kirk,Charlie Kirk,PER,true
charlie álvarez,Charlie Álvarez,PER,true
charlize theron,Charlize Theron,PER,true
charlotte de witte,Charlotte de Witte,PER,true
charlotte tilbury,Charlotte Tilbury,PER,true
charly,Charly,PER,true
charly garcía,Charly García,PER,true
charry,Charry,PER,true
chaux,Chaux,PER,true
chaverra,Chaverra,PER,true
chawalita,Chawalita,PER,true
chayanne,Chayanne,PER,true
che gonzález,Che González,PER,true
cheche,Cheche,PER,true
checho,Checho,PER,true
chechy murillo,Chechy Murillo,PER,true
checo acosta,Checo Acosta,PER,true
checo pérez,Checo Pérez,PER,true
chef,Chef,PER,true
chef antoni porowski,Chef Antoni Porowski,PER,true
chef de fortezza,Chef de Fortezza,PER,true
chef josé andrés,Chef José Andrés,PER,true
cheo,Cheo,PER,true
cheo hurtado,Cheo Hurtado,PER,true
chepa,Chepa,PER,true
chepe,Chepe,PER,true
chepe fortuna,Chepe Fortuna,PER,true
chesky,Chesky,PER,true
chevening,Chevening,PER,true
chiara ferragni,Chiara Ferragni,PER,true
chibolo,Chibolo,PER,true
chichería demente,Chichería Demente,PER,true
chichi,Chichi,PER,true
chichi peralta,Chichi Peralta,PER,true
chichila,Chichila,PER,true
chichila navia,Chichila Navia,PER,true
chicho,Chicho,PER,true
chicho arango,Chicho Arango,PER,true
chicho serna,Chicho Serna,PER,true
chichí peralta,Chichí Peralta,PER,true
chigüiro,Chigüiro,PER,true
chilavert,Chilavert,PER,true
chileno kast,Chileno Kast,PER,true
chimamanda ngozi adichie,Chimamanda Ngozi Adichie,PER,true
chimuela,Chimuela,PER,true
chinga pipe,Chinga Pipe,PER,true
chino arias,Chino Arias,PER,true
chipi,Chipi,PER,true
chiqui,Chiqui,PER,true
chiqui tapia,Chiqui Tapia,PER,true
chiquito,Chiquito,PER,true
chirla,Chirla,PER,true
chivo,Chivo,PER,true
chocoano,Chocoano,PER,true
chocquibtown,Chocquibtown,PER,true
chokan,Chokan,PER,true
cholu,Cholu,PER,true
choupette,Choupette,PER,true
chris anne,Chris Anne,PER,true
chris nolan,Chris Nolan,PER,true
chris rock,Chris Rock,PER,true
chris smith,Chris Smith,PER,true
chris van hollen,Chris Van Hollen,PER,true
chris wood,Chris Wood,PER,true
chris wright,Chris Wright,PER,true
christian albarracín,Christian Albarracín,PER,true
christian avendaño,Christian Avendaño,PER,true
christian daes,Christian Daes,PER,true
christian eriksen,Christian Eriksen,PER,true
christian garcés,Christian Garcés,PER,true
christian gonzález,Christian González,PER,true
christian mosquera,Christian Mosquera,PER,true
christian nodal,Christian Nodal,PER,true
christina aguilera,Christina Aguilera,PER,true
christina koch,Christina Koch,PER,true
christopher landau,Christopher Landau,PER,true
christopher nolan,Christopher Nolan,PER,true
christopher olah,Christopher Olah,PER,true
christopher waller,Christopher Waller,PER,true
chucho,Chucho,PER,true
chuck bass,Chuck Bass,PER,true
chucky,Chucky,PER,true
chuky,Chuky,PER,true
chuqui,Chuqui,PER,true
churchill,Churchill,PER,true
churo,Churo,PER,true
churo diaz,Churo Díaz,PER,true
churo díaz,Churo Díaz,PER,true
churretín,Churretín,PER,true
chutou,Chutou,PER,true
chuzo,Chuzo,PER,true
chwalinska,Chwalinska,PER,true
chyno,Chyno,PER,true
chávez,Chávez,PER,true
chócolo,Chócolo,PER,true
cibest,Cibest,PER,true
cielo rusinque,Cielo Rusinque,PER,true
cienfuegos de los topos azteca,Cienfuegos de los Topos Azteca,PER,true
cilia flores,Cilia Flores,PER,true
cilic,Cilic,PER,true
cillian murphy,Cillian Murphy,PER,true
cindy crawford,Cindy Crawford,PER,true
cinthia cossio,Cinthia Cossio,PER,true
cinthia silieth ortega serrano,Cinthia Silieth Ortega Serrano,PER,true
cintia cossio,Cintia Cossio,PER,true
circe,Circe,PER,true
cirilo,Cirilo,PER,true
ciro david paz,Ciro David Paz,PER,true
ciro davir paz banguero,Ciro Davir Paz Banguero,PER,true
ciro paz,Ciro Paz,PER,true
ciro quiñonez,Ciro Quiñonez,PER,true
ciro ramírez,Ciro Ramírez,PER,true
ciruela,Ciruela,PER,true
cirujana,Cirujana,PER,true
cirujano,Cirujano,PER,true
cisalva,Cisalva,PER,true
clamor,Clamor,PER,true
clapper,Clapper,PER,true
claptone,Claptone,PER,true
clara chia,Clara Chía,PER,true
clara chía,Clara Chía,PER,true
clara cortissoz,Clara Cortissoz,PER,true
clara elvira ospina,Clara Elvira Ospina,PER,true
clara lucía sandoval,Clara Lucía Sandoval,PER,true
clara lópez,Clara López,PER,true
clara parra,Clara Parra,PER,true
claribel moreno,Claribel Moreno,PER,true
claude,Claude,PER,true
claude mythos,Claude Mythos,PER,true
claude science,Claude Science,PER,true
claudia,Claudia,PER,true
claudia amador,Claudia Amador,PER,true
claudia bahamón,Claudia Bahamón,PER,true
claudia bejarano,Claudia Bejarano,PER,true
claudia benavides,Claudia Benavides,PER,true
claudia benavides salazar,Claudia Benavides Salazar,PER,true
claudia benavidez,Claudia Benavidez,PER,true
claudia benavidez salazar,Claudia Benavidez Salazar,PER,true
claudia calderón,Claudia Calderón,PER,true
claudia calero,Claudia Calero,PER,true
claudia carrasquilla,Claudia Carrasquilla,PER,true
claudia diaz,Claudia Diaz,PER,true
claudia duque,Claudia Duque,PER,true
claudia díaz,Claudia Díaz,PER,true
claudia elena vásquez,Claudia Elena Vásquez,PER,true
claudia imparables,Claudia Imparables,PER,true
claudia julieta duque,Claudia Julieta Duque,PER,true
claudia lopez,Claudia Lopez,PER,true
claudia lópez,Claudia López,PER,true
claudia marcela montalvo,Claudia Marcela Montalvo,PER,true
claudia marcucetti,Claudia Marcucetti,PER,true
claudia margarita,Claudia Margarita,PER,true
claudia margarita zuleta,Claudia Margarita Zuleta,PER,true
claudia martínez,Claudia Martínez,PER,true
claudia mesa sierra,Claudia Mesa Sierra,PER,true
claudia morales,Claudia Morales,PER,true
claudia palacios,Claudia Palacios,PER,true
claudia piñeiro,Claudia Piñeiro,PER,true
claudia quintero,Claudia Quintero,PER,true
claudia romero,Claudia Romero,PER,true
claudia serrato,Claudia Serrato,PER,true
claudia sheinbaum,Claudia Sheinbaum,PER,true
claudia sierra,Claudia Sierra,PER,true
claudia zuleta,Claudia Zuleta,PER,true
claudio grisotto,Claudio Grisotto,PER,true
claudio narea,Claudio Narea,PER,true
claudio ptolomeo,Claudio Ptolomeo,PER,true
clemencia echeverri,Clemencia Echeverri,PER,true
clemencia vargas,Clemencia Vargas,PER,true
clint eastwood,Clint Eastwood,PER,true
clinton,Clinton,PER,true
clive davis,Clive Davis,PER,true
clodoaldo,Clodoaldo,PER,true
clooney,Clooney,PER,true
clovis nienow,Clovis Nienow,PER,true
clément turpin,Clément Turpin,PER,true
cobradiario,Cobradiario,PER,true
cochise,Cochise,PER,true
coco,Coco,PER,true
coco r,Coco R,PER,true
cocoy,Cocoy,PER,true
cody gakpo,Cody Gakpo,PER,true
cofla,Cofla,PER,true
colado,Colado,PER,true
cole,Cole,PER,true
cole palmer,Cole Palmer,PER,true
colfecar,Colfecar,PER,true
colin farrell,Colin Farrell,PER,true
collar,Collar,PER,true
colliers,Colliers,PER,true
colman domingo,Colman Domingo,PER,true
colo,Colo,PER,true
combs,Combs,PER,true
comerciante,Comerciante,PER,true
comesaña,Comesaña,PER,true
comfana,Comfana,PER,true
comfandi,Comfandi,PER,true
comisionado de paz,Comisionado de Paz,PER,true
compadre,Compadre,PER,true
concejala,Concejala,PER,true
conchita,Conchita,PER,true
conchy,Conchy,PER,true
concuñado,Concuñado,PER,true
conde,Conde,PER,true
conde cara de caneca,Conde Cara de Caneca,PER,true
condor,Condor,PER,true
condé nast,Condé Nast,PER,true
condé nast traveler,Condé Nast Traveler,PER,true
conejo,Conejo,PER,true
confecámaras,Confecámaras,PER,true
congresista carlos alberto cuenca,Congresista Carlos Alberto Cuenca,PER,true
congresista del pacto,Congresista del Pacto,PER,true
connor murphy,Connor Murphy,PER,true
conor mcgregor,Conor Mcgregor,PER,true
consejera de paz,Consejera de Paz,PER,true
consejera de regiones,Consejera de Regiones,PER,true
consejera presidencial,Consejera Presidencial,PER,true
consejero,Consejero,PER,true
consejero mayor,Consejero Mayor,PER,true
constanza cavalli,Constanza Cavalli,PER,true
constitucionalista,Constitucionalista,PER,true
consuelo,Consuelo,PER,true
consuelo araujonoguera,Consuelo Araujonoguera,PER,true
consuelo toloza,Consuelo Toloza,PER,true
contracorriente,Contracorriente,PER,true
contralor general,Contralor General,PER,true
contralor general de la república,Contralor General de la República,PER,true
contralor laverde,Contralor Laverde,PER,true
contreras,Contreras,PER,true
controler,Controler,PER,true
cony camelo,Cony Camelo,PER,true
cook,Cook,PER,true
cookie,Cookie,PER,true
cooling,Cooling,PER,true
coordinadora,Coordinadora,PER,true
cooter,Cooter,PER,true
copernicus,Copernicus,PER,true
copilot,Copilot,PER,true
coquito,Coquito,PER,true
coraima torres,Coraima Torres,PER,true
coral gables,Coral Gables,PER,true
corbandas,Corbandas,PER,true
corcho,Corcho,PER,true
cordell broadus,Cordell Broadus,PER,true
cordi,Cordi,PER,true
corina machado,Corina Machado,PER,true
coritiba,Coritiba,PER,true
cormacarena,Cormacarena,PER,true
cornare,Cornare,PER,true
coronel carlos feria,Coronel Carlos Feria,PER,true
corozo,Corozo,PER,true
corpades,Corpades,PER,true
corpocobras,Corpocobras,PER,true
correa,Correa,PER,true
corro,Corro,PER,true
cortez,Cortez,PER,true
cortocircuito,Cortocircuito,PER,true
cortázar,Cortázar,PER,true
cortés,Cortés,PER,true
coscu,Coscu,PER,true
costarricense,Costarricense,PER,true
costeño,Costeño,PER,true
cote,Cote,PER,true
coudet,Coudet,PER,true
counter binface,Counter Binface,PER,true
courney barnett,Courney Barnett,PER,true
courtney clenney,Courtney Clenney,PER,true
couture,Couture,PER,true
cr7,Cr7,PER,true
crimson,Crimson,PER,true
cripiliano,Cripiliano,PER,true
criss,Criss,PER,true
cristhian,Cristhian,PER,true
cristhian mosquera,Cristhian Mosquera,PER,true
cristhian páez talaga,Cristhian Páez Talaga,PER,true
cristian arango,Cristian Arango,PER,true
cristian avendaño,Cristian Avendaño,PER,true
cristian ayala,Cristian Ayala,PER,true
cristian barrios,Cristian Barrios,PER,true
cristian bru,Cristian Bru,PER,true
cristian camilo gonzález,Cristian Camilo González,PER,true
cristian castro,Cristian Castro,PER,true
cristian cruz,Cristian Cruz,PER,true
cristian cáceres,Cristian Cáceres,PER,true
cristian gonzalez,Cristian Gonzalez,PER,true
cristian graciano,Cristian Graciano,PER,true
cristian guzmán,Cristian Guzmán,PER,true
cristian hernando herrera,Cristian Hernando Herrera,PER,true
cristian herrera,Cristian Herrera,PER,true
cristian mungiu,Cristian Mungiu,PER,true
cristian orozco,Cristian Orozco,PER,true
cristian ortega,Cristian Ortega,PER,true
cristian portilla,Cristian Portilla,PER,true
cristian quiroz,Cristian Quiroz,PER,true
cristian ronaldo,Cristian Ronaldo,PER,true
cristian vélez,Cristian Vélez,PER,true
cristiano,Cristiano,PER,true
cristiano ronaldo,Cristiano Ronaldo,PER,true
cristina,Cristina,PER,true
cristina botero,Cristina Botero,PER,true
cristina fernández,Cristina Fernández,PER,true
cristina hurtado,Cristina Hurtado,PER,true
cristina kirchner,Cristina Kirchner,PER,true
cristina la mar,Cristina la Mar,PER,true
cristina lombana,Cristina Lombana,PER,true
cristina marín,Cristina Marín,PER,true
cristina monge,Cristina Monge,PER,true
cristina peri rossi,Cristina Peri Rossi,PER,true
cristina suaza,Cristina Suaza,PER,true
cristián garay,Cristián Garay,PER,true
cristián herrera,Cristián Herrera,PER,true
cristo,Cristo,PER,true
cristofer castrillón,Cristofer Castrillón,PER,true
criston cole,Criston Cole,PER,true
cristy cerchiaro,Cristy Cerchiaro,PER,true
crudo means raw,Crudo Means Raw,PER,true
cruella,Cruella,PER,true
cruella de vil,Cruella de Vil,PER,true
cuadrado,Cuadrado,PER,true
cuatín,Cuatín,PER,true
cuauhtémoc blanco,Cuauhtémoc Blanco,PER,true
cubarsí,Cubarsí,PER,true
cucaita,Cucaita,PER,true
cucha mari,Cucha Mari,PER,true
cucho,Cucho,PER,true
cucho hernández,Cucho Hernández,PER,true
cuchufleto,Cuchufleto,PER,true
cucurella,Cucurella,PER,true
cuello,Cuello,PER,true
cuervo,Cuervo,PER,true
culebrero,Culebrero,PER,true
culebro,Culebro,PER,true
cumberbatch,Cumberbatch,PER,true
cumming,Cumming,PER,true
cunningham,Cunningham,PER,true
curra,Curra,PER,true
curul,Curul,PER,true
curul de paz,Curul de Paz,PER,true
curvelo james,Curvelo James,PER,true
cusco,Cusco,PER,true
cuti,Cuti,PER,true
cuti romero,Cuti Romero,PER,true
cuto,Cuto,PER,true
cuéllar,Cuéllar,PER,true
cyle larin,Cyle Larin,PER,true
cypres hill,Cypres Hill,PER,true
cypress,Cypress,PER,true
cépeda,Cépeda,PER,true
césar,César,PER,true
césar arias,César Arias,PER,true
césar augusto londoño,César Augusto Londoño,PER,true
césar augusto parra león,César Augusto Parra León,PER,true
césar candela,César Candela,PER,true
césar díaz,César Díaz,PER,true
césar escola,César Escola,PER,true
césar farías,César Farías,PER,true
césar fernández,César Fernández,PER,true
césar ferrari,César Ferrari,PER,true
césar garcía,César García,PER,true
césar gastelum,César Gastelum,PER,true
césar gastélum,César Gastélum,PER,true
césar gaviria,César Gaviria,PER,true
césar giraldo,César Giraldo,PER,true
césar gómez,César Gómez,PER,true
césar haydar,César Haydar,PER,true
césar lorduy,César Lorduy,PER,true
césar loza,César Loza,PER,true
césar otero flórez,César Otero Flórez,PER,true
césar pachón,César Pachón,PER,true
césar palomino,César Palomino,PER,true
césar restrepo,César Restrepo,PER,true
cómodo,Cómodo,PER,true
cóndor,Cóndor,PER,true
cónsul,Cónsul,PER,true
d.t,D.t,PER,true
daddy yankee,Daddy Yankee,PER,true
dago garcía,Dago García,PER,true
dagoberto ramos,Dagoberto Ramos,PER,true
dagoberto riascos,Dagoberto Riascos,PER,true
dai,Dai,PER,true
dai dai,Dai Dai,PER,true
daiky gamboa,Daiky Gamboa,PER,true
daimon,Daimon,PER,true
dairo padilla nastacuas,Dairo Padilla Nastacuas,PER,true
dairon,Dairon,PER,true
dairon asprilla,Dairon Asprilla,PER,true
daiver calvo pimienta,Daiver Calvo Pimienta,PER,true
dakota johnson,Dakota Johnson,PER,true
dalio,Dalio,PER,true
dalita navarro,Dalita Navarro,PER,true
dallana,Dallana,PER,true
damian pasquini,Damian Pasquini,PER,true
damián,Damián,PER,true
damián bobadilla,Damián Bobadilla,PER,true
damián pasquini,Damián Pasquini,PER,true
dan buettner,Dan Buettner,PER,true
dan ndoyé,Dan Ndoyé,PER,true
dan newlin,Dan Newlin,PER,true
dana,Dana,PER,true
dana ledoux,Dana Ledoux,PER,true
daneidy,Daneidy,PER,true
daneidy barrera,Daneidy Barrera,PER,true
daneidys barrera,Daneidys Barrera,PER,true
daneil noboa,Daneil Noboa,PER,true
dangond,Dangond,PER,true
dani alves,Dani Alves,PER,true
dani carvajal,Dani Carvajal,PER,true
dani el futbolero,Dani el Futbolero,PER,true
dani garrido,Dani Garrido,PER,true
dani martínez,Dani Martínez,PER,true
dani olmo,Dani Olmo,PER,true
dani zúñiga,Dani Zúñiga,PER,true
daniel,Daniel,PER,true
daniel acosta,Daniel Acosta,PER,true
daniel arcila,Daniel Arcila,PER,true
daniel arenas,Daniel Arenas,PER,true
daniel bernal,Daniel Bernal,PER,true
daniel bogiaizian,Daniel Bogiaizian,PER,true
daniel brailovsky,Daniel Brailovsky,PER,true
daniel briceno,Daniel Briceño,PER,true
daniel briceño,Daniel Briceño,PER,true
daniel cadena,Daniel Cadena,PER,true
daniel cataño,Daniel Cataño,PER,true
daniel coleman,Daniel Coleman,PER,true
daniel coronell,Daniel Coronell,PER,true
daniel daza,Daniel Daza,PER,true
daniel felipe martínez,Daniel Felipe Martínez,PER,true
daniel fernando gutiérrez,Daniel Fernando Gutiérrez,PER,true
daniel fernández,Daniel Fernández,PER,true
daniel ferreira do nascimento,Daniel Ferreira do Nascimento,PER,true
daniel franco,Daniel Franco,PER,true
daniel galán,Daniel Galán,PER,true
daniel garcés,Daniel Garcés,PER,true
daniel garcés carabalí,Daniel Garcés Carabalí,PER,true
daniel garcía arizabaleta,Daniel García Arizabaleta,PER,true
daniel garcía-peña,Daniel García-peña,PER,true
daniel giraldo,Daniel Giraldo,PER,true
daniel gutiérrez,Daniel Gutiérrez,PER,true
daniel lemaitre,Daniel Lemaitre,PER,true
daniel maldonado,Daniel Maldonado,PER,true
daniel martínez,Daniel Martínez,PER,true
daniel mejía,Daniel Mejía,PER,true
daniel melingo,Daniel Melingo,PER,true
daniel mendoza,Daniel Mendoza,PER,true
daniel montoya,Daniel Montoya,PER,true
daniel munoz,Daniel Munoz,PER,true
daniel muñoz,Daniel Muñoz,PER,true
daniel noboa,Daniel Noboa,PER,true
daniel ortega,Daniel Ortega,PER,true
daniel oviedo,Juan Daniel Oviedo,PER,true
daniel palacio,Daniel Palacio,PER,true
daniel palacios,Daniel Palacios,PER,true
daniel quintero,Daniel Quintero,PER,true
daniel restrepo,Daniel Restrepo,PER,true
daniel rivera,Daniel Rivera,PER,true
daniel roher,Daniel Roher,PER,true
daniel rojas,Daniel Rojas,PER,true
daniel ruiz,Daniel Ruiz,PER,true
daniel samper,Daniel Samper,PER,true
daniel samper pizano,Daniel Samper Pizano,PER,true
daniel sancho,Daniel Sancho,PER,true
daniel siad,Daniel Siad,PER,true
daniel socarrás,Daniel Socarrás,PER,true
daniel tilger,Daniel Tilger,PER,true
daniel torres,Daniel Torres,PER,true
daniel vallejo,Daniel Vallejo,PER,true
daniel wills,Daniel Wills,PER,true
daniel zovatto,Daniel Zovatto,PER,true
daniela,Daniela,PER,true
daniela arias,Daniela Arias,PER,true
daniela franco,Daniela Franco,PER,true
daniela largo,Daniela Largo,PER,true
daniela montoya,Daniela Montoya,PER,true
daniela mucutuy,Daniela Mucutuy,PER,true
daniela neach,Daniela Neach,PER,true
daniela ospina,Daniela Ospina,PER,true
daniela pachón,Daniela Pachón,PER,true
daniela restrepo,Daniela Restrepo,PER,true
daniela rodríguez,Daniela Rodríguez,PER,true
daniela verswyvel garcía,Daniela Verswyvel García,PER,true
daniela álvarez,Daniela Álvarez,PER,true
daniella plaza,Daniella Plaza,PER,true
daniella restrepo duarte,Daniella Restrepo Duarte,PER,true
daniella álvarez,Daniella Álvarez,PER,true
danilo romero,Danilo Romero,PER,true
danilo rueda,Danilo Rueda,PER,true
danna,Danna,PER,true
danna garcía,Danna García,PER,true
danna paola,Danna Paola,PER,true
danny boyle,Danny Boyle,PER,true
danny glover,Danny Glover,PER,true
danny león,Danny León,PER,true
danny ocean,Danny Ocean,PER,true
danny quirós,Danny Quirós,PER,true
danta,Danta,PER,true
dante,Dante,PER,true
danés,Danés,PER,true
daramola,Daramola,PER,true
dario gomez,Dario Gomez,PER,true
darlenis,Darlenis,PER,true
darline graham,Darline Graham,PER,true
darlinson,Darlinson,PER,true
darmand,Darmand,PER,true
darío,Darío,PER,true
darío gutiérrez,Darío Gutiérrez,PER,true
darío gómez,Darío Gómez,PER,true
darío mejía,Darío Mejía,PER,true
darío patiño,Darío Patiño,PER,true
darío patiño rivera,Darío Patiño Rivera,PER,true
darío pavajeau,Darío Pavajeau,PER,true
darío pavajeau molina,Darío Pavajeau Molina,PER,true
darío rivera patiño,Darío Rivera Patiño,PER,true
dastan,Dastan,PER,true
dave bautista,Dave Bautista,PER,true
daveigh chase,Daveigh Chase,PER,true
david,David,PER,true
david alaba,David Alaba,PER,true
david alonso,David Alonso,PER,true
david anthony nunez,David Anthony Nunez,PER,true
david beckham,David Beckham,PER,true
david betancourt,David Betancourt,PER,true
david bisbal,David Bisbal,PER,true
david broncano,David Broncano,PER,true
david cote,David Cote,PER,true
david da vinci,David da Vinci,PER,true
david darville,David Darville,PER,true
david durango,David Durango,PER,true
david ellison,David Ellison,PER,true
david gonzález,David González,PER,true
david gordillo,David Gordillo,PER,true
david guetta,David Guetta,PER,true
david guzmán ramírez,David Guzmán Ramírez,PER,true
david gómez,David Gómez,PER,true
david herley guzmán,David Herley Guzmán,PER,true
david hockney,David Hockney,PER,true
david houlihan,David Houlihan,PER,true
david hume,David Hume,PER,true
david jonsson,David Jonsson,PER,true
david josé galarza,David José Galarza,PER,true
david luna,David Luna,PER,true
david lópez,David López,PER,true
david mackalister silva,David Mackalister Silva,PER,true
david mancilla,David Mancilla,PER,true
david michaan,David Michaan,PER,true
david millán,David Millán,PER,true
david murcia,David Murcia,PER,true
david murcia guzmán,David Murcia Guzmán,PER,true
david ospina,David Ospina,PER,true
david palacio,David Palacio,PER,true
david piedrahita,David Piedrahita,PER,true
david racero,David Racero,PER,true
david rockefeller,David Rockefeller,PER,true
david santiago tamayo,David Santiago Tamayo,PER,true
david santiago tamayo roldán,David Santiago Tamayo Roldán,PER,true
david silva,David Silva,PER,true
david silva rojas,David Silva Rojas,PER,true
david tamayo,David Tamayo,PER,true
david toledo,David Toledo,PER,true
david toscana,David Toscana,PER,true
david velez,David Vélez,PER,true
david visbal,David Visbal,PER,true
david vivas,David Vivas,PER,true
david vásquez,David Vásquez,PER,true
david vélez,David Vélez,PER,true
davila,Davila,PER,true
davinson,Davinson,PER,true
davinson sanchez,Dávinson Sánchez,PER,true
davinson sánchez,Davinson Sánchez,PER,true
daviplata,Daviplata,PER,true
davo xeneize,Davo Xeneize,PER,true
davoo,Davoo,PER,true
day vásquez,Day Vásquez,PER,true
dayana cala,Dayana Cala,PER,true
dayana jaimes,Dayana Jaimes,PER,true
dayonis orozco,Dayonis Orozco,PER,true
dayro moreno,Dayro Moreno,PER,true
days vásquez,Days Vásquez,PER,true
de amores,Guillermo de Amores,PER,true
de barcelona,De Barcelona,PER,true
de bedout,De Bedout,PER,true
de comfandi,De Comfandi,PER,true
de espriella,De Espriella,PER,true
de estado,De Estado,PER,true
de francisco,Margarita Rosa de Francisco,PER,true
de hacienda,De Hacienda,PER,true
de interior,De Interior,PER,true
de ketelaere,De Ketelaere,PER,true
de la dijín,De la Dijín,PER,true
de la e,De la E,PER,true
de la esperiella,De la Esperiella,PER,true
de la espreilla,De la Espreilla,PER,true
de la espriella,Abelardo de la Espriella,PER,true
de la fuente,Luis de la Fuente,PER,true
de la qualy,De la Qualy,PER,true
de la rúa,De la Rúa,PER,true
de literatura,De Literatura,PER,true
de minas,De Minas,PER,true
de ozuna,De Ozuna,PER,true
de salud pública,De Salud Pública,PER,true
de valverde,De Valverde,PER,true
de zubiría,De Zubiría,PER,true
deborah colker,Deborah Colker,PER,true
deborah de luca,Deborah de Luca,PER,true
debrian,Debrian,PER,true
deepal,Deepal,PER,true
deepfakes,Deepfakes,PER,true
defensor,Defensor,PER,true
defensora,Defensora,PER,true
defensora del pueblo,Defensora del Pueblo,PER,true
defensora marín,Defensora Marín,PER,true
deiby,Deiby,PER,true
deiby ruiz,Deiby Ruiz,PER,true
deisy dorelly,Deisy Dorelly,PER,true
deisy dorelly guanaro,Deisy Dorelly Guanaro,PER,true
deisy guanaro,Deisy Guanaro,PER,true
del acuerdo de paz,Del Acuerdo de Paz,PER,true
del carmen,Del Carmen,PER,true
del toro,Del Toro,PER,true
del universo,Del Universo,PER,true
dela espriella,Dela Espriella,PER,true
delay magdaniel,Delay Magdaniel,PER,true
delcy,Delcy,PER,true
delcy rodriguez,Delcy Rodriguez,PER,true
delcy rodríguez,Delcy Rodríguez,PER,true
delicado,Delicado,PER,true
delirio,Delirio,PER,true
dembelé,Dembelé,PER,true
dembélé,Dembélé,PER,true
demi lovato,Demi Lovato,PER,true
demi moore,Demi Moore,PER,true
demi vollering,Demi Vollering,PER,true
demonio,Demonio,PER,true
demóstenes camargo,Demóstenes Camargo,PER,true
denim,Denim,PER,true
denis,Denis,PER,true
denis diderot,Denis Diderot,PER,true
denis villeneuve,Denis Villeneuve,PER,true
dennys,Dennys,PER,true
denshattack,Denshattack,PER,true
denzel dumfries,Denzel Dumfries,PER,true
denzel washington,Denzel Washington,PER,true
depay,Depay,PER,true
deschamps,Deschamps,PER,true
desgarrador,Desgarrador,PER,true
desmond child,Desmond Child,PER,true
devan chandler long,Devan Chandler Long,PER,true
dewar victoria,Dewar Victoria,PER,true
di maría,Ángel Di María,PER,true
diablo,Diablo,PER,true
diageo,Diageo,PER,true
diamante,Diamante,PER,true
diamanti,Diamanti,PER,true
diana,Diana,PER,true
diana bravo vélez,Diana Bravo Vélez,PER,true
diana carolina alfonso,Diana Carolina Alfonso,PER,true
diana carolina rodríguez,Diana Carolina Rodríguez,PER,true
diana carolina torres,Diana Carolina Torres,PER,true
diana diago,Diana Diago,PER,true
diana fonseca,Diana Fonseca,PER,true
diana lucía,Diana Lucía,PER,true
diana marcela troncoso,Diana Marcela Troncoso,PER,true
diana milena pescador,Diana Milena Pescador,PER,true
diana mina,Diana Mina,PER,true
diana morales,Diana Morales,PER,true
diana pardo,Diana Pardo,PER,true
diana pava,Diana Pava,PER,true
diana peñuela,Diana Peñuela,PER,true
diana rodríguez,Diana Rodríguez,PER,true
diana saray giraldo,Diana Saray Giraldo,PER,true
diana tabares,Diana Tabares,PER,true
diana troncoso,Diana Troncoso,PER,true
diana valderrama,Diana Valderrama,PER,true
diana vásquez,Diana Vásquez,PER,true
diana ángel,Diana Ángel,PER,true
diaz canel,Diaz Canel,PER,true
dibu,Dibu,PER,true
dibu martínez,Dibu Martínez,PER,true
dick advocaat,Dick Advocaat,PER,true
dick morris,Dick Morris,PER,true
diddy,Diddy,PER,true
diderot,Diderot,PER,true
didier,Didier,PER,true
didier blanco,Didier Blanco,PER,true
didier deschamps,Didier Deschamps,PER,true
didier fabián blanco,Didier Fabián Blanco,PER,true
didier fabián blanco rodríguez,Didier Fabián Blanco Rodríguez,PER,true
didier fuentes,Didier Fuentes,PER,true
didier tavera,Didier Tavera,PER,true
diego,Diego,PER,true
diego alejandro gonzález,Diego Alejandro González,PER,true
diego andariego,Diego Andariego,PER,true
diego andrés salcedo,Diego Andrés Salcedo,PER,true
diego andrés salcedo monsalve,Diego Andrés Salcedo Monsalve,PER,true
diego arboleda,Diego Arboleda,PER,true
diego arias,Diego Arias,PER,true
diego armando maradona,Diego Armando Maradona,PER,true
diego cadavid,Diego Cadavid,PER,true
diego camargo,Diego Camargo,PER,true
diego cancino,Diego Cancino,PER,true
diego carabalí,Diego Carabalí,PER,true
diego céspedes,Diego Céspedes,PER,true
diego daza,Diego Daza,PER,true
diego felipe becerra,Diego Felipe Becerra,PER,true
diego fernando carabalí,Diego Fernando Carabalí,PER,true
diego forlán,Diego Forlán,PER,true
diego gonzález,Diego González,PER,true
diego guaque,Diego Guaque,PER,true
diego guarnizo,Diego Guarnizo,PER,true
diego guauque,Diego Guauque,PER,true
diego guzmán,Diego Guzmán,PER,true
diego gómez,Diego Gómez,PER,true
diego hernán neira,Diego Hernán Neira,PER,true
diego jaramillo,Diego Jaramillo,PER,true
diego luna,Diego Luna,PER,true
diego maradona,Diego Maradona,PER,true
diego marin buitrago,Diego Marin Buitrago,PER,true
diego marín buitrago,Diego Marín Buitrago,PER,true
diego mesa,Diego Mesa,PER,true
diego mesa puyo,Diego Mesa Puyo,PER,true
diego molano,Diego Molano,PER,true
diego monroy,Diego Monroy,PER,true
diego novoa,Diego Novoa,PER,true
diego ramos,Diego Ramos,PER,true
diego rivera,Diego Rivera,PER,true
diego rueda,Diego Rueda,PER,true
diego salcedo,Diego Salcedo,PER,true
diego serna,Diego Serna,PER,true
diego serna lopera,Diego Serna Lopera,PER,true
diego simeone,Diego Simeone,PER,true
diego sáenz,Diego Sáenz,PER,true
diego torres,Diego Torres,PER,true
diego trujillo,Diego Trujillo,PER,true
diego ulloa,Diego Ulloa,PER,true
diego valoyes,Diego Valoyes,PER,true
diego-manuel luzón peña,Diego-manuel Luzón Peña,PER,true
diente lópez,Diente López,PER,true
digger,Digger,PER,true
digno palomino,Digno Palomino,PER,true
dilan,Dilan,PER,true
dilan andrés silva,Dilan Andrés Silva,PER,true
dilan cruz,Dilan Cruz,PER,true
dilan linares,Dilan Linares,PER,true
dilian,Dilian,PER,true
dilian francisca toro,Dilian Francisca Toro,PER,true
dilian francisco toro,Dilian Francisco Toro,PER,true
dilian toro,Dilian Toro,PER,true
dimar torres,Dimar Torres,PER,true
dimendes díaz,Dimendes Díaz,PER,true
dimitri,Dimitri,PER,true
dina jael castillo,Dina Jael Castillo,PER,true
diner,Diner,PER,true
dinorah figuera,Dinorah Figuera,PER,true
diogo jota,Diogo Jota,PER,true
diomande,Diomande,PER,true
diomandé,Diomandé,PER,true
diomar garcía,Diomar García,PER,true
diomedes,Diomedes,PER,true
diomedes diaz,Diomedes Díaz,PER,true
diomedes díaz,Diomedes Díaz,PER,true
dionisio rayo,Dionisio Rayo,PER,true
dionisio vélez trujillo,Dionisio Vélez Trujillo,PER,true
dioniso,Dioniso,PER,true
dior,Dior,PER,true
diosdado,Diosdado,PER,true
diosdado cabello,Diosdado Cabello,PER,true
diputado,Diputado,PER,true
diseñador de llano 7 días,Diseñador de Llano 7 Días,PER,true
ditta,Ditta,PER,true
diva jessurum,Diva Jessurum,PER,true
divina,Divina,PER,true
dj,Dj,PER,true
dj catalina ortiz,Dj Catalina Ortiz,PER,true
dj dutty,Dj Dutty,PER,true
dj krazytouch,Dj Krazytouch,PER,true
dj prilla,Dj Prilla,PER,true
dj wilson sierra,Dj Wilson Sierra,PER,true
djed spence,Djed Spence,PER,true
djokovic,Djokovic,PER,true
doblecero,Doblecero,PER,true
doc leo,Doc Leo,PER,true
dogui,Dogui,PER,true
doki,Doki,PER,true
doku,Doku,PER,true
dolce & gabbana,Dolce & Gabbana,ORG,true
dolcey torres,Dolcey Torres,PER,true
dolly montoya,Dolly Montoya,PER,true
dolphin,Dolphin,PER,true
domenicali,Domenicali,PER,true
domiciliario wayuu,Domiciliario Wayuu,PER,true
dominga sotomayor,Dominga Sotomayor,PER,true
domingo faustino sarmiento,Domingo Faustino Sarmiento,PER,true
domingo sánchez,Domingo Sánchez,PER,true
dominic cabrera,Dominic Cabrera,PER,true
dominic fabián,Dominic Fabián,PER,true
dominica duque,Dominica Duque,PER,true
doménico barbato,Doménico Barbato,PER,true
don,Don,PER,true
don andrés,Don Andrés,PER,true
don berna,Don Berna,PER,true
don beto,Don Beto,PER,true
don felipe,Don Felipe,PER,true
don jediondo,Don Jediondo,PER,true
don julio,Don Julio,PER,true
don luis,Don Luis,PER,true
don luis felipe,Don Luis Felipe,PER,true
don matias s.a.s,Don Matias S.a.s,PER,true
don matías,Don Matías,PER,true
don miguel,Don Miguel,PER,true
don omar,Don Omar,PER,true
don pedro,Don Pedro,PER,true
don ro,Don Ro,PER,true
don salva,Don Salva,PER,true
don william,Don William,PER,true
donald,Donald,PER,true
donald trump,Donald Trump,PER,true
doncic,Doncic,PER,true
dorian gray,Dorian Gray,PER,true
dorlan pabón,Dorlan Pabón,PER,true
douglas,Douglas,PER,true
doué,Doué,PER,true
doña helena,Doña Helena,PER,true
doña martha,Doña Martha,PER,true
doña noemí,Doña Noemí,PER,true
dr,Dr,PER,true
dr. google,Dr. Google,PER,true
dr. q,Dr. Q,PER,true
dra,Dra,PER,true
dra. massiel pardo de oro,Dra. Massiel Pardo de Oro,PER,true
draco rosa,Draco Rosa,PER,true
dragoneante del inpec,Dragoneante del Inpec,PER,true
drake,Drake,PER,true
dreamworks,Dreamworks,PER,true
drew doyle,Drew Doyle,PER,true
drummond,Drummond,PER,true
drácula,Drácula,PER,true
dräger,Dräger,PER,true
dua,Dua,PER,true
duber,Duber,PER,true
duberney pareja,Duberney Pareja,PER,true
dudamel,Dudamel,PER,true
duffer,Duffer,PER,true
dulce,Dulce,PER,true
dulce maría,Dulce María,PER,true
dumar aljure,Dumar Aljure,PER,true
dumek,Dumek,PER,true
dumek turbay,Dumek Turbay,PER,true
duolingo,Duolingo,PER,true
duplantis,Duplantis,PER,true
duque,Duque,PER,true
duquesa de sussex,Duquesa de Sussex,PER,true
duran guerrero,Joan Sebastián Durán Guerrero,PER,true
durán,Durán,PER,true
durán guerrero,Joan Sebastián Durán Guerrero,PER,true
dussán,Dussán,PER,true
duvalier,Duvalier,PER,true
duvalier sánchez,Duvalier Sánchez,PER,true
duvan,Duvan,PER,true
duvan vergara,Duvan Vergara,PER,true
duván felipe ruiz,Duván Felipe Ruiz,PER,true
duván ferrer,Duván Ferrer,PER,true
duván vergara,Duván Vergara,PER,true
duván zapata,Duván Zapata,PER,true
dwayne johnson,Dwayne Johnson,PER,true
dyango,Dyango,PER,true
dylan,Dylan,PER,true
dylan batubinsika,Dylan Batubinsika,PER,true
dylan borrero,Dylan Borrero,PER,true
dylan fuentes,Dylan Fuentes,PER,true
dávinson,Dávinson,PER,true
dávinson sánchez,Dávinson Sánchez,PER,true
débora arango,Débora Arango,PER,true
déiber caicedo,Déiber Caicedo,PER,true
déiver machado,Déiver Machado,PER,true
désiré doué,Désiré Doué,PER,true
díaz ayuso,Díaz Ayuso,PER,true
díaz- canel,Díaz- Canel,PER,true
díaz-balart,Díaz-balart,PER,true
díaz-canel,Díaz-canel,PER,true
dímelo jara,Dímelo Jara,PER,true
dímelo king,Dímelo King,PER,true
e. jean carroll,E. Jean Carroll,PER,true
ean royers,Ean Royers,PER,true
ebrard,Ebrard,PER,true
ece irtem,Ece Irtem,PER,true
ece i̇rtem,Ece İrtem,PER,true
echenique,Echenique,PER,true
echeverry,Echeverry,PER,true
echo,Echo,PER,true
ed ariza cortés,Ed Ariza Cortés,PER,true
ed martin,Ed Martin,PER,true
ed sheeran,Ed Sheeran,PER,true
eddie,Eddie,PER,true
eddie palmieri,Eddie Palmieri,PER,true
eddy herrera,Eddy Herrera,PER,true
eden muñoz,Eden Muñoz,PER,true
eder,Eder,PER,true
eder jesús muñoz,Eder Jesús Muñoz,PER,true
edgar alfonso,Edgar Alfonso,PER,true
edgar buitrago,Edgar Buitrago,PER,true
edgar buitrago rico,Edgar Buitrago Rico,PER,true
edgar diaz,Edgar Diaz,PER,true
edgar elizalde,Edgar Elizalde,PER,true
edgar gómez rodríguez,Edgar Gómez Rodríguez,PER,true
edgar morin,Edgar Morin,PER,true
edgar negret,Edgar Negret,PER,true
edilson castro,Edilson Castro,PER,true
edipo,Edipo,PER,true
edison torres,Edison Torres,PER,true
edmar castañeda,Edmar Castañeda,PER,true
edmilson herazo,Edmilson Herazo,PER,true
edmundo gonzález,Edmundo González,PER,true
edna,Edna,PER,true
edna bonilla,Edna Bonilla,PER,true
edson tortolero,Edson Tortolero,PER,true
edu aguirre,Edu Aguirre,PER,true
eduar daza,Eduar Daza,PER,true
eduar gamarra,Eduar Gamarra,PER,true
eduar triana,Eduar Triana,PER,true
eduard bello,Eduard Bello,PER,true
eduard castro daza,Eduard Castro Daza,PER,true
eduardo,Eduardo,PER,true
eduardo bolsonaro,Eduardo Bolsonaro,PER,true
eduardo chalá,Eduardo Chalá,PER,true
eduardo coudet,Eduardo Coudet,PER,true
eduardo david ramos,Eduardo David Ramos,PER,true
eduardo emilio vilarete,Eduardo Emilio Vilarete,PER,true
eduardo enrique zapateiro,Eduardo Enrique Zapateiro,PER,true
eduardo iturralde,Eduardo Iturralde,PER,true
eduardo llano,Eduardo Llano,PER,true
eduardo luis,Eduardo Luis,PER,true
eduardo maglioni,Eduardo Maglioni,PER,true
eduardo malagón,Eduardo Malagón,PER,true
eduardo montealegre,Eduardo Montealegre,PER,true
eduardo méndez,Eduardo Méndez,PER,true
eduardo méndez romero,Eduardo Méndez Romero,PER,true
eduardo pizarro,Eduardo Pizarro,PER,true
eduardo pulgar,Eduardo Pulgar,PER,true
eduardo ramos,Eduardo Ramos,PER,true
eduardo retat,Eduardo Retat,PER,true
eduardo sacheri,Eduardo Sacheri,PER,true
eduardo verano,Eduardo Verano,PER,true
eduardo verastegui,Eduardo Verastegui,PER,true
eduardo vilarete,Eduardo Vilarete,PER,true
eduardo zapateiro,Eduardo Zapateiro,PER,true
eduin caz,Eduin Caz,PER,true
edurne pasabán,Edurne Pasabán,PER,true
edward gonzález,Edward González,PER,true
edward parra,Edward Parra,PER,true
edward varón,Edward Varón,PER,true
edwin,Edwin,PER,true
edwin arrieta,Edwin Arrieta,PER,true
edwin cardona,Edwin Cardona,PER,true
edwin delgado,Edwin Delgado,PER,true
edwin luna,Edwin Luna,PER,true
edwin velasco,Edwin Velasco,PER,true
edwin zúñiga,Edwin Zúñiga,PER,true
edwincito,Edwincito,PER,true
edwuin cetré,Edwuin Cetré,PER,true
efrain cepeda,Efraín Cepeda,PER,true
efraín juárez,Efraín Juárez,PER,true
efrén,Efrén,PER,true
efrén calderón,Efrén Calderón,PER,true
efrén giraldo,Efrén Giraldo,PER,true
egan,Egan,PER,true
egan bernal,Egan Bernal,PER,true
egon schiele,Egon Schiele,PER,true
eidevin,Eidevin,PER,true
eidevin lópez,Eidevin López,PER,true
eimy suárez,Eimy Suárez,PER,true
einer rubio,Einer Rubio,PER,true
einer rubió,Einer Rubió,PER,true
einstein,Einstein,PER,true
eira del mar,Eira del Mar,PER,true
ejae,Ejae,PER,true
el 03,El 03,PER,true
el abuelo,El Abuelo,PER,true
el agropecuario,El Agropecuario,PER,true
el androide,El Androide,PER,true
el antony,El Antony,PER,true
el auténtico,El Auténtico,PER,true
el bicho,El Bicho,PER,true
el bombardero,El Bombardero,PER,true
el boqui,El Boqui,PER,true
el borrego,El Borrego,PER,true
el brujo,El Brujo,PER,true
el búho,El Búho,PER,true
el calamar,El Calamar,PER,true
el canario,El Canario,PER,true
el cangrejo,El Cangrejo,PER,true
el caremoco,El Caremoco,PER,true
el caribefunk,El Caribefunk,PER,true
el cejas,El Cejas,PER,true
el chacho,El Chacho,PER,true
el chamo,El Chamo,PER,true
el chapo,El Chapo,PER,true
el chapo guzmán,El Chapo Guzmán,PER,true
el chepi,El Chepi,PER,true
el chinchurria,El Chinchurria,PER,true
el chino,El Chino,PER,true
el cholo,El Cholo,PER,true
el churo,El Churo,PER,true
el cocho,El Cocho,PER,true
el coco,El Coco,PER,true
el colibrí,El Colibrí,PER,true
el confinte,El Confinte,PER,true
el costeño,El Costeño,PER,true
el cucho,El Cucho,PER,true
el cuervo,El Cuervo,PER,true
el cura,El Cura,PER,true
el dawil,El Dawil,PER,true
el escamoso,El Escamoso,PER,true
el español,El Español,PER,true
el fantasma,El Fantasma,PER,true
el faraón,El Faraón,PER,true
el flaco,El Flaco,PER,true
el francés,El Francés,PER,true
el gallero,El Gallero,PER,true
el gatico,El Gatico,PER,true
el gato,El Gato,PER,true
el gordo,El Gordo,PER,true
el gordo puchi,El Gordo Puchi,PER,true
el guajiro,El Guajiro,PER,true
el gury,El Gury,PER,true
el hermano,El Hermano,PER,true
el humbertico,El Humbertico,PER,true
el indio,El Indio,PER,true
el indio solari,El Indio Solari,PER,true
el james,El James,PER,true
el juanda,El Juanda,PER,true
el keiner,El Keiner,PER,true
el lucho,El Lucho,PER,true
el maldo,El Maldo,PER,true
el mata,El Mata,PER,true
el mayo zambada,El Mayo Zambada,PER,true
el meke,El Meke,PER,true
el mencho,El Mencho,PER,true
el menor,El Menor,PER,true
el monedero,El Monedero,PER,true
el mono,El Mono,PER,true
el montañero,El Montañero,PER,true
el negrito,El Negrito,PER,true
el negro ober,El Negro Ober,PER,true
el negro sosa,El Negro Sosa,PER,true
el nenito,El Nenito,PER,true
el oso,El Oso,PER,true
el paisa,El Paisa,PER,true
el parmenio,El Parmenio,PER,true
el paya,El Paya,PER,true
el pecueca,El Pecueca,PER,true
el peluquero,El Peluquero,PER,true
el pibe,El Pibe,PER,true
el pinki,El Pinki,PER,true
el poderoso,El Poderoso,PER,true
el pollo,El Pollo,PER,true
el porky,El Porky,PER,true
el principito,El Principito,PER,true
el quevaz,El Quevaz,PER,true
el rafa,El Rafa,PER,true
el ratón,El Ratón,PER,true
el rey,El Rey,PER,true
el ruso,El Ruso,PER,true
el salchichón,El Salchichón,PER,true
el sueco,El Sueco,PER,true
el tino,El Tino,PER,true
el tino asprilla,El Tino Asprilla,PER,true
el toro,El Toro,PER,true
el trenzas,El Trenzas,PER,true
el tuerto,El Tuerto,PER,true
el tío,El Tío,PER,true
el uva,El Uva,PER,true
el viejo,El Viejo,PER,true
el zarco,El Zarco,PER,true
el álex,El Álex,PER,true
el ángel,El Ángel,PER,true
el ñato maldad,El Ñato Maldad,PER,true
el óscar,El Óscar,PER,true
ela taubert,Ela Taubert,PER,true
elanga,Elanga,PER,true
elder dayan,Elder Dayán,PER,true
elder dayán,Elder Dayán,PER,true
electricista,Electricista,PER,true
elefante,Elefante,PER,true
elena rose,Elena Rose,PER,true
elena rybakina,Elena Rybakina,PER,true
eleonora pineda,Eleonora Pineda,PER,true
elf,Elf,PER,true
elhanan,Elhanan,PER,true
eli sharabi,Eli Sharabi,PER,true
eliades ochoa,Eliades Ochoa,PER,true
elian,Elian,PER,true
eliana bigoni,Eliana Bigoni,PER,true
eliana cruz,Eliana Cruz,PER,true
eliana medrano,Eliana Medrano,PER,true
eliana raquel medrano,Eliana Raquel Medrano,PER,true
elianis garrido,Elianis Garrido,PER,true
elisa gamba,Elisa Gamba,PER,true
elizabeth garcía,Elizabeth García,PER,true
elizabeth garcía carrillo,Elizabeth García Carrillo,PER,true
elizabeth jaraba,Elizabeth Jaraba,PER,true
elizabeth loaiza,Elizabeth Loaiza,PER,true
elizabeth ortiz,Elizabeth Ortiz,PER,true
elizabeth serna,Elizabeth Serna,PER,true
elize matsunaga,Elize Matsunaga,PER,true
eliécer gaitán,Eliécer Gaitán,PER,true
elkin,Elkin,PER,true
elkin ramirez,Elkin Ramirez,PER,true
elkis,Elkis,PER,true
ella hunt,Ella Hunt,PER,true
elle,Elle,PER,true
elle woods,Elle Woods,PER,true
ellen burstyn,Ellen Burstyn,PER,true
elliot anderson,Elliot Anderson,PER,true
elon,Elon,PER,true
elon musk,Elon Musk,PER,true
eloy room,Eloy Room,PER,true
elsa aguirre,Elsa Aguirre,PER,true
elsa jazmín gonzález,Elsa Jazmín González,PER,true
elsa noguera,Elsa Noguera,PER,true
elton john,Elton John,PER,true
elvira,Elvira,PER,true
elvira sanabria,Elvira Sanabria,PER,true
ely karmon,Ely Karmon,PER,true
elías cabrera,Elías Cabrera,PER,true
emanuel gutiérrez,Emanuel Gutiérrez,PER,true
embajador reyes,Embajador Reyes,PER,true
emerse fae,Emerse Fae,PER,true
emerson rivaldo rodríguez,Emerson Rivaldo Rodríguez,PER,true
emerson rodríguez,Emerson Rodríguez,PER,true
emi,Emi,PER,true
emile zola,Emile Zola,PER,true
emilia,Emilia,PER,true
emilia clarke,Emilia Clarke,PER,true
emiliana arango,Emiliana Arango,PER,true
emiliano,Emiliano,PER,true
emilio,Emilio,PER,true
emilio salgari,Emilio Salgari,PER,true
emilio tapia,Emilio Tapia,PER,true
emily,Emily,PER,true
emily haines,Emily Haines,PER,true
emily león,Emily León,PER,true
emily moreno,Emily Moreno,PER,true
emily wilson,Emily Wilson,PER,true
emir de catar,Emir de Catar,PER,true
emiro,Emiro,PER,true
emiro navarro,Emiro Navarro,PER,true
emmanuel esparza,Emmanuel Esparza,PER,true
emmanuel macron,Emmanuel Macron,PER,true
emmanuel marín,Emmanuel Marín,PER,true
emmanuel restrepo,Emmanuel Restrepo,PER,true
emmanuel sánchez,Emmanuel Sánchez,PER,true
emyl rusev,Emyl Rusev,PER,true
emérita mora,Emérita Mora,PER,true
en bucle,En Bucle,PER,true
encapuchado,Encapuchado,PER,true
endocrinólogo,Endocrinólogo,PER,true
endrick,Endrick,PER,true
engendro,Engendro,PER,true
enilda ruda,Enilda Ruda,PER,true
enmedio,Enmedio,PER,true
enredos,Enredos,PER,true
enric mas,Enric Mas,PER,true
enrique,Enrique,PER,true
enrique camacho,Enrique Camacho,PER,true
enrique galán roa,Enrique Galán Roa,PER,true
enrique gomez,Enrique Gómez,PER,true
enrique gómez,Enrique Gómez,PER,true
enrique iglesias,Enrique Iglesias,PER,true
enrique macaya márquez,Enrique Macaya Márquez,PER,true
enrique ochoa,Enrique Ochoa,PER,true
enrique peñalosa,Enrique Peñalosa,PER,true
enrique riquelme,Enrique Riquelme,PER,true
enrique serrano,Enrique Serrano,PER,true
enrique serrano lópez,Enrique Serrano López,PER,true
enrique vargas,Enrique Vargas,PER,true
enriqueta,Enriqueta,PER,true
enríque gómez,Enríque Gómez,PER,true
enzo,Enzo,PER,true
enzo fernandez,Enzo Fernández,PER,true
enzo fernández,Enzo Fernández,PER,true
enzo maresca,Enzo Maresca,PER,true
epstein,Epstein,PER,true
equiori,Equiori,PER,true
erasmo,Erasmo,PER,true
erasmo zuleta,Erasmo Zuleta,PER,true
erdogan,Erdogan,PER,true
eric fernando gutiérrez,Eric Fernando Gutiérrez,PER,true
eric garcía,Eric García,PER,true
eric gutiérrez,Eric Gutiérrez,PER,true
eric ramírez,Eric Ramírez,PER,true
eric sang,Eric Sang,PER,true
eric yeiner hincapié,Eric Yeiner Hincapié,PER,true
erick pataquiva,Erick Pataquiva,PER,true
erick rodriguez,Erick Rodriguez,PER,true
erick rodríguez,Erick Rodríguez,PER,true
erick sang,Erick Sang,PER,true
erik rodríguez,Erik Rodríguez,PER,true
erika,Erika,PER,true
erika cardozo,Erika Cardozo,PER,true
erika díaz,Erika Díaz,PER,true
erika fontalvo,Erika Fontalvo,PER,true
erika lasso,Erika Lasso,PER,true
eriksen,Eriksen,PER,true
erinson,Erinson,PER,true
erlin mosquera,Erlin Mosquera,PER,true
erling haaland,Erling Haaland,PER,true
erling halaand,Erling Halaand,PER,true
ermes pete,Ermes Pete,PER,true
ernestina pais,Ernestina Pais,PER,true
ernesto benjumea,Ernesto Benjumea,PER,true
ernesto báez,Ernesto Báez,PER,true
ernesto forero,Ernesto Forero,PER,true
ernesto forero fernández de castro,Ernesto Forero Fernández de Castro,PER,true
ernesto macías,Ernesto Macías,PER,true
ernesto mccausland,Ernesto Mccausland,PER,true
ernesto sabato,Ernesto Sabato,PER,true
ernesto samper,Ernesto Samper,PER,true
ernesto sábato,Ernesto Sábato,PER,true
eros,Eros,PER,true
escalautos,Escalautos,PER,true
escalona,Escalona,PER,true
escapé,Escapé,PER,true
escoba,Escoba,PER,true
escobar,Escobar,PER,true
escolta,Escolta,PER,true
escolta senador,Escolta Senador,PER,true
escorpio,Escorpio,PER,true
escorpión,Escorpión,PER,true
escro,Escro,PER,true
eseniia mikheeva,Eseniia Mikheeva,PER,true
esenttia,Esenttia,PER,true
esfero,Esfero,PER,true
esmeralda hernández,Esmeralda Hernández,PER,true
esmeraldero,Esmeraldero,PER,true
espartaco,Espartaco,PER,true
esperanza gomez,Esperanza Gómez,PER,true
esperanza gómez,Esperanza Gómez,PER,true
esperanza jiménez,Esperanza Jiménez,PER,true
espriella,Espriella,PER,true
essined aponte,Essined Aponte,PER,true
esteban,Esteban,PER,true
esteban cárdenas,Esteban Cárdenas,PER,true
esteban duque,Esteban Duque,PER,true
esteban garcia,Esteban Garcia,PER,true
esteban garcía,Esteban García,PER,true
esteban garcía garzón,Esteban García Garzón,PER,true
esteban quintero,Esteban Quintero,PER,true
esteban ramos,Esteban Ramos,PER,true
esteban restrepo,Esteban Restrepo,PER,true
esteban santos,Esteban Santos,PER,true
estefanel gutiérrez,Estefanel Gutiérrez,PER,true
estefany,Estefany,PER,true
estefany echavarría,Estefany Echavarría,PER,true
estefanía maldonado,Estefanía Maldonado,PER,true
ester expósito,Ester Expósito,PER,true
esther,Esther,PER,true
esther ramírez,Esther Ramírez,PER,true
esthercita forero,Esthercita Forero,PER,true
estiven garcía,Estiven García,PER,true
estivens,Estivens,PER,true
estiwar g,Estiwar G,PER,true
estrada,Estrada,PER,true
estrellita,Estrellita,PER,true
estuardo ortiz,Estuardo Ortiz,PER,true
estée lauder,Estée Lauder,PER,true
estéfano gonzález,Estéfano González,PER,true
eta,Eta,PER,true
ethel caterham,Ethel Caterham,PER,true
etnnia,Etnnia,PER,true
euclid,Euclid,PER,true
euclides torres,Euclides Torres,PER,true
euforia,Euforia,PER,true
eugenio derbez,Eugenio Derbez,PER,true
eugenio montoya,Eugenio Montoya,PER,true
eulalio,Eulalio,PER,true
eulálio,Eulálio,PER,true
eva,Eva,PER,true
eva ferrer,Eva Ferrer,PER,true
eva longoria,Eva Longoria,PER,true
eva rey,Eva Rey,PER,true
evangelista mora,Evangelista Mora,PER,true
evaristo sourdis,Evaristo Sourdis,PER,true
evelio rosero,Evelio Rosero,PER,true
evenepoel,Evenepoel,PER,true
ever,Ever,PER,true
ever pallares,Ever Pallares,PER,true
everardo murillo,Everardo Murillo,PER,true
evert carreño,Evert Carreño,PER,true
everth bustamante,Everth Bustamante,PER,true
every zulandy mambuscay,Every Zulandy Mambuscay,PER,true
evo morales,Evo Morales,PER,true
ewan mcgregor,Ewan Mcgregor,PER,true
ewil murillo,Ewil Murillo,PER,true
excanciller,Excanciller,PER,true
excanciller leyva,Excanciller Leyva,PER,true
excanciller murillo,Excanciller Murillo,PER,true
excanciller noemí sanín,Excanciller Noemí Sanín,PER,true
excocinero,Excocinero,PER,true
excongresista,Excongresista,PER,true
excoordinador,Excoordinador,PER,true
exdirectivo,Exdirectivo,PER,true
exfigura,Exfigura,PER,true
exim bank,Exim Bank,PER,true
exlideresa,Exlideresa,PER,true
exmanager,Exmanager,PER,true
exmilitar,Exmilitar,PER,true
exministra de justicia,Exministra de Justicia,PER,true
exminjusticia,Exminjusticia,PER,true
exnovia,Exnovia,PER,true
exorcista,Exorcista,PER,true
experta,Experta,PER,true
expofuturo,Expofuturo,PER,true
expolicía,Expolicía,PER,true
expomedellin,Expomedellin,PER,true
exportero,Exportero,PER,true
exprocurador alejandro ordóñez,Exprocurador Alejandro Ordóñez,PER,true
exsargento,Exsargento,PER,true
exsocio,Exsocio,PER,true
exteriores,Exteriores,PER,true
ezequiel lópez,Ezequiel López,PER,true
ezequiel zabaleta,Ezequiel Zabaleta,PER,true
f.a.m,F.a.m,PER,true
fabian,Fabian,PER,true
fabian bustos,Fabian Bustos,PER,true
fabian ruiz,Fabian Ruiz,PER,true
fabian sambueza,Fabian Sambueza,PER,true
fabiana blanco,Fabiana Blanco,PER,true
fabien frankel,Fabien Frankel,PER,true
fabio,Fabio,PER,true
fabio arjona,Fabio Arjona,PER,true
fabio cannavaro,Fabio Cannavaro,PER,true
fabio humar,Fabio Humar,PER,true
fabio rodríguez amaya,Fabio Rodríguez Amaya,PER,true
fabiola,Fabiola,PER,true
fabiola márquez,Fabiola Márquez,PER,true
fabián,Fabián,PER,true
fabián bustos,Fabián Bustos,PER,true
fabián correa,Fabián Correa,PER,true
fabián ruiz,Fabián Ruiz,PER,true
fabián ríos,Fabián Ríos,PER,true
fabián sambueza,Fabián Sambueza,PER,true
fabián vargas,Fabián Vargas,PER,true
fabián ángel,Fabián Ángel,PER,true
fabrizio romano,Fabrizio Romano,PER,true
faccione,Faccione,PER,true
fadul,Fadul,PER,true
faetón,Faetón,PER,true
fagúndez,Fagúndez,PER,true
fajardo,Fajardo,PER,true
falabella retail,Falabella Retail,PER,true
falcao,Falcao,PER,true
falcao garcía,Radamel Falcao García,PER,true
familia bolsonaro,Familia Bolsonaro,PER,true
familia castro,Familia Castro,PER,true
familia char,Familia Char,PER,true
familia turbay,Familia Turbay,PER,true
fanny gutiérrez,Fanny Gutiérrez,PER,true
fanny sanín,Fanny Sanín,PER,true
fanático,Fanático,PER,true
farage,Farage,PER,true
farid duque,Farid Duque,PER,true
faride ramos,Faride Ramos,PER,true
farruko,Farruko,PER,true
faryd mondragón,Faryd Mondragón,PER,true
fassbender,Fassbender,PER,true
fat n,Fat N,PER,true
fauci,Fauci,PER,true
faustino,Faustino,PER,true
faustino asprilla,Faustino Asprilla,PER,true
favorito,Favorito,PER,true
febe merab,Febe Merab,PER,true
fede valverde,Fede Valverde,PER,true
federico,Federico,PER,true
federico charris,Federico Charris,PER,true
federico garcía lorca,Federico García Lorca,PER,true
federico gutierrez,Federico Gutiérrez,PER,true
federico gutiérrez,Federico Gutiérrez,PER,true
federico gútierrez,Federico Gútierrez,PER,true
federico luis,Federico Luis,PER,true
federico mejia,Federico Mejía,PER,true
federico mejía,Federico Mejía,PER,true
federico restrepo,Federico Restrepo,PER,true
federico valverde,Federico Valverde,PER,true
fedesoft,Fedesoft,PER,true
feid,Feid,PER,true
felaban,Felaban,PER,true
felipe,Felipe,PER,true
felipe arias,Felipe Arias,PER,true
felipe bayón,Felipe Bayón,PER,true
felipe bravo,Felipe Bravo,PER,true
felipe gonzález,Felipe González,PER,true
felipe gonzález garza,Felipe González Garza,PER,true
felipe harman,Juan Felipe Harman,PER,true
felipe harmán,Felipe Harman,PER,true
felipe hernández,Felipe Hernández,PER,true
felipe lópez,Felipe López,PER,true
felipe lópez caballero,Felipe López Caballero,PER,true
felipe mariño,Felipe Mariño,PER,true
felipe olave,Felipe Olave,PER,true
felipe peláez,Felipe Peláez,PER,true
felipe román lozano,Felipe Román Lozano,PER,true
felipe salcedo,Felipe Salcedo,PER,true
felipe saruma,Felipe Saruma,PER,true
felipe sierra,Felipe Sierra,PER,true
felipe toro,Felipe Toro,PER,true
felipe trujillo,Felipe Trujillo,PER,true
felipe vi,Felipe Vi,PER,true
felipe zuleta,Felipe Zuleta,PER,true
felisa ramírez,Felisa Ramírez,PER,true
felo,Felo,PER,true
feminicida,Feminicida,PER,true
feng shui,Feng Shui,PER,true
fermani,Fermani,PER,true
fermín,Fermín,PER,true
fermín lópez,Fermín López,PER,true
fernado gaviria,Fernado Gaviria,PER,true
fernanda delgado,Fernanda Delgado,PER,true
fernanda trías,Fernanda Trías,PER,true
fernando,Fernando,PER,true
fernando alonso,Fernando Alonso,PER,true
fernando araújo,Fernando Araújo,PER,true
fernando arévalo,Fernando Arévalo,PER,true
fernando barreto,Fernando Barreto,PER,true
fernando borja,Fernando Borja,PER,true
fernando botero,Fernando Botero,PER,true
fernando carrillo,Fernando Carrillo,PER,true
fernando castillejo,Fernando Castillejo,PER,true
fernando cerimedo,Fernando Cerimedo,PER,true
fernando eimbcke,Fernando Eimbcke,PER,true
fernando gago,Fernando Gago,PER,true
fernando gaitán,Fernando Gaitán,PER,true
fernando galeano,Fernando Galeano,PER,true
fernando gaviria,Fernando Gaviria,PER,true
fernando giner,Fernando Giner,PER,true
fernando gómez,Fernando Gómez,PER,true
fernando hakim,Fernando Hakim,PER,true
fernando merchán,Fernando Merchán,PER,true
fernando misas,Fernando Misas,PER,true
fernando montaño,Fernando Montaño,PER,true
fernando muslera,Fernando Muslera,PER,true
fernando ozuna,Fernando Ozuna,PER,true
fernando palomo,Fernando Palomo,PER,true
fernando quintero,Juan Fernando Quintero,PER,true
fernando rojas,Fernando Rojas,PER,true
fernando ruiz,Fernando Ruiz,PER,true
fernando suárez,Fernando Suárez,PER,true
fernando villavicencio,Fernando Villavicencio,PER,true
ferney pacho,Ferney Pacho,PER,true
ferney silva,Ferney Silva,PER,true
ferragamo,Ferragamo,PER,true
ferran torres,Ferran Torres,PER,true
ferrero,Ferrero,PER,true
ferrero rocher,Ferrero Rocher,PER,true
ferry,Ferry,PER,true
ferrán torres,Ferrán Torres,PER,true
ferzan ozpetek,Ferzan Ozpetek,PER,true
fher de maná,Fher de Maná,PER,true
fher olvera,Fher Olvera,PER,true
fico,Fico,PER,true
fico gutierrez,Fico Gutiérrez,PER,true
fico gutiérrez,Fico Gutiérrez,PER,true
ficti,Ficti,PER,true
fidel,Fidel,PER,true
fidel castro,Fidel Castro,PER,true
figo,Figo,PER,true
filadelfo galvis,Filadelfo Galvis,PER,true
filigrana 24k,Filigrana 24k,PER,true
filipino,Filipino,PER,true
filippo ganna,Filippo Ganna,PER,true
fillol,Fillol,PER,true
finlay tarling,Finlay Tarling,PER,true
fiona,Fiona,PER,true
fishman,Fishman,PER,true
fito,Fito,PER,true
fito paez,Fito Páez,PER,true
fito páez,Fito Páez,PER,true
fiódor dostoyevski,Fiódor Dostoyevski,PER,true
flabelus,Flabelus,PER,true
flaca,Flaca,PER,true
flaco,Flaco,PER,true
flaco jerson,Flaco Jerson,PER,true
flavia dos santos,Flavia Dos Santos,PER,true
flavio,Flavio,PER,true
flavio bolsonaro,Flavio Bolsonaro,PER,true
flavio cobolli,Flavio Cobolli,PER,true
fleabag,Fleabag,PER,true
fleteo,Fleteo,PER,true
fleyver,Fleyver,PER,true
flia gaitán,Flia Gaitán,PER,true
flick,Flick,PER,true
flor denis ruiz,Flor Denis Ruiz,PER,true
flor denis ruíz,Flor Denis Ruíz,PER,true
flor maría vargas,Flor María Vargas,PER,true
flor ruiz,Flor Ruiz,PER,true
flor vargas,Flor Vargas,PER,true
flora martínez,Flora Martínez,PER,true
florentino perez,Florentino Pérez,PER,true
florentino pérez,Florentino Pérez,PER,true
flávio,Flávio,PER,true
flávio bolsonaro,Flávio Bolsonaro,PER,true
flórez,Flórez,PER,true
foden,Foden,PER,true
folarin balogun,Folarin Balogun,PER,true
fonseca,Fonseca,PER,true
fontaine,Fontaine,PER,true
foralin balogun,Foralin Balogun,PER,true
forbes,Forbes,PER,true
forero,Forero,PER,true
forlán,Forlán,PER,true
fortnite,Fortnite,PER,true
foster martinson,Foster Martinson,PER,true
fox news,Fox News,PER,true
fraile ricardo torres,Fraile Ricardo Torres,PER,true
frances,Frances,PER,true
frances tiafoe,Frances Tiafoe,PER,true
francesca,Francesca,PER,true
francesca albanese,Francesca Albanese,PER,true
francesca santodomingo,Francesca Santodomingo,PER,true
francesco belli,Francesco Belli,PER,true
francesco bertoli,Francesco Bertoli,PER,true
francia marquez,Francia Márquez,PER,true
francia márquez,Francia Márquez,PER,true
francis bacon,Francis Bacon,PER,true
francis donovan,Francis Donovan,PER,true
francis scott fitzgerald,Francis Scott Fitzgerald,PER,true
francisca,Francisca,PER,true
francisca toro,Francisca Toro,PER,true
francisco,Francisco,PER,true
francisco abraham palacios,Francisco Abraham Palacios,PER,true
francisco alejandro leyva,Francisco Alejandro Leyva,PER,true
francisco ardila,Francisco Ardila,PER,true
francisco arias cárdenas,Francisco Arias Cárdenas,PER,true
francisco barbosa,Francisco Barbosa,PER,true
francisco bernate,Francisco Bernate,PER,true
francisco chaverra,Francisco Chaverra,PER,true
francisco cubides,Francisco Cubides,PER,true
francisco de roux,Francisco de Roux,PER,true
francisco fydriszewski,Francisco Fydriszewski,PER,true
francisco gutiérrez sanín,Francisco Gutiérrez Sanín,PER,true
francisco josé chaux,Francisco José Chaux,PER,true
francisco maturana,Francisco Maturana,PER,true
francisco paz,Francisco Paz,PER,true
francisco sanclemente,Francisco Sanclemente,PER,true
francisco santos,Francisco Santos,PER,true
francisco vera,Francisco Vera,PER,true
francisco zumaqué,Francisco Zumaqué,PER,true
franco argülles,Franco Argülles,PER,true
franco armani,Franco Armani,PER,true
franco baresi,Franco Baresi,PER,true
franco baressi,Franco Baressi,PER,true
franco fagúndez,Franco Fagúndez,PER,true
franco mastantuono,Franco Mastantuono,PER,true
francotirador,Francotirador,PER,true
francy,Francy,PER,true
francés,Francés,PER,true
frank beard,Frank Beard,PER,true
frank pearl,Frank Pearl,PER,true
frank rubio,Frank Rubio,PER,true
frankenstein,Frankenstein,PER,true
franki esley hoyos,Franki Esley Hoyos,PER,true
franklin gamboa,Franklin Gamboa,PER,true
franklin ramos,Franklin Ramos,PER,true
franklin virgüez,Franklin Virgüez,PER,true
franque hoyos,Franque Hoyos,PER,true
franz,Franz,PER,true
franz kafka,Franz Kafka,PER,true
françois englert,François Englert,PER,true
frasers,Frasers,PER,true
freddie,Freddie,PER,true
freddy,Freddy,PER,true
freddy flórez,Freddy Flórez,PER,true
freddy guzmán,Freddy Guzmán,PER,true
freddy hurtado,Freddy Hurtado,PER,true
freddy ordóñez,Freddy Ordóñez,PER,true
freddy rincón,Freddy Rincón,PER,true
freddy santiago guzmán,Freddy Santiago Guzmán,PER,true
freddy superlano,Freddy Superlano,PER,true
frederik oldenburg,Frederik Oldenburg,PER,true
fredrik dversnes,Fredrik Dversnes,PER,true
fredy,Fredy,PER,true
fredy alexis russi gonzález,Fredy Alexis Russi González,PER,true
fredy guarin,Fredy Guarín,PER,true
fredy guarín,Fredy Guarín,PER,true
fredy guzmán,Fredy Guzmán,PER,true
fredy hurtado,Fredy Hurtado,PER,true
fredy omen,Fredy Omen,PER,true
fredy peralta,Fredy Peralta,PER,true
fredy santiago,Fredy Santiago,PER,true
fredy santiago guzmán,Fredy Santiago Guzmán,PER,true
freiman david velásquez,Freiman David Velásquez,PER,true
freiman velásquez,Freiman Velásquez,PER,true
frenan,Frenan,PER,true
frenkie,Frenkie,PER,true
freud,Freud,PER,true
frida,Frida,PER,true
frida kahlo,Frida Kahlo,PER,true
friedrich hölderlin,Friedrich Hölderlin,PER,true
friedrich merz,Friedrich Merz,PER,true
fritanga,Fritanga,PER,true
fruko,Fruko,PER,true
fuchi,Fuchi,PER,true
fugitivo,Fugitivo,PER,true
fujii kaze,Fujii Kaze,PER,true
fujimori,Fujimori,PER,true
fumaratto,Fumaratto,PER,true
furgón,Furgón,PER,true
fusil jaguar,Fusil Jaguar,PER,true
fydriszewski,Fydriszewski,PER,true
fábio cannavaro,Fábio Cannavaro,PER,true
fátima bosch,Fátima Bosch,PER,true
félicien kabuga,Félicien Kabuga,PER,true
félix de bedout,Félix de Bedout,PER,true
félix gutiérrez,Félix Gutiérrez,PER,true
félix plasencia,Félix Plasencia,PER,true
félix salgado,Félix Salgado,PER,true
fénix,Fénix,PER,true
gaba,Gaba,PER,true
gabbard,Gabbard,PER,true
gabby,Gabby,PER,true
gabito,Gabito,PER,true
gabo,Gabo,PER,true
gabriel,Gabriel,PER,true
gabriel arenas erazo,Gabriel Arenas Erazo,PER,true
gabriel arenas herazo,Gabriel Arenas Herazo,PER,true
gabriel attal,Gabriel Attal,PER,true
gabriel becerra,Gabriel Becerra,PER,true
gabriel beltran,Gabriel Beltran,PER,true
gabriel beltrán,Gabriel Beltrán,PER,true
gabriel ben-tasgal,Gabriel Ben-tasgal,PER,true
gabriel bohórquez,Gabriel Bohórquez,PER,true
gabriel calle,Gabriel Calle,PER,true
gabriel calle aguas,Gabriel Calle Aguas,PER,true
gabriel cubillos,Gabriel Cubillos,PER,true
gabriel esteban,Gabriel Esteban,PER,true
gabriel esteban gonzález,Gabriel Esteban González,PER,true
gabriel fuentes,Gabriel Fuentes,PER,true
gabriel ganley,Gabriel Ganley,PER,true
gabriel garcía,Gabriel García,PER,true
gabriel ibarra pardo,Gabriel Ibarra Pardo,PER,true
gabriel jaimes,Gabriel Jaimes,PER,true
gabriel latorre,Gabriel Latorre,PER,true
gabriel meluk,Gabriel Meluk,PER,true
gabriel muñoz lópez,Gabriel Muñoz López,PER,true
gabriel ortega,Gabriel Ortega,PER,true
gabriel rolón,Gabriel Rolón,PER,true
gabriel rondón,Gabriel Rondón,PER,true
gabriel silva,Gabriel Silva,PER,true
gabriel vallejo,Gabriel Vallejo,PER,true
gabriela,Gabriela,PER,true
gabriela aguirre,Gabriela Aguirre,PER,true
gabriela casuso,Gabriela Casuso,PER,true
gabriela correa,Gabriela Correa,PER,true
gabriela fleritt,Gabriela Fleritt,PER,true
gabriela munoz,Gabriela Muñoz,PER,true
gabriela muñoz,Gabriela Muñoz,PER,true
gabriela rueda,Gabriela Rueda,PER,true
gabriela sanarrusia,Gabriela Sanarrusia,PER,true
gabriela spanic,Gabriela Spanic,PER,true
gabriela tafur,Gabriela Tafur,PER,true
gabrielle,Gabrielle,PER,true
gabrile barbosa,Gabrile Barbosa,PER,true
gaby,Gaby,PER,true
gaby spanic,Gaby Spanic,PER,true
gacha,Gacha,PER,true
gadi eisenkot,Gadi Eisenkot,PER,true
gael,Gael,PER,true
gael garcía,Gael García,PER,true
gael garcía bernal,Gael García Bernal,PER,true
gaesa,Gaesa,PER,true
gaethje,Gaethje,PER,true
gafas,Gafas,PER,true
gail grant,Gail Grant,PER,true
gaitán,Gaitán,PER,true
gakpo,Gakpo,PER,true
galan,Galan,PER,true
galarreta,Galarreta,PER,true
galarza,Galarza,PER,true
galeón san josé,Galeón San José,PER,true
galindo,Galindo,PER,true
gallero,Gallero,PER,true
galliano,Galliano,PER,true
gallinazo,Gallinazo,PER,true
galván rodríguez,Galván Rodríguez,PER,true
galy galiano,Galy Galiano,PER,true
galán,Galán,PER,true
gamba,Gamba,PER,true
gamboa,Gamboa,PER,true
gamero,Gamero,PER,true
gancho,Gancho,PER,true
gandhi,Gandhi,PER,true
gandhi criollo,Gandhi Criollo,PER,true
garabato,Garabato,PER,true
garcia marquez,Gabriel García Márquez,PER,true
garcia rulfo,Garcia Rulfo,PER,true
garcés,Garcés,PER,true
garcía basso,García Basso,PER,true
garcía lorca,García Lorca,PER,true
garcía marquez,García Marquez,PER,true
garcía márquez,Gabriel García Márquez,PER,true
garcía-peña,García-peña,PER,true
gardel,Gardel,PER,true
gary glitter,Gary Glitter,PER,true
gary lineker,Gary Lineker,PER,true
gary medel,Gary Medel,PER,true
gary neville,Gary Neville,PER,true
gary ruvkun,Gary Ruvkun,PER,true
gasnova,Gasnova,PER,true
gaspar prim,Gaspar Prim,PER,true
gasper,Gasper,PER,true
gaspi,Gaspi,PER,true
gasset,Gasset,PER,true
gata,Gata,PER,true
gatico,Gatico,PER,true
gatita,Gatita,PER,true
gatito,Gatito,PER,true
gato,Gato,PER,true
gato negro,Gato Negro,PER,true
gato pérez,Gato Pérez,PER,true
gaudí,Gaudí,PER,true
gavi,Gavi,PER,true
gavilán,Gavilán,PER,true
gavin newsom,Gavin Newsom,PER,true
gaviria,Gaviria,PER,true
geena davis,Geena Davis,PER,true
gelver peña,Gelver Peña,PER,true
gemini notebook,Gemini Notebook,PER,true
geminis,Geminis,PER,true
geologo,Geologo,PER,true
george clooney,George Clooney,PER,true
george hodgson,George Hodgson,PER,true
george r.r. martin,George R.r. Martin,PER,true
george russell,George Russell,PER,true
george w. bush,George W. Bush,PER,true
george washington,George Washington,PER,true
georges clemenceau,Georges Clemenceau,PER,true
georgieva,Georgieva,PER,true
georgina,Georgina,PER,true
georgina rodríguez,Georgina Rodríguez,PER,true
gera ponce,Gera Ponce,PER,true
geraldine mayer,Geraldine Mayer,PER,true
geraldine ponce,Geraldine Ponce,PER,true
gerard angulo,Gerard Angulo,PER,true
gerard pique,Gerard Piqué,PER,true
gerard piqué,Gerard Piqué,PER,true
gerardo bedoya,Gerardo Bedoya,PER,true
geri halliwell,Geri Halliwell,PER,true
german,German,PER,true
german avila,Germán Ávila,PER,true
german ojeda,German Ojeda,PER,true
german vargas lleras,Germán Vargas Lleras,PER,true
germán,Germán,PER,true
germán alberto león durán,Germán Alberto León Durán,PER,true
germán alonso olano becerra,Germán Alonso Olano Becerra,PER,true
germán bahamón,Germán Bahamón,PER,true
germán berterame,Germán Berterame,PER,true
germán calderón,Germán Calderón,PER,true
germán castro caycedo,Germán Castro Caycedo,PER,true
germán céspedes,Germán Céspedes,PER,true
germán león,Germán León,PER,true
germán león durán,Germán León Durán,PER,true
germán olano,Germán Olano,PER,true
germán patiño ossa,Germán Patiño Ossa,PER,true
germán rodríguez,Germán Rodríguez,PER,true
germán umaña,Germán Umaña,PER,true
germán umaña mendoza,Germán Umaña Mendoza,PER,true
germán vargas,Germán Vargas,PER,true
germán ávila,Germán Ávila,PER,true
gernot kamecke,Gernot Kamecke,PER,true
gero,Gero,PER,true
geronimo,Geronimo,PER,true
gerson arias,Gerson Arias,PER,true
gerson bermont,Gerson Bermont,PER,true
gersson vargas,Gersson Vargas,PER,true
gerónimo,Gerónimo,PER,true
gerónimo ibarra,Gerónimo Ibarra,PER,true
gerónimo rulli,Gerónimo Rulli,PER,true
gestor,Gestor,PER,true
ghetto,Ghetto,PER,true
ghisliane echeverry,Ghisliane Echeverry,PER,true
ghost rider,Ghost Rider,PER,true
ghostface,Ghostface,PER,true
giacomo puccini,Giacomo Puccini,PER,true
gian paolo dáguer,Gian Paolo Dáguer,PER,true
gianmarco,Gianmarco,PER,true
gianni infantino,Gianni Infantino,PER,true
gianni versace,Gianni Versace,PER,true
gideon sa,Gideon Sa,PER,true
gilbert kaplan,Gilbert Kaplan,PER,true
gilberto mora,Gilberto Mora,PER,true
gilberto quintero,Gilberto Quintero,PER,true
gilberto rodriguez,Gilberto Rodriguez,PER,true
gilberto rodríguez orejuela,Gilberto Rodríguez Orejuela,PER,true
gilberto santa rosa,Gilberto Santa Rosa,PER,true
gilberto tobón,Gilberto Tobón,PER,true
gilda pabón,Gilda Pabón,PER,true
gildardo,Gildardo,PER,true
gildardo peña bermeo,Gildardo Peña Bermeo,PER,true
gilderoy,Gilderoy,PER,true
gilinski,Gilinski,PER,true
gillette,Gillette,PER,true
gillian anderson,Gillian Anderson,PER,true
gioconda belli,Gioconda Belli,PER,true
giorgia meloni,Giorgia Meloni,PER,true
giorgio armani,Giorgio Armani,PER,true
giorgio di feo,Giorgio Di Feo,PER,true
giovanna arroyo,Giovanna Arroyo,PER,true
giovanni celis,Giovanni Celis,PER,true
giovanni moreno,Giovanni Moreno,PER,true
giovanni parra,Giovanni Parra,PER,true
giovanni veronesi,Giovanni Veronesi,PER,true
giovanny,Giovanny,PER,true
giovanny ayala,Giovanny Ayala,PER,true
giovanny hernández,Giovanny Hernández,PER,true
giovanny urshela,Giovanny Urshela,PER,true
giraldo,Giraldo,PER,true
girley,Girley,PER,true
girley natacha ordoñez,Girley Natacha Ordoñez,PER,true
girley natacha ordóñez,Girley Natacha Ordóñez,PER,true
girley ordoñez,Girley Ordoñez,PER,true
girley ordóñez,Girley Ordóñez,PER,true
girley ordóñez bowie,Girley Ordóñez Bowie,PER,true
gisela robledo,Gisela Robledo,PER,true
gisela sánchez,Gisela Sánchez,PER,true
gladys méndez,Gladys Méndez,PER,true
gleider,Gleider,PER,true
glen hansard,Glen Hansard,PER,true
glen powell,Glen Powell,PER,true
glenn close,Glenn Close,PER,true
globant,Globant,PER,true
gloria arizabaleta,Gloria Arizabaleta,PER,true
gloria couceiro,Gloria Couceiro,PER,true
gloria cuartas,Gloria Cuartas,PER,true
gloria elena arizabaleta corral,Gloria Elena Arizabaleta Corral,PER,true
gloria gaitán,Gloria Gaitán,PER,true
gloria gómez,Gloria Gómez,PER,true
gloria inés martínez,Gloria Inés Martínez,PER,true
gloria liliana rodríguez,Gloria Liliana Rodríguez,PER,true
gloria maría arsanios troncoso,Gloria María Arsanios Troncoso,PER,true
gloria miranda,Gloria Miranda,PER,true
gloria peña,Gloria Peña,PER,true
godzilla,Godzilla,PER,true
goga ruiz,Goga Ruiz,PER,true
goku,Goku,PER,true
golazo,Golazo,PER,true
gollum,Gollum,PER,true
gomez,Gomez,PER,true
gonzalez,Gonzalez,PER,true
gonzalo,Gonzalo,PER,true
gonzalo de jesús ramos,Gonzalo de Jesús Ramos,PER,true
gonzalo ferrer,Gonzalo Ferrer,PER,true
gonzalo jiménez de quesada,Gonzalo Jiménez de Quesada,PER,true
gonzalo majestic,Gonzalo Majestic,PER,true
gonzalo rodríguez gacha,Gonzalo Rodríguez Gacha,PER,true
gonzález,González,PER,true
gonzález urrutia,González Urrutia,PER,true
gonçalo ramos,Gonçalo Ramos,PER,true
goodness,Goodness,PER,true
goodyear,Goodyear,PER,true
gorda,Gorda,PER,true
gordo,Gordo,PER,true
gordon ramsay,Gordon Ramsay,PER,true
gorillaz,Gorillaz,PER,true
grace de mónaco,Grace de Mónaco,PER,true
graciano,Graciano,PER,true
grafiti,Grafiti,PER,true
graham,Graham,PER,true
gral,Gral,PER,true
gral martínez,Gral Martínez,PER,true
gral. lópez barreto,Gral. López Barreto,PER,true
granados melo,Granados Melo,PER,true
granko arteaga,Granko Arteaga,PER,true
grau,Grau,PER,true
greeicy,Greeicy,PER,true
greeicy rendon,Greeicy Rendon,PER,true
greeicy rendón,Greeicy Rendón,PER,true
greg,Greg,PER,true
greg abel,Greg Abel,PER,true
gregorio elijach,Gregorio Elijach,PER,true
gregorio eljach,Gregorio Eljach,PER,true
gregorio pernía,Gregorio Pernía,PER,true
gregorio torres,Gregorio Torres,PER,true
gregory louden,Gregory Louden,PER,true
gregory meeks,Gregory Meeks,PER,true
greif,Greif,PER,true
greta lee,Greta Lee,PER,true
griezmann,Griezmann,PER,true
gringo,Gringo,PER,true
griselda blanco,Griselda Blanco,PER,true
grogu,Grogu,PER,true
grok,Grok,PER,true
guacamaya,Guacamaya,PER,true
guacamayo,Guacamayo,PER,true
guacuco,Guacuco,PER,true
guairo,Guairo,PER,true
guajiro,Guajiro,PER,true
guanipa,Guanipa,PER,true
guardiola,Guardiola,PER,true
guardián,Guardián,PER,true
guardián del inpec,Guardián del Inpec,PER,true
guarnizo,Guarnizo,PER,true
guaro,Guaro,PER,true
guarín,Guarín,PER,true
guatín,Guatín,PER,true
guavio,Guavio,PER,true
guayacan,Guayacan,PER,true
guayo,Guayo,PER,true
guaza,Guaza,PER,true
gucci,Gucci,PER,true
guerrero,Guerrero,PER,true
guevara,Guevara,PER,true
guido mastrocinque,Guido Mastrocinque,PER,true
guido mastroncinque,Guido Mastroncinque,PER,true
guido ojeda,Guido Ojeda,PER,true
guido tamayo,Guido Tamayo,PER,true
guilhem mallet,Guilhem Mallet,PER,true
guillani,Guillani,PER,true
guillermo,Guillermo,PER,true
guillermo alfonso jaramillo,Guillermo Alfonso Jaramillo,PER,true
guillermo andrés rodríguez,Guillermo Andrés Rodríguez,PER,true
guillermo angulo,Guillermo Angulo,PER,true
guillermo anzola grajales,Guillermo Anzola Grajales,PER,true
guillermo celis,Guillermo Celis,PER,true
guillermo del toro,Guillermo del Toro,PER,true
guillermo francella,Guillermo Francella,PER,true
guillermo galviz,Guillermo Galviz,PER,true
guillermo hoyos,Guillermo Hoyos,PER,true
guillermo jaramillo,Guillermo Jaramillo,PER,true
guillermo londoño,Guillermo Londoño,PER,true
guillermo martínez,Guillermo Martínez,PER,true
guillermo otálvaro,Guillermo Otálvaro,PER,true
guillermo paiva,Guillermo Paiva,PER,true
guillermo reyes,Guillermo Reyes,PER,true
guillermo rivera,Guillermo Rivera,PER,true
guillermo sánchez luque,Guillermo Sánchez Luque,PER,true
guillermo zúñiga,Guillermo Zúñiga,PER,true
guillo vives,Guillo Vives,PER,true
guimarães rosa,Guimarães Rosa,PER,true
guinness,Guinness,PER,true
gunn lundemo,Gunn Lundemo,PER,true
gurropín,Gurropín,PER,true
gury,Gury,PER,true
gury rodríguez,Gury Rodríguez,PER,true
gurú,Gurú,PER,true
gus,Gus,PER,true
gusi,Gusi,PER,true
gustavo,Gustavo,PER,true
gustavo adolfo garcés,Gustavo Adolfo Garcés,PER,true
gustavo adolfo raad,Gustavo Adolfo Raad,PER,true
gustavo alfaro,Gustavo Alfaro,PER,true
gustavo angarita,Gustavo Angarita,PER,true
gustavo angarita jr,Gustavo Angarita Jr,PER,true
gustavo bernate,Gustavo Bernate,PER,true
gustavo bolivar,Gustavo Bolívar,PER,true
gustavo cerati,Gustavo Cerati,PER,true
gustavo chica,Gustavo Chica,PER,true
gustavo chicangana,Gustavo Chicangana,PER,true
gustavo costas,Gustavo Costas,PER,true
gustavo dudamel,Gustavo Dudamel,PER,true
gustavo fermani,Gustavo Fermani,PER,true
gustavo gallon,Gustavo Gallón,PER,true
gustavo gallón,Gustavo Gallón,PER,true
gustavo garcía,Gustavo García,PER,true
gustavo gómez,Gustavo Gómez,PER,true
gustavo hincapié reyes,Gustavo Hincapié Reyes,PER,true
gustavo lorgia,Gustavo Lorgia,PER,true
gustavo malo,Gustavo Malo,PER,true
gustavo malo fernández,Gustavo Malo Fernández,PER,true
gustavo mancera,Gustavo Mancera,PER,true
gustavo matamoros,Gustavo Matamoros,PER,true
gustavo moreno,Gustavo Moreno,PER,true
gustavo petro,Gustavo Petro,PER,true
gustavo puerta,Gustavo Puerta,PER,true
gustavo pérez giraldo,Gustavo Pérez Giraldo,PER,true
gustavo romero,Gustavo Romero,PER,true
gustavo santaolalla,Gustavo Santaolalla,PER,true
gustavo serpa,Gustavo Serpa,PER,true
gustavo sánchez,Gustavo Sánchez,PER,true
gustavo tirado,Gustavo Tirado,PER,true
gustavo vélez,Gustavo Vélez,PER,true
gustavos,Gustavos,PER,true
guterres,Guterres,PER,true
gutierrez,Gutierrez,PER,true
gutiérrez,Gutiérrez,PER,true
guzman,Guzman,PER,true
guzmán,Guzmán,PER,true
gvardiol,Gvardiol,PER,true
gyan,Gyan,PER,true
géminis,Géminis,PER,true
génesis quintero,Génesis Quintero,PER,true
gómez,Gómez,PER,true
gómez amín,Gómez Amín,PER,true
gómez méndez,Gómez Méndez,PER,true
górriz,Górriz,PER,true
güey,Güey,PER,true
h. r. mcmaster,H. R. Mcmaster,PER,true
h.h,H.h,PER,true
h.p. lovecraft,H.p. Lovecraft,PER,true
ha-joon chang,Ha-joon Chang,PER,true
haaland,Erling Haaland,PER,true
haalanda,Haalanda,PER,true
habana,Habana,PER,true
habibi,Habibi,PER,true
hacendado,Hacendado,PER,true
hackeado,Hackeado,PER,true
hacker,Hacker,PER,true
hacker sepúlveda,Hacker Sepúlveda,PER,true
hacks,Hacks,PER,true
haeran ryu,Haeran Ryu,PER,true
hagrid,Hagrid,PER,true
haibo,Haibo,PER,true
hakimi,Hakimi,PER,true
hal puthoff,Hal Puthoff,PER,true
halle berry,Halle Berry,PER,true
hallie,Hallie,PER,true
halloween,Halloween,PER,true
hamad,Hamad,PER,true
hamad bin jalifa al thani,Hamad Bin Jalifa Al Thani,PER,true
hamad bin khalifa al thani,Hamad Bin Khalifa Al Thani,PER,true
hamilton,Hamilton,PER,true
hamilton ricard,Hamilton Ricard,PER,true
hamlet,Hamlet,PER,true
hania orozco,Hania Orozco,PER,true
hank,Hank,PER,true
hannah einbinder,Hannah Einbinder,PER,true
hannah herbst,Hannah Herbst,PER,true
hanny vizcaíno,Hanny Vizcaíno,PER,true
hans peter knudsen,Hans Peter Knudsen,PER,true
hansi flick,Hansi Flick,PER,true
hanta,Hanta,PER,true
hanwen zhang,Hanwen Zhang,PER,true
hany,Hany,PER,true
happy,Happy,PER,true
hargreaves,Hargreaves,PER,true
harlen castillo,Harlen Castillo,PER,true
harman,Harman,PER,true
harold,Harold,PER,true
harold daniel barragán,Harold Daniel Barragán,PER,true
harold de jesús delgado,Harold de Jesús Delgado,PER,true
harold santiago mosquera,Harold Santiago Mosquera,PER,true
harold tejada,Harold Tejada,PER,true
harold trompetero,Harold Trompetero,PER,true
harrison hernández herrera,Harrison Hernández Herrera,PER,true
harry,Harry,PER,true
harry kane,Harry Kane,PER,true
harry styles,Harry Styles,PER,true
haruki,Haruki,PER,true
haruki murakami,Haruki Murakami,PER,true
harvey weinstein,Harvey Weinstein,PER,true
harvis bello elles,Harvis Bello Elles,PER,true
hasan piker,Hasan Piker,PER,true
hassam,Hassam,PER,true
hassan el shabrawishi,Hassan el Shabrawishi,PER,true
hassan nassar,Hassan Nassar,PER,true
havertz,Havertz,PER,true
hayden panettiere,Hayden Panettiere,PER,true
hayden tanettiere,Hayden Tanettiere,PER,true
hayder,Hayder,PER,true
hayder palacio,Hayder Palacio,PER,true
haydée ramírez,Haydée Ramírez,PER,true
haíti,Haíti,PER,true
he-man,He-man,PER,true
hearthstone,Hearthstone,PER,true
hebert vargas,Hebert Vargas,PER,true
hector ochoa,Héctor Ochoa,PER,true
hegseth,Hegseth,PER,true
heidi overton,Heidi Overton,PER,true
heidy sánchez,Heidy Sánchez,PER,true
heil,Heil,PER,true
heimmy ruiz,Heimmy Ruiz,PER,true
heiner goebbels,Heiner Goebbels,PER,true
heinz,Heinz,PER,true
helena,Helena,PER,true
helga díaz,Helga Díaz,PER,true
helios,Helios,PER,true
helmut wenin,Helmut Wenin,PER,true
helpen,Helpen,PER,true
henao,Henao,PER,true
henderson,Henderson,PER,true
henley,Henley,PER,true
henri matisse,Henri Matisse,PER,true
henrik ibsen,Henrik Ibsen,PER,true
henry,Henry,PER,true
henry cavill,Henry Cavill,PER,true
henry char,Henry Char,PER,true
henry correal,Henry Correal,PER,true
henry correal herrera,Henry Correal Herrera,PER,true
henry cárdenas,Henry Cárdenas,PER,true
henry orozco,Henry Orozco,PER,true
henry pinto,Henry Pinto,PER,true
henry sanabria,Henry Sanabria,PER,true
henríquez,Henríquez,PER,true
herazo,Herazo,PER,true
herbie wertheim,Herbie Wertheim,PER,true
herman bayona,Herman Bayona,PER,true
hermana ana carolina henao,Hermana Ana Carolina Henao,PER,true
hermanas,Hermanas,PER,true
hermanas guerrero,Hermanas Guerrero,PER,true
hermanas williams,Hermanas Williams,PER,true
hermann hesse,Hermann Hesse,PER,true
hermann tertsch,Hermann Tertsch,PER,true
hermanos,Hermanos,PER,true
hermanos bautista,Hermanos Bautista,PER,true
hermanos castaño,Hermanos Castaño,PER,true
hermanos moreno mejía,Hermanos Moreno Mejía,PER,true
hermanos muñoz,Hermanos Muñoz,PER,true
hernan,Hernan,PER,true
hernan cadavid,Hernán Cadavid,PER,true
hernan gil,Hernán Gil,PER,true
hernan penagos,Hernán Penagos,PER,true
hernando,Hernando,PER,true
hernando alzate,Hernando Alzate,PER,true
hernando arias,Hernando Arias,PER,true
hernando baquero,Hernando Baquero,PER,true
hernando baquero borda,Hernando Baquero Borda,PER,true
hernando deluque,Hernando Deluque,PER,true
hernando gómez buendía,Hernando Gómez Buendía,PER,true
hernando parra,Hernando Parra,PER,true
hernando sánchez,Hernando Sánchez,PER,true
hernando tejada,Hernando Tejada,PER,true
hernán,Hernán,PER,true
hernán cadavid,Hernán Cadavid,PER,true
hernán cortés,Hernán Cortés,PER,true
hernán darío cano gonzález,Hernán Darío Cano González,PER,true
hernán darío herrera,Hernán Darío Herrera,PER,true
hernán gil,Hernán Gil,PER,true
hernán giraldo,Hernán Giraldo,PER,true
hernán giraldo serna,Hernán Giraldo Serna,PER,true
hernán londoño,Hernán Londoño,PER,true
hernán muriel,Hernán Muriel,PER,true
hernán orjuela,Hernán Orjuela,PER,true
hernán pacheco,Hernán Pacheco,PER,true
hernán peláez,Hernán Peláez,PER,true
hernán penagos,Hernán Penagos,PER,true
hernán yamid caicedo,Hernán Yamid Caicedo,PER,true
hernández,Hernández,PER,true
hervé renard,Hervé Renard,PER,true
herzog,Herzog,PER,true
heráclito landínez,Heráclito Landínez,PER,true
heródoto,Heródoto,PER,true
higgins,Higgins,PER,true
higuita,Higuita,PER,true
hilda maría pardo,Hilda María Pardo,PER,true
hillary clinton,Hillary Clinton,PER,true
hilton,Hilton,PER,true
hincapie,Hincapie,PER,true
hincapié,Hincapié,PER,true
hincha uzbeko,Hincha Uzbeko,PER,true
hind rajab,Hind Rajab,PER,true
hirokazu koreeda,Hirokazu Koreeda,PER,true
hiromi kawakami,Hiromi Kawakami,PER,true
hispanos,Hispanos,PER,true
historiadora,Historiadora,PER,true
hitler,Hitler,PER,true
hitocolo,Hitocolo,PER,true
hohlbein,Hohlbein,PER,true
holguín,Holguín,PER,true
hollman ibáñez,Hollman Ibáñez,PER,true
hollman morris,Hollman Morris,PER,true
holloway,Holloway,PER,true
hombre de estado,Hombre de Estado,PER,true
homero,Homero,PER,true
hongkonesa,Hongkonesa,PER,true
honorio,Honorio,PER,true
honorio enríquez,Honorio Enríquez,PER,true
honorio henriquez,Honorio Henríquez,PER,true
honorio henríquez,Honorio Henríquez,PER,true
honorio hénriquez,Honorio Hénriquez,PER,true
hope,Hope,PER,true
hoppers,Hoppers,PER,true
hormuz,Hormuz,PER,true
hossam hassan,Hossam Hassan,PER,true
hostigan,Hostigan,PER,true
house,House,PER,true
howard buffet,Howard Buffet,PER,true
howard buffett,Howard Buffett,PER,true
howard g. buffett,Howard G. Buffett,PER,true
huang,Huang,PER,true
huesita,Huesita,PER,true
huevo,Huevo,PER,true
hugh jackman,Hugh Jackman,PER,true
hugh laurie,Hugh Laurie,PER,true
hugo,Hugo,PER,true
hugo acero,Hugo Acero,PER,true
hugo aguilar,Hugo Aguilar,PER,true
hugo alejandro lópez,Hugo Alejandro López,PER,true
hugo boss,Hugo Boss,PER,true
hugo candelario gonzález,Hugo Candelario González,PER,true
hugo chávez,Hugo Chávez,PER,true
hugo garcía,Hugo García,PER,true
hugo guevara,Hugo Guevara,PER,true
hugo illera,Hugo Illera,PER,true
hugo kerguelén,Hugo Kerguelén,PER,true
hugo lópez,Hugo López,PER,true
hugo morales,Hugo Morales,PER,true
hugo ospina,Hugo Ospina,PER,true
hugo patino,Hugo Patino,PER,true
hugo patiño,Hugo Patiño,PER,true
hugo penagos,Hugo Penagos,PER,true
hugo rodallega,Hugo Rodallega,PER,true
hugo urruchurto,Hugo Urruchurto,PER,true
huilense,Huilense,PER,true
hulk hogan,Hulk Hogan,PER,true
humala,Humala,PER,true
humberto de la calle,Humberto de la Calle,PER,true
humberto dorado,Humberto Dorado,PER,true
humberto martínez,Humberto Martínez,PER,true
humberto sierra porto,Humberto Sierra Porto,PER,true
humberto tobón,Humberto Tobón,PER,true
hunter,Hunter,PER,true
hurtado,Hurtado,PER,true
hussein ghotme,Hussein Ghotme,PER,true
héctor abad,Héctor Abad,PER,true
héctor abad faciolince,Héctor Abad Faciolince,PER,true
héctor alfonso carvajal,Héctor Alfonso Carvajal,PER,true
héctor baldassi,Héctor Baldassi,PER,true
héctor bello,Héctor Bello,PER,true
héctor carvajal,Héctor Carvajal,PER,true
héctor cruz,Héctor Cruz,PER,true
héctor fabio henao,Héctor Fabio Henao,PER,true
héctor fabio velasco,Héctor Fabio Velasco,PER,true
héctor forero,Héctor Forero,PER,true
héctor gutiérrez ruiz,Héctor Gutiérrez Ruiz,PER,true
héctor jaramillo,Héctor Jaramillo,PER,true
héctor lavoe,Héctor Lavoe,PER,true
héctor méndez,Héctor Méndez,PER,true
héctor nazza,Héctor Nazza,PER,true
héctor ochoa,Héctor Ochoa,PER,true
héctor olimpo,Héctor Olimpo,PER,true
héctor olimpo espinosa,Héctor Olimpo Espinosa,PER,true
héctor osuna,Héctor Osuna,PER,true
héctor zelada,Héctor Zelada,PER,true
iae break,Iae Break,PER,true
iam matías,Iam Matías,PER,true
ian,Ian,PER,true
ian matías,Ian Matías,PER,true
ian poveda,Ian Poveda,PER,true
ibai llanos,Ibai Llanos,PER,true
ibanez,Ibanez,PER,true
ibrahimovic,Ibrahimovic,PER,true
ibáñez,Ibáñez,PER,true
ida vitale,Ida Vitale,PER,true
idartes,Idartes,PER,true
idiger,Idiger,PER,true
idris elba,Idris Elba,PER,true
iga swiatek,Iga Swiatek,PER,true
ignacio baladán,Ignacio Baladán,PER,true
ignacio colombara,Ignacio Colombara,PER,true
ignacio ithurralde,Ignacio Ithurralde,PER,true
iker casillas,Iker Casillas,PER,true
ilia topuria,Ilia Topuria,PER,true
illia voloshyn,Illia Voloshyn,PER,true
ilya espino,Ilya Espino,PER,true
imar machado,Imar Machado,PER,true
imer machado,Imer Machado,PER,true
imitador de ozuna,Imitador de Ozuna,PER,true
indalecio dangond,Indalecio Dangond,PER,true
indio,Indio,PER,true
indio solari,Indio Solari,PER,true
indira amari,Indira Amari,PER,true
indira barrios,Indira Barrios,PER,true
indira luz barrios,Indira Luz Barrios,PER,true
indizio,Indizio,PER,true
infantino,Infantino,PER,true
influenciador,Influenciador,PER,true
influenciadora,Influenciadora,PER,true
ingeomega,Ingeomega,PER,true
ingrid betancourt,Ingrid Betancourt,PER,true
ingrid sogamoso,Ingrid Sogamoso,PER,true
iniesta,Iniesta,PER,true
interna,Interna,PER,true
inti,Inti,PER,true
inti asprilla,Inti Asprilla,PER,true
invictus,Invictus,PER,true
inés,Inés,PER,true
inés garcía,Inés García,PER,true
inés ma. zabaraín,Inés Ma. Zabaraín,PER,true
inés maría zabaraín,Inés María Zabaraín,PER,true
ipsos,Ipsos,PER,true
ira sachs,Ira Sachs,PER,true
irene vallejo,Irene Vallejo,PER,true
irene velez,Irene Vélez,PER,true
irene vélez,Irene Vélez,PER,true
iris,Iris,PER,true
iris marin,Iris Marín,PER,true
iris marín,Iris Marín,PER,true
iris van herpen,Iris Van Herpen,PER,true
isa atehortúa,Isa Atehortúa,PER,true
isaac,Isaac,PER,true
isaac coleman,Isaac Coleman,PER,true
isaac del toro,Isaac del Toro,PER,true
isaac gilinski,Isaac Gilinski,PER,true
isaac herzog,Isaac Herzog,PER,true
isaac peña,Isaac Peña,PER,true
isabel,Isabel,PER,true
isabel cristina,Isabel Cristina,PER,true
isabel cristina estrada,Isabel Cristina Estrada,PER,true
isabel cristina zuleta,Isabel Cristina Zuleta,PER,true
isabel díaz ayuso,Isabel Díaz Ayuso,PER,true
isabel haugseng,Isabel Haugseng,PER,true
isabel haugseng johansen,Isabel Haugseng Johansen,PER,true
isabel henao,Isabel Henao,PER,true
isabel pulido,Isabel Pulido,PER,true
isabel pérez alcántara,Isabel Pérez Alcántara,PER,true
isabel vera,Isabel Vera,PER,true
isabel zuleta,Isabel Zuleta,PER,true
isabela,Isabela,PER,true
isabela fernández,Isabela Fernández,PER,true
isabella,Isabella,PER,true
isabella carriazo,Isabella Carriazo,PER,true
isabella chams,Isabella Chams,PER,true
isabella ladera,Isabella Ladera,PER,true
isabella niño,Isabella Niño,PER,true
isabella niño morales,Isabella Niño Morales,PER,true
isabella saavedra,Isabella Saavedra,PER,true
isabella santiago,Isabella Santiago,PER,true
isabella santodomingo,Isabella Santodomingo,PER,true
isabelle,Isabelle,PER,true
isadora fernández posada,Isadora Fernández Posada,PER,true
isak andic,Isak Andic,PER,true
isamar algarín,Isamar Algarín,PER,true
isander pérez,Isander Pérez,PER,true
isdin,Isdin,PER,true
ishow speed,Ishow Speed,PER,true
ishowspeed,Ishowspeed,PER,true
isis durán,Isis Durán,PER,true
islam makhachev,Islam Makhachev,PER,true
isleño,Isleño,PER,true
ismael,Ismael,PER,true
ismael koné,Ismael Koné,PER,true
ismael peña,Ismael Peña,PER,true
ismael rivera,Ismael Rivera,PER,true
ismael rudas,Ismael Rudas,PER,true
ismael saibari,Ismael Saibari,PER,true
ismael sibairi,Ismael Sibairi,PER,true
ismael zambada,Ismael Zambada,PER,true
ismaelito,Ismaelito,PER,true
ismaël koné,Ismaël Koné,PER,true
itamar rabinovich,Itamar Rabinovich,PER,true
iux,Iux,PER,true
ivan,Ivan,PER,true
ivan cancino,Iván Cancino,PER,true
ivan cepeda,Iván Cepeda,PER,true
ivan duque,Ivan Duque,PER,true
ivan marulanda,Ivan Marulanda,PER,true
ivan mordisco,Iván Mordisco,PER,true
ivan ramiro cordoba,Iván Ramiro Córdoba,PER,true
ivan velasquez,Iván Velásquez,PER,true
ivancito,Ivancito,PER,true
ivonne baki,Ivonne Baki,PER,true
iván,Iván,PER,true
iván alfredo guzmán,Iván Alfredo Guzmán,PER,true
iván argote,Iván Argote,PER,true
iván barton,Iván Barton,PER,true
iván cancino,Iván Cancino,PER,true
iván cano,Iván Cano,PER,true
iván ce,Iván Ce,PER,true
iván cepeda,Iván Cepeda,PER,true
iván cuervo,Jorge Iván Cuervo,PER,true
iván darío jiménez,Iván Darío Jiménez,PER,true
iván duque,Iván Duque,PER,true
iván díaz,Iván Díaz,PER,true
iván gallo,Iván Gallo,PER,true
iván lópez,Iván López,PER,true
iván marín,Iván Marín,PER,true
iván mejía,Iván Mejía,PER,true
iván mejía álvarez,Iván Mejía Álvarez,PER,true
iván mordico,Iván Mordico,PER,true
iván mordisco,Iván Mordisco,PER,true
iván márquez,Iván Márquez,PER,true
iván name,Iván Name,PER,true
iván palacio,Iván Palacio,PER,true
iván rené valenciano,Iván René Valenciano,PER,true
iván sombra,Iván Sombra,PER,true
iván sosa,Iván Sosa,PER,true
iván velásquez,Iván Velásquez,PER,true
iván villazón,Iván Villazón,PER,true
iván vélez,Iván Vélez,PER,true
iván zuleta,Iván Zuleta,PER,true
ivón rodríguez nieto,Ivón Rodríguez Nieto,PER,true
iñárritu,Iñárritu,PER,true
j balvin,J Balvin,PER,true
j. a. bayona,J. A. Bayona,PER,true
j. corzo,J. Corzo,PER,true
j. j,J. J,PER,true
j. lerma,J. Lerma,PER,true
j. álvarez,J. Álvarez,PER,true
j.p morgan,J.p Morgan,PER,true
j.p. martínez,J.p. Martínez,PER,true
j.p. morgan,J.p. Morgan,PER,true
jaafar jackson,Jaafar Jackson,PER,true
jacinto pineda,Jacinto Pineda,PER,true
jack antonoff,Jack Antonoff,PER,true
jack harvard,Jack Harvard,PER,true
jack white,Jack White,PER,true
jackie chan,Jackie Chan,PER,true
jackson martínez,Jackson Martínez,PER,true
jacob,Jacob,PER,true
jacob batalon,Jacob Batalon,PER,true
jacob elordi,Jacob Elordi,PER,true
jacobo,Jacobo,PER,true
jacobo mantilla,Jacobo Mantilla,PER,true
jacobo pérez escobar,Jacobo Pérez Escobar,PER,true
jacques derrida,Jacques Derrida,PER,true
jacques toukhmanian,Jacques Toukhmanian,PER,true
jacy maranhão,Jacy Maranhão,PER,true
jada pinkett,Jada Pinkett,PER,true
jadel,Jadel,PER,true
jader durango,Jader Durango,PER,true
jael toledo,Jael Toledo,PER,true
jafar panahi,Jafar Panahi,PER,true
jaguar,Jaguar,PER,true
jahel quiroga,Jahel Quiroga,PER,true
jaiber vega,Jaiber Vega,PER,true
jaider muñoz,Jaider Muñoz,PER,true
jaime alberto cabal,Jaime Alberto Cabal,PER,true
jaime amín,Jaime Amín,PER,true
jaime andres beltran,Jaime Andrés Beltrán,PER,true
jaime andrés beltrán,Jaime Andrés Beltrán,PER,true
jaime arizabaleta,Jaime Arizabaleta,PER,true
jaime bayly,Jaime Bayly,PER,true
jaime beltrán,Jaime Beltrán,PER,true
jaime berdugo,Jaime Berdugo,PER,true
jaime de la cruz zubiría,Jaime de la Cruz Zubiría,PER,true
jaime dussan,Jaime Dussán,PER,true
jaime dussán,Jaime Dussán,PER,true
jaime esteban moreno,Jaime Esteban Moreno,PER,true
jaime esteban rendón,Jaime Esteban Rendón,PER,true
jaime felipe lozada,Jaime Felipe Lozada,PER,true
jaime garcía,Jaime García,PER,true
jaime garzon,Jaime Garzón,PER,true
jaime garzón,Jaime Garzón,PER,true
jaime gilinski,Jaime Gilinski,PER,true
jaime gonzález,Jaime González,PER,true
jaime granados,Jaime Granados,PER,true
jaime herrera,Jaime Herrera,PER,true
jaime leal,Jaime Leal,PER,true
jaime lombana,Jaime Lombana,PER,true
jaime lorente,Jaime Lorente,PER,true
jaime lozada,Jaime Lozada,PER,true
jaime luis lacouture,Jaime Luis Lacouture,PER,true
jaime martínez,Jaime Martínez,PER,true
jaime miguel gonzález,Jaime Miguel González,PER,true
jaime moreno,Jaime Moreno,PER,true
jaime peralta,Jaime Peralta,PER,true
jaime pumarejo,Jaime Pumarejo,PER,true
jaime raúl salamanca,Jaime Raúl Salamanca,PER,true
jaime ríos,Jaime Ríos,PER,true
jaime salamanca,Jaime Salamanca,PER,true
jaime uscátegui,Jaime Uscátegui,PER,true
jaime vives pinedo,Jaime Vives Pinedo,PER,true
jaime ángel arias,Jaime Ángel Arias,PER,true
jair bolsonaro,Jair Bolsonaro,PER,true
jair pístala,Jair Pístala,PER,true
jairo,Jairo,PER,true
jairo a. ospina,Jairo A. Ospina,PER,true
jairo aníbal niño,Jairo Aníbal Niño,PER,true
jairo calderón garcía,Jairo Calderón García,PER,true
jairo corzo,Jairo Corzo,PER,true
jairo grajales gómez,Jairo Grajales Gómez,PER,true
jairo ledesma,Jairo Ledesma,PER,true
jairo montoya rodríguez,Jairo Montoya Rodríguez,PER,true
jairo pallares,Jairo Pallares,PER,true
jairo parada,Jairo Parada,PER,true
jairo pinilla,Jairo Pinilla,PER,true
jairo ramírez,Jairo Ramírez,PER,true
jaiver alexander vega,Jaiver Alexander Vega,PER,true
jalan,Jalan,PER,true
jalen brunson,Jalen Brunson,PER,true
jalil al haya,Jalil Al Haya,PER,true
jamal musiala,Jamal Musiala,PER,true
jamal warner,Jamal Warner,PER,true
jamenei,Jamenei,PER,true
james,James,PER,true
james aguirre,James Aguirre,PER,true
james blunt,James Blunt,PER,true
james bond,James Bond,PER,true
james burrows,James Burrows,PER,true
james cameron,James Cameron,PER,true
james franco,James Franco,PER,true
james gray,James Gray,PER,true
james handy,James Handy,PER,true
james harden,James Harden,PER,true
james k. galbraith,James K. Galbraith,PER,true
james milner,James Milner,PER,true
james murdoch,James Murdoch,PER,true
james norbey hurtado ruiz,James Norbey Hurtado Ruiz,PER,true
james rodriguez,James Rodríguez,PER,true
james rodríguez,James Rodríguez,PER,true
jamie dimon,Jamie Dimon,PER,true
jamie lee curtis,Jamie Lee Curtis,PER,true
jaminton campaz,Jaminton Campaz,PER,true
jamás,Jamás,PER,true
jan de nul,Jan de Nul,PER,true
jan fernandes,Jan Fernandes,PER,true
janer lucumí,Janer Lucumí,PER,true
jania raquel osorio,Jania Raquel Osorio,PER,true
jannenson sarmiento,Jannenson Sarmiento,PER,true
jannet mosquera,Jannet Mosquera,PER,true
jannik sinner,Jannik Sinner,PER,true
jarahn hillsman,Jarahn Hillsman,PER,true
jaramillo,Jaramillo,PER,true
jared bush,Jared Bush,PER,true
jared isaacman,Jared Isaacman,PER,true
jared kushner,Jared Kushner,PER,true
jared leto,Jared Leto,PER,true
jarell quansah,Jarell Quansah,PER,true
jarras,Jarras,PER,true
jason arday,Jason Arday,PER,true
jason reding quiñones,Jason Reding Quiñones,PER,true
jason statham,Jason Statham,PER,true
jason sudeikis,Jason Sudeikis,PER,true
jasper johns,Jasper Johns,PER,true
jasper philipsen,Jasper Philipsen,PER,true
jasper philispen,Jasper Philispen,PER,true
javi,Javi,PER,true
javier,Javier,PER,true
javier aguirre,Javier Aguirre,PER,true
javier alberto ayala,Javier Alberto Ayala,PER,true
javier alberto ayala amaya,Javier Alberto Ayala Amaya,PER,true
javier alfonso jaimes pinilla,Javier Alfonso Jaimes Pinilla,PER,true
javier andrés baquero,Javier Andrés Baquero,PER,true
javier ayala,Javier Ayala,PER,true
javier ayala amaya,Javier Ayala Amaya,PER,true
javier baquero,Javier Baquero,PER,true
javier bardem,Javier Bardem,PER,true
javier blair reyes,Javier Blair Reyes,PER,true
javier burrai,Javier Burrai,PER,true
javier cuéllar,Javier Cuéllar,PER,true
javier díaz fajardo,Javier Díaz Fajardo,PER,true
javier fernández,Javier Fernández,PER,true
javier garcés,Javier Garcés,PER,true
javier giraldo,Javier Giraldo,PER,true
javier gonzález-olaechea,Javier González-olaechea,PER,true
javier gómez gutiérrez,Javier Gómez Gutiérrez,PER,true
javier hernández bonnet,Javier Hernández Bonnet,PER,true
javier julio bejarano,Javier Julio Bejarano,PER,true
javier macías,Javier Macías,PER,true
javier milei,Javier Milei,PER,true
javier pava,Javier Pava,PER,true
javier reyes,Javier Reyes,PER,true
javier rosero,Javier Rosero,PER,true
javier suárez,Javier Suárez,PER,true
javier tebas,Javier Tebas,PER,true
javier valenzuela,Javier Valenzuela,PER,true
javier velásquez,Javier Velásquez,PER,true
jay clayton,Jay Clayton,PER,true
jay m vee,Jay M Vee,PER,true
jay wheeler,Jay Wheeler,PER,true
jayden adams,Jayden Adams,PER,true
jd vance,Jd Vance,PER,true
jean carlo centeno,Jean Carlo Centeno,PER,true
jean carlos centeno,Jean Carlos Centeno,PER,true
jean carroll,Jean Carroll,PER,true
jean fernandes,Jean Fernandes,PER,true
jean grey,Jean Grey,PER,true
jean paul,Jean Paul,PER,true
jean piero,Jean Piero,PER,true
jeanmar,Jeanmar,PER,true
jefe de despacho presidencial,Jefe de Despacho Presidencial,PER,true
jeff,Jeff,PER,true
jeffer,Jeffer,PER,true
jefferies,Jefferies,PER,true
jefferson lerma,Jefferson Lerma,PER,true
jefferson lerman,Jefferson Lerman,PER,true
jeffrey epstein,Jeffrey Epstein,PER,true
jefry estiven corredor quiroga,Jefry Estiven Corredor Quiroga,PER,true
jeimmer padilla,Jeimmer Padilla,PER,true
jeison andrés,Jeison Andrés,PER,true
jeison hernán acosta,Jeison Hernán Acosta,PER,true
jeison lópez,Jeison López,PER,true
jeison murillo,Jeison Murillo,PER,true
jeison quiñones,Jeison Quiñones,PER,true
jeisson,Jeisson,PER,true
jeisson rojas,Jeisson Rojas,PER,true
jenna ortega,Jenna Ortega,PER,true
jennifer aniston,Jennifer Aniston,PER,true
jennifer arenas,Jennifer Arenas,PER,true
jennifer guevara,Jennifer Guevara,PER,true
jennifer hudson,Jennifer Hudson,PER,true
jennifer lawrence,Jennifer Lawrence,PER,true
jennifer lopez,Jennifer Lopez,PER,true
jennifer lópez,Jennifer López,PER,true
jennifer ortega,Jennifer Ortega,PER,true
jennifer paola ortega,Jennifer Paola Ortega,PER,true
jennifer pedraza,Jennifer Pedraza,PER,true
jennifer sáenz,Jennifer Sáenz,PER,true
jenniffer guevara,Jenniffer Guevara,PER,true
jenny arévalo,Jenny Arévalo,PER,true
jenny gámez,Jenny Gámez,PER,true
jenny lópez,Jenny López,PER,true
jensen huang,Jensen Huang,PER,true
jerau,Jerau,PER,true
jeremmiel,Jeremmiel,PER,true
jeremy doku,Jeremy Doku,PER,true
jeringa,Jeringa,PER,true
jermaine jackson,Jermaine Jackson,PER,true
jermein peña,Jermein Peña,PER,true
jerome powell,Jerome Powell,PER,true
jerome sanabria,Jerome Sanabria,PER,true
jerónima del espíritu santo,Jerónima del Espíritu Santo,PER,true
jerónimo,Jerónimo,PER,true
jerónimo ibarra,Jerónimo Ibarra,PER,true
jerónimo martins,Jerónimo Martins,PER,true
jesaaelys,Jesaaelys,PER,true
jesaaelys ayala,Jesaaelys Ayala,PER,true
jesse williams,Jesse Williams,PER,true
jessi uribe,Jessi Uribe,PER,true
jessica,Jessica,PER,true
jessica alba,Jessica Alba,PER,true
jessica cediel,Jessica Cediel,PER,true
jessica de la peña,Jessica de la Peña,PER,true
jessica ramírez,Jessica Ramírez,PER,true
jessie,Jessie,PER,true
jessie reyez,Jessie Reyez,PER,true
jesu,Jesu,PER,true
jesucito,Jesucito,PER,true
jesucristo,Jesucristo,PER,true
jesurún,Jesurún,PER,true
jesus,Jesus,PER,true
jesús,Jesús,PER,true
jesús acosta,Jesús Acosta,PER,true
jesús alberto hernández,Jesús Alberto Hernández,PER,true
jesús arana,Jesús Arana,PER,true
jesús arenas,Jesús Arenas,PER,true
jesús bedoya,Jesús Bedoya,PER,true
jesús cintora,Jesús Cintora,PER,true
jesús céspedes,Jesús Céspedes,PER,true
jesús david rivas,Jesús David Rivas,PER,true
jesús de nazareth,Jesús de Nazareth,PER,true
jesús díaz,Jesús Díaz,PER,true
jesús elver gonzález,Jesús Elver González,PER,true
jesús pacheco,Jesús Pacheco,PER,true
jesús rivas,Jesús Rivas,PER,true
jesús santrich,Jesús Santrich,PER,true
jey,Jey,PER,true
jh de la cruz,Jh de la Cruz,PER,true
jhairthe7,Jhairthe7,PER,true
jhan mondragón,Jhan Mondragón,PER,true
jhay p,Jhay P,PER,true
jhoan lópez,Jhoan López,PER,true
jhoany palacios mosquera,Jhoany Palacios Mosquera,PER,true
jhohan romaña,Jhohan Romaña,PER,true
jhojan romaña,Jhojan Romaña,PER,true
jhomier guerrero,Jhomier Guerrero,PER,true
jhon,Jhon,PER,true
jhon abiud ramírez,Jhon Abiud Ramírez,PER,true
jhon alex castaño,Jhon Alex Castaño,PER,true
jhon arias,Jhon Arias,PER,true
jhon duran,Jhon Durán,PER,true
jhon durán,Jhon Durán,PER,true
jhon fiera,Jhon Fiera,PER,true
jhon freddy tierradentro,Jhon Freddy Tierradentro,PER,true
jhon henry,Jhon Henry,PER,true
jhon jader durán,Jhon Jader Durán,PER,true
jhon jader dúran,Jhon Jader Dúran,PER,true
jhon jairo quinchua,Jhon Jairo Quinchua,PER,true
jhon jairo rojas,Jhon Jairo Rojas,PER,true
jhon janer lucumi,Jhon Janer Lucumi,PER,true
jhon janer lucumí,Jhon Janer Lucumí,PER,true
jhon javier zúñiga,Jhon Javier Zúñiga,PER,true
jhon jáder durán,Jhon Jáder Durán,PER,true
jhon lucumi,Jhon Lucumí,PER,true
jhon lucumí,Jhon Lucumí,PER,true
jhon maicol lópez,Jhon Maicol López,PER,true
jhon mario pájaro,Jhon Mario Pájaro,PER,true
jhon mario ramírez,Jhon Mario Ramírez,PER,true
jhon montaño,Jhon Montaño,PER,true
jhon narváez,Jhon Narváez,PER,true
jhon onofre,Jhon Onofre,PER,true
jhon ortiz,Jhon Ortiz,PER,true
jhon quinchua,Jhon Quinchua,PER,true
jhon rojas,Jhon Rojas,PER,true
jhon solís,Jhon Solís,PER,true
jhon stiven suárez penilla,Jhon Stiven Suárez Penilla,PER,true
jhon torres,Jhon Torres,PER,true
jhon ubaté,Jhon Ubaté,PER,true
jhon viafara,Jhon Viafara,PER,true
jhon viáfara,Jhon Viáfara,PER,true
jhonatan,Jhonatan,PER,true
jhonatan narvaez,Jhonatan Narvaez,PER,true
jhonatan narváez,Jhonatan Narváez,PER,true
jhoncito,Jhoncito,PER,true
jhonier mina,Jhonier Mina,PER,true
jhonny besaile,Jhonny Besaile,PER,true
jhonny ramírez,Jhonny Ramírez,PER,true
jhonny rivera,Jhonny Rivera,PER,true
jhony pérez sayas,Jhony Pérez Sayas,PER,true
jhorman toloza,Jhorman Toloza,PER,true
jhovanothy,Jhovanothy,PER,true
jill biden,Jill Biden,PER,true
jim carrey,Jim Carrey,PER,true
jim jarmusch,Jim Jarmusch,PER,true
jim parsons,Jim Parsons,PER,true
jim velásquez,Jim Velásquez,PER,true
jimenez,Jimenez,PER,true
jimmy butler,Jimmy Butler,PER,true
jimmy chilimigras,Jimmy Chilimigras,PER,true
jimmy dranguett,Jimmy Dranguett,PER,true
jimmy fallon,Jimmy Fallon,PER,true
jimmy modesto,Jimmy Modesto,PER,true
jimmy vásquez,Jimmy Vásquez,PER,true
jimmy zambrano,Jimmy Zambrano,PER,true
jineth bedoya,Jineth Bedoya,PER,true
jinny lu,Jinny Lu,PER,true
jj,Jj,PER,true
jj pinilla,Jj Pinilla,PER,true
jlo,Jlo,PER,true
joachim klement,Joachim Klement,PER,true
joaco guillén,Joaco Guillén,PER,true
joan,Joan,PER,true
joan capdevila,Joan Capdevila,PER,true
joan durán,Joan Durán,PER,true
joan garcía,Joan García,PER,true
joan guerrero,Joan Guerrero,PER,true
joan manuel serrat,Joan Manuel Serrat,PER,true
joan parra,Joan Parra,PER,true
joan sebastian duran,Joan Sebastián Durán,PER,true
joan sebastián,Joan Sebastián,PER,true
joan sebastián durán,Joan Sebastián Durán,PER,true
joan sebastián durán guerrero,Joan Sebastián Durán Guerrero,PER,true
joan sebastián guerrero,Joan Sebastián Guerrero,PER,true
joao fonseca,Joao Fonseca,PER,true
joao neves,Joao Neves,PER,true
joao pedro,Joao Pedro,PER,true
joaquin klement,Joaquin Klement,PER,true
joaquín fernández,Joaquín Fernández,PER,true
joaquín gonzález,Joaquín González,PER,true
joaquín guiller,Joaquín Guiller,PER,true
joaquín gutiérrez,Joaquín Gutiérrez,PER,true
joaquín josé méndez,Joaquín José Méndez,PER,true
joaquín losada,Joaquín Losada,PER,true
joaquín restrepo,Joaquín Restrepo,PER,true
joaquín rojano,Joaquín Rojano,PER,true
jobe bellingham,Jobe Bellingham,PER,true
joe,Joe,PER,true
joe arroyo,Joe Arroyo,PER,true
joe biden,Joe Biden,PER,true
joe cole,Joe Cole,PER,true
joe manganiello,Joe Manganiello,PER,true
joe mazzulla,Joe Mazzulla,PER,true
johan,Johan,PER,true
johan carbonero,Johan Carbonero,PER,true
johan cruyff,Johan Cruyff,PER,true
johan manuel percy,Johan Manuel Percy,PER,true
johan manzambi,Johan Manzambi,PER,true
johan martínez,Johan Martínez,PER,true
johan mojica,Johan Mojica,PER,true
johan petrica,Johan Petrica,PER,true
johan rojas,Johan Rojas,PER,true
johan sebastian durán,Johan Sebastian Durán,PER,true
johan sebastián durán,Johan Sebastián Durán,PER,true
johan vonlanthen,Johan Vonlanthen,PER,true
johana aranda,Johana Aranda,PER,true
johana bahamón,Johana Bahamón,PER,true
johana caicedo,Johana Caicedo,PER,true
johana velandia,Johana Velandia,PER,true
johann bach,Johann Bach,PER,true
johanna fadul,Johanna Fadul,PER,true
johanna moreno,Johanna Moreno,PER,true
johanna ortiz,Johanna Ortiz,PER,true
john,John,PER,true
john abiud,John Abiud,PER,true
john abiud ramírez,John Abiud Ramírez,PER,true
john amaya,John Amaya,PER,true
john arias,John Arias,PER,true
john barrett,John Barrett,PER,true
john besaile,John Besaile,PER,true
john bolton,John Bolton,PER,true
john carney,John Carney,PER,true
john carpenter,John Carpenter,PER,true
john dewey,John Dewey,PER,true
john durán,John Durán,PER,true
john galliano,John Galliano,PER,true
john healey,John Healey,PER,true
john henry ruiz,John Henry Ruiz,PER,true
john henry ruiz murcia,John Henry Ruiz Murcia,PER,true
john jairo martínez,John Jairo Martínez,PER,true
john jairo méndez,John Jairo Méndez,PER,true
john jairo palomino,John Jairo Palomino,PER,true
john jairo rojas,John Jairo Rojas,PER,true
john jáder durán,John Jáder Durán,PER,true
john kirby,John Kirby,PER,true
john koenig,John Koenig,PER,true
john leguizamo,John Leguizamo,PER,true
john lennon,John Lennon,PER,true
john lucumi,John Lucumi,PER,true
john mario ramírez,John Mario Ramírez,PER,true
john martínez,John Martínez,PER,true
john milton rodríguez,John Milton Rodríguez,PER,true
john moisés besaile,John Moisés Besaile,PER,true
john rambo,John Rambo,PER,true
john ratcliffe,John Ratcliffe,PER,true
john sudarsky,John Sudarsky,PER,true
john ternus,John Ternus,PER,true
john travolta,John Travolta,PER,true
john williams,John Williams,PER,true
johnny vizcaíno,Johnny Vizcaíno,PER,true
johnson,Johnson,PER,true
johny moisés besaile,Johny Moisés Besaile,PER,true
jokic,Jokic,PER,true
jon bon jovi,Jon Bon Jovi,PER,true
jon cypher,Jon Cypher,PER,true
jon favreau,Jon Favreau,PER,true
jon fravreau,Jon Fravreau,PER,true
jon sistiaga,Jon Sistiaga,PER,true
jon snow,Jon Snow,PER,true
jon sonen,Jon Sonen,PER,true
jonas vingegaard,Jonas Vingegaard,PER,true
jonas vinvegaard,Jonas Vinvegaard,PER,true
jonathan andic,Jonathan Andic,PER,true
jonathan bosigas,Jonathan Bosigas,PER,true
jonathan calleri,Jonathan Calleri,PER,true
jonathan gómez,Jonathan Gómez,PER,true
jonathan narváez,Jonathan Narváez,PER,true
jonathan osorio,Jonathan Osorio,PER,true
jonathan risueño,Jonathan Risueño,PER,true
jonathan silva,Jonathan Silva,PER,true
jonathan tah,Jonathan Tah,PER,true
jordan ayew,Jordan Ayew,PER,true
jordan barrera,Jordan Barrera,PER,true
jordan henderson,Jordan Henderson,PER,true
jordan walker,Jordan Walker,PER,true
jordano romero,Jordano Romero,PER,true
jorge,Jorge,PER,true
jorge 40,Jorge 40,PER,true
jorge a. vargas,Jorge A. Vargas,PER,true
jorge aguirre,Jorge Aguirre,PER,true
jorge aguirre estacio,Jorge Aguirre Estacio,PER,true
jorge alexander mora,Jorge Alexander Mora,PER,true
jorge alfredo vargas,Jorge Alfredo Vargas,PER,true
jorge almirón,Jorge Almirón,PER,true
jorge alí,Jorge Alí,PER,true
jorge andrés carrillo,Jorge Andrés Carrillo,PER,true
jorge antonio vega,Jorge Antonio Vega,PER,true
jorge arias,Jorge Arias,PER,true
jorge baron,Jorge Barón,PER,true
jorge barón,Jorge Barón,PER,true
jorge bava,Jorge Bava,PER,true
jorge bayter,Jorge Bayter,PER,true
jorge benedetti,Jorge Benedetti,PER,true
jorge bermúdez,Jorge Bermúdez,PER,true
jorge bohórquez,Jorge Bohórquez,PER,true
jorge cao,Jorge Cao,PER,true
jorge cardona,Jorge Cardona,PER,true
jorge cardona alzate,Jorge Cardona Alzate,PER,true
jorge carrascal,Jorge Carrascal,PER,true
jorge celedon,Jorge Celedon,PER,true
jorge celedón,Jorge Celedón,PER,true
jorge cerchiaro,Jorge Cerchiaro,PER,true
jorge cárdenas,Jorge Cárdenas,PER,true
jorge drexler,Jorge Drexler,PER,true
jorge duque,Jorge Duque,PER,true
jorge díez,Jorge Díez,PER,true
jorge e. ibáñez,Jorge E. Ibáñez,PER,true
jorge e. mora,Jorge E. Mora,PER,true
jorge e. pizano,Jorge E. Pizano,PER,true
jorge eduardo mora,Jorge Eduardo Mora,PER,true
jorge eduardo rojas,Jorge Eduardo Rojas,PER,true
jorge eliecer laverde,Jorge Eliécer Laverde,PER,true
jorge eliecer santanilla,Jorge Eliecer Santanilla,PER,true
jorge eliécer gaitán,Jorge Eliécer Gaitán,PER,true
jorge eliécer laverde,Jorge Eliécer Laverde,PER,true
jorge emilio rey,Jorge Emilio Rey,PER,true
jorge enrique abello,Jorge Enrique Abello,PER,true
jorge enrique ibáñez,Jorge Enrique Ibáñez,PER,true
jorge enrique navarrete,Jorge Enrique Navarrete,PER,true
jorge enrique pizano,Jorge Enrique Pizano,PER,true
jorge enrique robledo,Jorge Enrique Robledo,PER,true
jorge gnecco,Jorge Gnecco,PER,true
jorge guerrero,Jorge Guerrero,PER,true
jorge hernández,Jorge Hernández,PER,true
jorge hugo marín,Jorge Hugo Marín,PER,true
jorge hurtado,Jorge Hurtado,PER,true
jorge isaac tobón,Jorge Isaac Tobón,PER,true
jorge ivan cuervo,Jorge Iván Cuervo,PER,true
jorge ivan ospina,Jorge Iván Ospina,PER,true
jorge iván,Jorge Iván,PER,true
jorge iván cuervo,Jorge Iván Cuervo,PER,true
jorge iván gonzález,Jorge Iván González,PER,true
jorge iván ospina,Jorge Iván Ospina,PER,true
jorge jaller,Jorge Jaller,PER,true
jorge jesus,Jorge Jesus,PER,true
jorge jesús,Jorge Jesús,PER,true
jorge jiménez,Jorge Jiménez,PER,true
jorge laverde,Jorge Laverde,PER,true
jorge lemus,Jorge Lemus,PER,true
jorge linero santodomingo,Jorge Linero Santodomingo,PER,true
jorge londoño,Jorge Londoño,PER,true
jorge luis borges,Jorge Luis Borges,PER,true
jorge luis montalvo,Jorge Luis Montalvo,PER,true
jorge luis pinto,Jorge Luis Pinto,PER,true
jorge machuca,Jorge Machuca,PER,true
jorge mario eastman,Jorge Mario Eastman,PER,true
jorge mario murillo gallego,Jorge Mario Murillo Gallego,PER,true
jorge mario velasquez,Jorge Mario Velásquez,PER,true
jorge mario velásquez,Jorge Mario Velásquez,PER,true
jorge matetic,Jorge Matetic,PER,true
jorge messi,Jorge Messi,PER,true
jorge millán,Jorge Millán,PER,true
jorge mora,Jorge Mora,PER,true
jorge murillo,Jorge Murillo,PER,true
jorge orlando melo,Jorge Orlando Melo,PER,true
jorge oñate,Jorge Oñate,PER,true
jorge palacio,Jorge Palacio,PER,true
jorge pizano,Jorge Pizano,PER,true
jorge pretelt,Jorge Pretelt,PER,true
jorge rausch,Jorge Rausch,PER,true
jorge rey,Jorge Rey,PER,true
jorge ricardo hernández,Jorge Ricardo Hernández,PER,true
jorge robledo,Jorge Robledo,PER,true
jorge rodríguez,Jorge Rodríguez,PER,true
jorge soto,Jorge Soto,PER,true
jorge suárez,Jorge Suárez,PER,true
jorge suárez briceño,Jorge Suárez Briceño,PER,true
jorge tadeo lozano,Jorge Tadeo Lozano,PER,true
jorge torres,Jorge Torres,PER,true
jorge tovar,Jorge Tovar,PER,true
jorgito,Jorgito,PER,true
jorman,Jorman,PER,true
jorman campuzano,Jorman Campuzano,PER,true
joropo al parque,Joropo Al Parque,PER,true
jose antonio salazar,José Antonio Salazar,PER,true
jose david celis,Jose David Celis,PER,true
jose fernando patino,José Fernando Patiño,PER,true
jose gaviria,Jose Gaviria,PER,true
jose malito,Jose Malito,PER,true
jose manuel restrepo,José Manuel Restrepo,PER,true
jose mourinho,Jose Mourinho,PER,true
josef mengele,Josef Mengele,PER,true
josefina molina,Josefina Molina,PER,true
josefina villarreal,Josefina Villarreal,PER,true
joselito,Joselito,PER,true
joselito maldad,Joselito Maldad,PER,true
joselo,Joselo,PER,true
josen escobar,Josen Escobar,PER,true
josep guardiola,Josep Guardiola,PER,true
josep maria recasens,Josep Maria Recasens,PER,true
josep pedrerol,Josep Pedrerol,PER,true
joseph aoun,Joseph Aoun,PER,true
joseph blatter,Joseph Blatter,PER,true
joseph conrad,Joseph Conrad,PER,true
joseph humire,Joseph Humire,PER,true
josh kerr,Josh Kerr,PER,true
josh tarling,Josh Tarling,PER,true
joshua kushner,Joshua Kushner,PER,true
josie diez canseco,Josie Diez Canseco,PER,true
josimar vozinha,Josimar Vozinha,PER,true
joss sackler,Joss Sackler,PER,true
josse narváez,Josse Narváez,PER,true
josué martínez,Josué Martínez,PER,true
josué ricardo martínez,Josué Ricardo Martínez,PER,true
josé,José,PER,true
josé abellán,José Abellán,PER,true
josé alejandro,José Alejandro,PER,true
josé andrés,José Andrés,PER,true
josé angulo,José Angulo,PER,true
josé antonio kast,José Antonio Kast,PER,true
josé antonio ocampo,José Antonio Ocampo,PER,true
josé antonio salazar,José Antonio Salazar,PER,true
josé arcadio,José Arcadio,PER,true
josé asunción silva,José Asunción Silva,PER,true
josé basulto,José Basulto,PER,true
josé bedoya,José Bedoya,PER,true
josé bello,José Bello,PER,true
josé bertulfo soto,José Bertulfo Soto,PER,true
josé breijo,José Breijo,PER,true
josé caparroso,José Caparroso,PER,true
josé carreño,José Carreño,PER,true
josé david lópez,José David López,PER,true
josé david lópez celis,José David López Celis,PER,true
josé david name,José David Name,PER,true
josé dorado gaviria,José Dorado Gaviria,PER,true
josé espinoza,José Espinoza,PER,true
josé fernando cardona,José Fernando Cardona,PER,true
josé fernando patiño,José Fernando Patiño,PER,true
josé félix angulo,José Félix Angulo,PER,true
josé félix angulo cabezas,José Félix Angulo Cabezas,PER,true
josé félix lafaurie,José Félix Lafaurie,PER,true
josé gaviria,José Gaviria,PER,true
josé hernández,José Hernández,PER,true
josé ignacio moreno,José Ignacio Moreno,PER,true
josé jaime uscátegui,José Jaime Uscátegui,PER,true
josé juan vivas,José Juan Vivas,PER,true
josé luis bastidas,José Luis Bastidas,PER,true
josé luis bohórquez,José Luis Bohórquez,PER,true
josé luis chilavert,José Luis Chilavert,PER,true
josé luis chunga,José Luis Chunga,PER,true
josé luis esparza,José Luis Esparza,PER,true
josé luis marín,José Luis Marín,PER,true
josé luis ábalos,José Luis Ábalos,PER,true
josé luque,José Luque,PER,true
josé lópez,José López,PER,true
josé m. restrepo,José M. Restrepo,PER,true
josé madera,José Madera,PER,true
josé manuel,José Manuel,PER,true
josé manuel restrepo,José Manuel Restrepo,PER,true
josé manuel restrepó,José Manuel Restrepó,PER,true
josé mariano dumaza,José Mariano Dumaza,PER,true
josé maría aznar,José María Aznar,PER,true
josé maría balcázar,José María Balcázar,PER,true
josé maría barreiro,José María Barreiro,PER,true
josé maría bazán,José María Bazán,PER,true
josé maría carod,José María Carod,PER,true
josé maría melo,José María Melo,PER,true
josé maría pazo,José María Pazo,PER,true
josé miguel insulza,José Miguel Insulza,PER,true
josé mourinho,José Mourinho,PER,true
josé narváez,José Narváez,PER,true
josé néstor pékerman,José Néstor Pékerman,PER,true
josé obdulio,José Obdulio,PER,true
josé obdulio gaviria,José Obdulio Gaviria,PER,true
josé ocampo,José Ocampo,PER,true
josé ordóñez,José Ordóñez,PER,true
josé palomino,José Palomino,PER,true
josé pastor ruiz,José Pastor Ruiz,PER,true
josé pastor ruiz mahecha,José Pastor Ruiz Mahecha,PER,true
josé pastor ruíz mahecha,José Pastor Ruíz Mahecha,PER,true
josé patiño,José Patiño,PER,true
josé pékerman,José Pékerman,PER,true
josé ramón de la morena,José Ramón de la Morena,PER,true
josé raúl mulino,José Raúl Mulino,PER,true
josé reyes rodríguez,José Reyes Rodríguez,PER,true
josé roberto prieto,José Roberto Prieto,PER,true
josé rodríguez,José Rodríguez,PER,true
josé rojas gonzález,José Rojas González,PER,true
josé salazar,José Salazar,PER,true
josé salcedo,José Salcedo,PER,true
josé sanfilippo,José Sanfilippo,PER,true
josé soto,José Soto,PER,true
josé ubaldo castro,José Ubaldo Castro,PER,true
josé velázquez,José Velázquez,PER,true
josé vicente carreño,José Vicente Carreño,PER,true
josé vicente villamizar,José Vicente Villamizar,PER,true
josé vásquez,José Vásquez,PER,true
josé ángel torres,José Ángel Torres,PER,true
josías fiesco,Josías Fiesco,PER,true
jota pe,Jota Pe,PER,true
jota pe hernandez,Jota Pe Hernández,PER,true
jota pe hernández,Jota Pe Hernández,PER,true
jotica,Jotica,PER,true
jovanni tovar,Jovanni Tovar,PER,true
joven de tasco,Joven de Tasco,PER,true
joven de valledupar,Joven de Valledupar,PER,true
jovenel moïse,Jovenel Moïse,PER,true
joya,Joya,PER,true
joão fonseca,João Fonseca,PER,true
joão félix,João Félix,PER,true
joão neves,João Neves,PER,true
joão pedro,João Pedro,PER,true
jp hernández,Jp Hernández,PER,true
jp morgan,Jp Morgan,PER,true
juan,Juan,PER,true
juan andrés arango,Juan Andrés Arango,PER,true
juan andrés balanta,Juan Andrés Balanta,PER,true
juan antonio galeano,Juan Antonio Galeano,PER,true
juan arredondo,Juan Arredondo,PER,true
juan barrios,Juan Barrios,PER,true
juan benavídez,Juan Benavídez,PER,true
juan betancur,Juan Betancur,PER,true
juan c. ulloa,Juan C. Ulloa,PER,true
juan cabal,Juan Cabal,PER,true
juan caicedo,Juan Caicedo,PER,true
juan camilo,Juan Camilo,PER,true
juan camilo portilla,Juan Camilo Portilla,PER,true
juan carlos,Juan Carlos,PER,true
juan carlos abadía,Juan Carlos Abadía,PER,true
juan carlos baena,Juan Carlos Baena,PER,true
juan carlos banguero,Juan Carlos Banguero,PER,true
juan carlos coronel,Juan Carlos Coronel,PER,true
juan carlos cortés,Juan Carlos Cortés,PER,true
juan carlos echeverry,Juan Carlos Echeverry,PER,true
juan carlos escobar,Juan Carlos Escobar,PER,true
juan carlos florián,Juan Carlos Florián,PER,true
juan carlos galindo,Juan Carlos Galindo,PER,true
juan carlos hurtado,Juan Carlos Hurtado,PER,true
juan carlos losada,Juan Carlos Losada,PER,true
juan carlos lópez castrillón,Juan Carlos López Castrillón,PER,true
juan carlos mazo,Juan Carlos Mazo,PER,true
juan carlos monedero,Juan Carlos Monedero,PER,true
juan carlos morales,Juan Carlos Morales,PER,true
juan carlos osorio,Juan Carlos Osorio,PER,true
juan carlos ospino,Juan Carlos Ospino,PER,true
juan carlos pinzón,Juan Carlos Pinzón,PER,true
juan carlos vargas,Juan Carlos Vargas,PER,true
juan carlos vargas mosquera,Juan Carlos Vargas Mosquera,PER,true
juan cárdenas,Juan Cárdenas,PER,true
juan d. oviedo,Juan D. Oviedo,PER,true
juan daniel oviedo,Juan Daniel Oviedo,PER,true
juan daniel sepúlveda,Juan Daniel Sepúlveda,PER,true
juan danivel oviedo,Juan Danivel Oviedo,PER,true
juan david,Juan David,PER,true
juan david cabal,Juan David Cabal,PER,true
juan david correa,Juan David Correa,PER,true
juan david duque,Juan David Duque,PER,true
juan david grillo,Juan David Grillo,PER,true
juan david grillo ríos,Juan David Grillo Ríos,PER,true
juan david gómez,Juan David Gómez,PER,true
juan david piedrahíta,Juan David Piedrahíta,PER,true
juan david quintero,Juan David Quintero,PER,true
juan david rincón,Juan David Rincón,PER,true
juan david ríos,Juan David Ríos,PER,true
juan david tejada,Juan David Tejada,PER,true
juan diego alvira,Juan Diego Alvira,PER,true
juan diego lopera,Juan Diego Lopera,PER,true
juan diego patiño ochoa,Juan Diego Patiño Ochoa,PER,true
juan diego quintero,Juan Diego Quintero,PER,true
juan diego vanegas,Juan Diego Vanegas,PER,true
juan duque,Juan Duque,PER,true
juan díaz,Juan Díaz,PER,true
juan echeverry,Juan Echeverry,PER,true
juan espinal,Juan Espinal,PER,true
juan espitia,Juan Espitia,PER,true
juan esteban constaín,Juan Esteban Constaín,PER,true
juan fantoni,Juan Fantoni,PER,true
juan felipe cadavid,Juan Felipe Cadavid,PER,true
juan felipe giraldo,Juan Felipe Giraldo,PER,true
juan felipe murgueitio,Juan Felipe Murgueitio,PER,true
juan felipe rincon,Juan Felipe Rincón,PER,true
juan felipe rincón,Juan Felipe Rincón,PER,true
juan fernando cristo,Juan Fernando Cristo,PER,true
juan fernando espinal,Juan Fernando Espinal,PER,true
juan fernando quintero,Juan Fernando Quintero,PER,true
juan fernando velasco,Juan Fernando Velasco,PER,true
juan francisco correal,Juan Francisco Correal,PER,true
juan francisco molina,Juan Francisco Molina,PER,true
juan francisco sierra,Juan Francisco Sierra,PER,true
juan gabriel,Juan Gabriel,PER,true
juan gonzalo ospina,Juan Gonzalo Ospina,PER,true
juan guaidó,Juan Guaidó,PER,true
juan guillermo cuadrado,Juan Guillermo Cuadrado,PER,true
juan guillermo martínez,Juan Guillermo Martínez,PER,true
juan guillermo monsalve,Juan Guillermo Monsalve,PER,true
juan jose pelaez,Juan José Peláez,PER,true
juan josé campanella,Juan José Campanella,PER,true
juan josé lafaurie,Juan José Lafaurie,PER,true
juan josé millás,Juan José Millás,PER,true
juan josé nieto,Juan José Nieto,PER,true
juan josé pelaez,Juan José Pelaez,PER,true
juan josé peláez,Juan José Peláez,PER,true
juan josé salazar,Juan José Salazar,PER,true
juan lozano,Juan Lozano,PER,true
juan luis guerra,Juan Luis Guerra,PER,true
juan magán,Juan Magán,PER,true
juan manuel barrientos,Juan Manuel Barrientos,PER,true
juan manuel carreño boshell,Juan Manuel Carreño Boshell,PER,true
juan manuel cerúndolo,Juan Manuel Cerúndolo,PER,true
juan manuel charry,Juan Manuel Charry,PER,true
juan manuel galán,Juan Manuel Galán,PER,true
juan manuel morales,Juan Manuel Morales,PER,true
juan manuel rengifo,Juan Manuel Rengifo,PER,true
juan manuel restrepo,Juan Manuel Restrepo,PER,true
juan manuel restrepo cadavid,Juan Manuel Restrepo Cadavid,PER,true
juan manuel santos,Juan Manuel Santos,PER,true
juan martínez,Juan Martínez,PER,true
juan miguel galvis,Juan Miguel Galvis,PER,true
juan miguel huertas,Juan Miguel Huertas,PER,true
juan miguel matheus,Juan Miguel Matheus,PER,true
juan orlando hernández,Juan Orlando Hernández,PER,true
juan pablo,Juan Pablo,PER,true
juan pablo dos santos,Juan Pablo Dos Santos,PER,true
juan pablo guanipa,Juan Pablo Guanipa,PER,true
juan pablo ii,Juan Pablo Ii,PER,true
juan pablo llano,Juan Pablo Llano,PER,true
juan pablo montoya,Juan Pablo Montoya,PER,true
juan pablo nieto,Juan Pablo Nieto,PER,true
juan pablo raba,Juan Pablo Raba,PER,true
juan pablo rojas,Juan Pablo Rojas,PER,true
juan pablo segura,Juan Pablo Segura,PER,true
juan pablo socarrás,Juan Pablo Socarrás,PER,true
juan pablo sánchez,Juan Pablo Sánchez,PER,true
juan pablo urrego,Juan Pablo Urrego,PER,true
juan pablo vargas,Juan Pablo Vargas,PER,true
juan pablo vega,Juan Pablo Vega,PER,true
juan pablo vega dieppa,Juan Pablo Vega Dieppa,PER,true
juan pablo ángel,Juan Pablo Ángel,PER,true
juan palau,Juan Palau,PER,true
juan piña,Juan Piña,PER,true
juan quilcué,Juan Quilcué,PER,true
juan ramón jiménez,Juan Ramón Jiménez,PER,true
juan rengifo,Juan Rengifo,PER,true
juan ricardo ortega,Juan Ricardo Ortega,PER,true
juan ricardo palacio,Juan Ricardo Palacio,PER,true
juan ricardo palacio escobar,Juan Ricardo Palacio Escobar,PER,true
juan roberto vargas,Juan Roberto Vargas,PER,true
juan rodríguez,Juan Rodríguez,PER,true
juan romero,Juan Romero,PER,true
juan román riquelme,Juan Román Riquelme,PER,true
juan sebastián betancur,Juan Sebastián Betancur,PER,true
juan sebastián chamorro,Juan Sebastián Chamorro,PER,true
juan sebastián hernández cobos,Juan Sebastián Hernández Cobos,PER,true
juan sebastián molano,Juan Sebastián Molano,PER,true
juan sebastián ortega,Juan Sebastián Ortega,PER,true
juan sebastián romero,Juan Sebastián Romero,PER,true
juan tamariz,Juan Tamariz,PER,true
juan valdez,Juan Valdez,PER,true
juan villoro,Juan Villoro,PER,true
juan ángel,Juan Ángel,PER,true
juana,Juana,PER,true
juana acosta,Juana Acosta,PER,true
juana arboleda,Juana Arboleda,PER,true
juana valentina,Juana Valentina,PER,true
juana valentina rodríguez,Juana Valentina Rodríguez,PER,true
juancho,Juancho,PER,true
juanes,Juanes,PER,true
juanfer,Juanfer,PER,true
juanfer quintero,Juanfer Quintero,PER,true
juanita,Juanita,PER,true
juanita cataño,Juanita Cataño,PER,true
juanita goebertus,Juanita Goebertus,PER,true
juanita gómez,Juanita Gómez,PER,true
juanjo,Juanjo,PER,true
juanpis gonzález,Juanpis González,PER,true
juanse quintero,Juanse Quintero,PER,true
jubilado,Jubilado,PER,true
jude,Jude,PER,true
jude bellingham,Jude Bellingham,PER,true
judeline,Judeline,PER,true
judicializado,Judicializado,PER,true
jugadora,Jugadora,PER,true
jugará mateo castillo,Jugará Mateo Castillo,PER,true
juicio maradona,Juicio Maradona,PER,true
julia correa,Julia Correa,PER,true
julia ducournau,Julia Ducournau,PER,true
julia eva pretelt,Julia Eva Pretelt,PER,true
julia loktev,Julia Loktev,PER,true
julian alaphilippe,Julian Alaphilippe,PER,true
julian alvarez,Julián Álvarez,PER,true
julian barnes,Julian Barnes,PER,true
julian jones,Julian Jones,PER,true
julian nagelsmann,Julian Nagelsmann,PER,true
julian quinones,Julián Quiñones,PER,true
juliana,Juliana,PER,true
juliana aray,Juliana Aray,PER,true
juliana calderón,Juliana Calderón,PER,true
juliana castelblanco,Juliana Castelblanco,PER,true
juliana galvis,Juliana Galvis,PER,true
juliana guerrero,Juliana Guerrero,PER,true
juliana gutierrez,Juliana Gutiérrez,PER,true
juliana gutiérrez,Juliana Gutiérrez,PER,true
juliana gómez,Juliana Gómez,PER,true
juliana gómez nieto,Juliana Gómez Nieto,PER,true
juliana restrepo,Juliana Restrepo,PER,true
juliana velásquez,Juliana Velásquez,PER,true
julien dossena,Julien Dossena,PER,true
julieta piñeres,Julieta Piñeres,PER,true
julieta venegas,Julieta Venegas,PER,true
julieth peraza,Julieth Peraza,PER,true
julieth restrepo,Julieth Restrepo,PER,true
juliette pardau,Juliette Pardau,PER,true
julio adán,Julio Adán,PER,true
julio camacho,Julio Camacho,PER,true
julio cesar triana,Julio César Triana,PER,true
julio chanchitos,Julio Chanchitos,PER,true
julio comesaña,Julio Comesaña,PER,true
julio correal,Julio Correal,PER,true
julio césar henríquez toro,Julio César Henríquez Toro,PER,true
julio césar herrera,Julio César Herrera,PER,true
julio césar triana,Julio César Triana,PER,true
julio césar turbay,Julio César Turbay,PER,true
julio césar turbay quintero,Julio César Turbay Quintero,PER,true
julio césar varón,Julio César Varón,PER,true
julio daniel chaparro,Julio Daniel Chaparro,PER,true
julio de vido,Julio de Vido,PER,true
julio elías,Julio Elías,PER,true
julio enciso,Julio Enciso,PER,true
julio fierro,Julio Fierro,PER,true
julio gallardo,Julio Gallardo,PER,true
julio gómez,Julio Gómez,PER,true
julio hernán correal,Julio Hernán Correal,PER,true
julio herrera,Julio Herrera,PER,true
julio iglesias,Julio Iglesias,PER,true
julio le parc,Julio Le Parc,PER,true
julio londoño,Julio Londoño,PER,true
julio molina arias,Julio Molina Arias,PER,true
julio reyes copello,Julio Reyes Copello,PER,true
julio sánchez cristo,Julio Sánchez Cristo,PER,true
julio torres,Julio Torres,PER,true
julio velarde,Julio Velarde,PER,true
julito,Julito,PER,true
julián,Julián,PER,true
julián arteaga,Julián Arteaga,PER,true
julián bedoya,Julián Bedoya,PER,true
julián bernal,Julián Bernal,PER,true
julián buitrago,Julián Buitrago,PER,true
julián caicedo,Julián Caicedo,PER,true
julián david ruiz barajas,Julián David Ruiz Barajas,PER,true
julián forero,Julián Forero,PER,true
julián gallo,Julián Gallo,PER,true
julián garcía,Julián García,PER,true
julián gutiérrez,Julián Gutiérrez,PER,true
julián lópez,Julián López,PER,true
julián matheus,Julián Matheus,PER,true
julián medina,Julián Medina,PER,true
julián pinilla,Julián Pinilla,PER,true
julián quintana,Julián Quintana,PER,true
julián quiñones,Julián Quiñones,PER,true
julián román,Julián Román,PER,true
julián ropero,Julián Ropero,PER,true
julián ruiz,Julián Ruiz,PER,true
julián sastoque,Julián Sastoque,PER,true
julián sánchez,Julián Sánchez,PER,true
julián uscátegui,Julián Uscátegui,PER,true
julián álvarez,Julián Álvarez,PER,true
jumanji,Jumanji,PER,true
jung kook,Jung Kook,PER,true
jung kyung-ho,Jung Kyung-ho,PER,true
jungkook,Jungkook,PER,true
jungle,Jungle,PER,true
junot díaz,Junot Díaz,PER,true
junta del banrep,Junta del Banrep,PER,true
jurado,Jurado,PER,true
jurisprudencia,Jurisprudencia,PER,true
jurista,Jurista,PER,true
just fontaine,Just Fontaine,PER,true
justicia y paz,Justicia y Paz,PER,true
justin,Justin,PER,true
justin baldoni,Justin Baldoni,PER,true
justin bieber,Justin Bieber,PER,true
justin gaethje,Justin Gaethje,PER,true
justin quiles,Justin Quiles,PER,true
justo,Justo,PER,true
juvenal díaz,Juvenal Díaz,PER,true
juvenal díaz mateus,Juvenal Díaz Mateus,PER,true
juvinao,Juvinao,PER,true
jáminton campaz,Jáminton Campaz,PER,true
jéfferson lerma,Jéfferson Lerma,PER,true
jérémy doku,Jérémy Doku,PER,true
júpiter,Júpiter,PER,true
jürgen klopp,Jürgen Klopp,PER,true
kaan ayhan,Kaan Ayhan,PER,true
kafka,Kafka,PER,true
kahlo,Kahlo,PER,true
kaho,Kaho,PER,true
kaiser,Kaiser,PER,true
kaká,Kaká,PER,true
kala,Kala,PER,true
kalaca skull,Kalaca Skull,PER,true
kalazán suárez,Kalazán Suárez,PER,true
kaleth,Kaleth,PER,true
kaleth morales,Kaleth Morales,PER,true
kali uchis,Kali Uchis,PER,true
kalinskaya,Kalinskaya,PER,true
kamala harris,Kamala Harris,PER,true
kane,Kane,PER,true
kane parsons,Kane Parsons,PER,true
kanté,Kanté,PER,true
kantú,Kantú,PER,true
kany garcía,Kany García,PER,true
kanye west,Kanye West,PER,true
kapo,Kapo,PER,true
karely,Karely,PER,true
karem labrador araújo,Karem Labrador Araújo,PER,true
karen caro,Karen Caro,PER,true
karen dayana díaz rivera,Karen Dayana Díaz Rivera,PER,true
karen estefany,Karen Estefany,PER,true
karen estrada,Karen Estrada,PER,true
karen garcía,Karen García,PER,true
karen gutiérrez,Karen Gutiérrez,PER,true
karen lizarazo,Karen Lizarazo,PER,true
karen lizardi,Karen Lizardi,PER,true
karen manrique,Karen Manrique,PER,true
karen martínez,Karen Martínez,PER,true
karen pajoy,Karen Pajoy,PER,true
karen sevillano,Karen Sevillano,PER,true
karen valentina vega,Karen Valentina Vega,PER,true
karen vega,Karen Vega,PER,true
karim adeyemi,Karim Adeyemi,PER,true
karim khan,Karim Khan,PER,true
karin jiménez,Karin Jiménez,PER,true
karina,Karina,PER,true
karina garcia,Karina Garcia,PER,true
karina garcía,Karina García,PER,true
karina león,Karina León,PER,true
karita,Karita,PER,true
karl,Karl,PER,true
karl buchholz,Karl Buchholz,PER,true
karl lagerfeld,Karl Lagerfeld,PER,true
karla de la hoz,Karla de la Hoz,PER,true
karma,Karma,PER,true
karol g,Karol G,PER,true
karol samantha,Karol Samantha,PER,true
karol vallejo,Karol Vallejo,PER,true
karola,Karola,PER,true
karola alcendra,Karola Alcendra,PER,true
karolay nohava,Karolay Nohava,PER,true
karolina muchová,Karolina Muchová,PER,true
karoline leavitt,Karoline Leavitt,PER,true
karoll márquez,Karoll Márquez,PER,true
karp,Karp,PER,true
kashe quest,Kashe Quest,PER,true
kast,Kast,PER,true
katamarán,Katamarán,PER,true
kate del castillo,Kate del Castillo,PER,true
kate middleton,Kate Middleton,PER,true
kate moss,Kate Moss,PER,true
kathe,Kathe,PER,true
katherine miranda,Katherine Miranda,PER,true
katherine porto,Katherine Porto,PER,true
katherine vélez,Katherine Vélez,PER,true
katherine zuleta castilla,Katherine Zuleta Castilla,PER,true
kathiany caraballo,Kathiany Caraballo,PER,true
kathy estrada,Kathy Estrada,PER,true
katia aveiro,Katia Aveiro,PER,true
katia itzel,Katia Itzel,PER,true
katia itzel garcía,Katia Itzel García,PER,true
katia nule,Katia Nule,PER,true
katie holmes,Katie Holmes,PER,true
katie james,Katie James,PER,true
katie kitamura,Katie Kitamura,PER,true
katy cardona,Katy Cardona,PER,true
katy perry,Katy Perry,PER,true
kavinsky,Kavinsky,PER,true
kaylee hottle,Kaylee Hottle,PER,true
kazuyoshi miura,Kazuyoshi Miura,PER,true
kean,Kean,PER,true
kei linch,Kei Linch,PER,true
keiko,Keiko,PER,true
keiko fujimori,Keiko Fujimori,PER,true
keiner,Keiner,PER,true
keiner jiménez,Keiner Jiménez,PER,true
keir starmer,Keir Starmer,PER,true
keith richards,Keith Richards,PER,true
keityn,Keityn,PER,true
kelela,Kelela,PER,true
kelly,Kelly,PER,true
kelly curtis,Kelly Curtis,PER,true
kelly de arco,Kelly de Arco,PER,true
kelvis daniel sequeira,Kelvis Daniel Sequeira,PER,true
kelvis daniel sequera delgado,Kelvis Daniel Sequera Delgado,PER,true
kelvis sequeira,Kelvis Sequeira,PER,true
kelvis sequera,Kelvis Sequera,PER,true
kelyn gonzález,Kelyn González,PER,true
ken griffin,Ken Griffin,PER,true
ken paxton,Ken Paxton,PER,true
kendall,Kendall,PER,true
kendall jenner,Kendall Jenner,PER,true
kendrick lamar,Kendrick Lamar,PER,true
keniatas charles matata,Keniatas Charles Matata,PER,true
kenna harris,Kenna Harris,PER,true
keren bertel,Keren Bertel,PER,true
kerwin vargas,Kerwin Vargas,PER,true
ketamina,Ketamina,PER,true
kevin,Kevin,PER,true
kevin acosta,Kevin Acosta,PER,true
kevin angel,Kevin Ángel,PER,true
kevin arrigui,Kevin Arrigui,PER,true
kevin arriguí,Kevin Arriguí,PER,true
kevin campaz,Kevin Campaz,PER,true
kevin casas,Kevin Casas,PER,true
kevin castaño,Kevin Castaño,PER,true
kevin de bruyne,Kevin de Bruyne,PER,true
kevin gómez,Kevin Gómez,PER,true
kevin hart,Kevin Hart,PER,true
kevin keegan,Kevin Keegan,PER,true
kevin mantilla,Kevin Mantilla,PER,true
kevin mccallister,Kevin Mccallister,PER,true
kevin mier,Kevin Mier,PER,true
kevin mitnick,Kevin Mitnick,PER,true
kevin montoya,Kevin Montoya,PER,true
kevin pérez,Kevin Pérez,PER,true
kevin quintero,Kevin Quintero,PER,true
kevin roldan,Kevin Roldan,PER,true
kevin santiago,Kevin Santiago,PER,true
kevin santiago angel,Kevin Santiago Ángel,PER,true
kevin santiago ángel,Kevin Santiago Ángel,PER,true
kevin segura,Kevin Segura,PER,true
kevin serna,Kevin Serna,PER,true
kevin sweeney,Kevin Sweeney,PER,true
kevin viveros,Kevin Viveros,PER,true
kevin warsh,Kevin Warsh,PER,true
kevin whitaker,Kevin Whitaker,PER,true
kevin ángel,Kevin Ángel,PER,true
keyne,Keyne,PER,true
keyne yamal,Keyne Yamal,PER,true
keynher,Keynher,PER,true
khalilur rahman,Khalilur Rahman,PER,true
khataleya,Khataleya,PER,true
khloé kardashian,Khloé Kardashian,PER,true
khoukhy,Khoukhy,PER,true
khusanov,Khusanov,PER,true
khvicha kvaratskhelia,Khvicha Kvaratskhelia,PER,true
kiara,Kiara,PER,true
kicillof,Kicillof,PER,true
kid pambelé,Kid Pambelé,PER,true
kika nieto,Kika Nieto,PER,true
kike,Kike,PER,true
kilauea,Kilauea,PER,true
kilian toscano,Kilian Toscano,PER,true
kill block,Kill Block,PER,true
killer,Killer,PER,true
kilmar ábrego,Kilmar Ábrego,PER,true
kim,Kim,PER,true
kim jong,Kim Jong,PER,true
kim jong-un,Kim Jong-un,PER,true
kim kardashian,Kim Kardashian,PER,true
kim perell,Kim Perell,PER,true
kim soo,Kim Soo,PER,true
kimberly loaiza,Kimberly Loaiza,PER,true
kimi antonelli,Kimi Antonelli,PER,true
kimi k3,Kimi K3,PER,true
king kong,King Kong,PER,true
kira,Kira,PER,true
kirsty coventry,Kirsty Coventry,PER,true
klimt,Klimt,PER,true
klopp,Klopp,PER,true
klose,Klose,PER,true
knauf,Knauf,PER,true
koaj,Koaj,PER,true
kobel,Kobel,PER,true
kobosil,Kobosil,PER,true
koeman,Koeman,PER,true
kokin,Kokin,PER,true
kokoriko,Kokoriko,PER,true
kolthoum akbari,Kolthoum Akbari,PER,true
kompany,Kompany,PER,true
konaté,Konaté,PER,true
kooij,Kooij,PER,true
kopps comercial,Kopps Comercial,PER,true
koreeda,Koreeda,PER,true
kouamé,Kouamé,PER,true
kpmg,Kpmg,PER,true
krasnov,Krasnov,PER,true
kratos,Kratos,PER,true
kris jenner,Kris Jenner,PER,true
kris r,Kris R,PER,true
krish sophia medina,Krish Sophia Medina,PER,true
kristalina georgieva,Kristalina Georgieva,PER,true
kristen stewart,Kristen Stewart,PER,true
kristin cabot,Kristin Cabot,PER,true
kristopher karolkiewicz,Kristopher Karolkiewicz,PER,true
kuka mboladinga,Kuka Mboladinga,PER,true
kushner,Kushner,PER,true
kuss,Kuss,PER,true
kyle busch,Kyle Busch,PER,true
kylian mbappe,Kylian Mbappe,PER,true
kylian mbappé,Kylian Mbappé,PER,true
kylie jenner,Kylie Jenner,PER,true
kylie minogue,Kylie Minogue,PER,true
kyndryl,Kyndryl,PER,true
kátia aveiro,Kátia Aveiro,PER,true
la araña,La Araña,PER,true
la bebecita,La Bebecita,PER,true
la blanquita,La Blanquita,PER,true
la canarinha,La Canarinha,PER,true
la chapola,La Chapola,PER,true
la churca,La Churca,PER,true
la contadora,La Contadora,PER,true
la cucha mari,La Cucha Mari,PER,true
la espriella,Abelardo de la Espriella,PER,true
la flaca,La Flaca,PER,true
la gorda,La Gorda,PER,true
la gorda fabiola,La Gorda Fabiola,PER,true
la hormiga gonzález,La Hormiga González,PER,true
la india,La India,PER,true
la liendra,La Liendra,PER,true
la mona,La Mona,PER,true
la moña,La Mona,PER,true
la más viral,La Más Viral,PER,true
la pantera,La Pantera,PER,true
la patrona,La Patrona,PER,true
la pulla,La Pulla,PER,true
la reina,La Reina,PER,true
la roca,La Roca,PER,true
la suegra,La Suegra,PER,true
la toya malcolm,La Toya Malcolm,PER,true
la traqui traqui,La Traqui Traqui,PER,true
lacalle pou,Lacalle Pou,PER,true
ladrilleros,Ladrilleros,PER,true
lady arias,Lady Arias,PER,true
lady di,Lady Di,PER,true
lady gaga,Lady Gaga,PER,true
lady noriega,Lady Noriega,PER,true
lady tabares,Lady Tabares,PER,true
lady yanery hincapié,Lady Yanery Hincapié,PER,true
lafaurie,Lafaurie,PER,true
lafourie,Lafourie,PER,true
lagarde,Lagarde,PER,true
lai,Lai,PER,true
lalis,Lalis,PER,true
lalo,Lalo,PER,true
lamine,Lamine,PER,true
lamine yamal,Lamine Yamal,PER,true
laminitas,Laminitas,PER,true
lana corujo,Lana Corujo,PER,true
lance armstrong,Lance Armstrong,PER,true
lance schroyer,Lance Schroyer,PER,true
lancha,Lancha,PER,true
landau,Landau,PER,true
lando norris,Lando Norris,PER,true
lara,Lara,PER,true
lara campos,Lara Campos,PER,true
larissa riquelme,Larissa Riquelme,PER,true
larraín,Larraín,PER,true
larry,Larry,PER,true
larry changa,Larry Changa,PER,true
larry ellison,Larry Ellison,PER,true
lars-christer olsson,Lars-christer Olsson,PER,true
las delicias,Las Delicias,PER,true
las felfle,Las Felfle,PER,true
lassana diarra,Lassana Diarra,PER,true
latino,Latino,PER,true
latoya malcolm,Latoya Malcolm,PER,true
laufey,Laufey,PER,true
laura,Laura,PER,true
laura acuña,Laura Acuña,PER,true
laura anzola,Laura Anzola,PER,true
laura archbold,Laura Archbold,PER,true
laura barjum,Laura Barjum,PER,true
laura batista,Laura Batista,PER,true
laura beltrán,Laura Beltrán,PER,true
laura blanco,Laura Blanco,PER,true
laura cabrera,Laura Cabrera,PER,true
laura camila blanco,Laura Camila Blanco,PER,true
laura camila vargas,Laura Camila Vargas,PER,true
laura cardoso,Laura Cardoso,PER,true
laura catherine chaguendo,Laura Catherine Chaguendo,PER,true
laura dicelis,Laura Dicelis,PER,true
laura espinosa,Laura Espinosa,PER,true
laura espinoza,Laura Espinoza,PER,true
laura fernández,Laura Fernández,PER,true
laura g,Laura G,PER,true
laura gallego,Laura Gallego,PER,true
laura garcía,Laura García,PER,true
laura guzmán,Laura Guzmán,PER,true
laura härtig,Laura Härtig,PER,true
laura lozano,Laura Lozano,PER,true
laura lópez quintero,Laura López Quintero,PER,true
laura maría molina ayala,Laura María Molina Ayala,PER,true
laura ojeda,Laura Ojeda,PER,true
laura palomino,Laura Palomino,PER,true
laura patricia garcía,Laura Patricia García,PER,true
laura pausini,Laura Pausini,PER,true
laura pedraza,Laura Pedraza,PER,true
laura pérez,Laura Pérez,PER,true
laura restrepo,Laura Restrepo,PER,true
laura rodríguez,Laura Rodríguez,PER,true
laura romero angarita,Laura Romero Angarita,PER,true
laura sarabia,Laura Sarabia,PER,true
laura silva,Laura Silva,PER,true
laura sofía,Laura Sofía,PER,true
laura strada,Laura Strada,PER,true
laura tamayo,Laura Tamayo,PER,true
laura taylor,Laura Taylor,PER,true
laura tobon,Laura Tobon,PER,true
laura tobón,Laura Tobón,PER,true
laura valdivielso,Laura Valdivielso,PER,true
laura valentina,Laura Valentina,PER,true
laura valentina lozano,Laura Valentina Lozano,PER,true
laureano,Laureano,PER,true
laureano gómez,Laureano Gómez,PER,true
laureano quintero,Laureano Quintero,PER,true
lauren,Lauren,PER,true
lauren bennett,Lauren Bennett,PER,true
laury saavedra,Laury Saavedra,PER,true
lautaro,Lautaro,PER,true
lautaro martínez,Lautaro Martínez,PER,true
laverde,Laverde,PER,true
lavinia,Lavinia,PER,true
lavinia valbonesi,Lavinia Valbonesi,PER,true
lazard,Lazard,PER,true
lazare,Lazare,PER,true
le pen,Le Pen,PER,true
leandro castellanos,Leandro Castellanos,PER,true
leandro paredes,Leandro Paredes,PER,true
leandro villadiego acosta,Leandro Villadiego Acosta,PER,true
lebron james,Lebron James,PER,true
leclerc,Leclerc,PER,true
lee curtis,Lee Curtis,PER,true
lee foss,Lee Foss,PER,true
lee reeves,Lee Reeves,PER,true
legarda,Legarda,PER,true
leia,Leia,PER,true
leidy higidio,Leidy Higidio,PER,true
leidy vergara,Leidy Vergara,PER,true
leidy vergara molina,Leidy Vergara Molina,PER,true
leidys cortés,Leidys Cortés,PER,true
leire martínez,Leire Martínez,PER,true
leison,Leison,PER,true
lele pons,Lele Pons,PER,true
lemon,Lemon,PER,true
lemus,Lemus,PER,true
lenard vanderaa,Lenard Vanderaa,PER,true
lenis martínez,Lenis Martínez,PER,true
lennart karl,Lennart Karl,PER,true
lenny,Lenny,PER,true
lenny fernández,Lenny Fernández,PER,true
lenny ruiz,Lenny Ruiz,PER,true
lenny tavárez,Lenny Tavárez,PER,true
lenín moreno,Lenín Moreno,PER,true
leo,Leo,PER,true
leo castro,Leo Castro,PER,true
leo espinosa,Leo Espinosa,PER,true
leo salcedo,Leo Salcedo,PER,true
leo sbaraglia,Leo Sbaraglia,PER,true
leo skiri,Leo Skiri,PER,true
leo virgo,Leo Virgo,PER,true
leodelvis acosta rodríguez,Leodelvis Acosta Rodríguez,PER,true
leon black,Leon Black,PER,true
leon xiv,León XIV,PER,true
leonai souza,Leonai Souza,PER,true
leonardo balerdi,Leonardo Balerdi,PER,true
leonardo castro,Leonardo Castro,PER,true
leonardo collazos,Leonardo Collazos,PER,true
leonardo dicaprio,Leonardo Dicaprio,PER,true
leonardo flores,Leonardo Flores,PER,true
leonardo gallego,Leonardo Gallego,PER,true
leonardo huerta,Leonardo Huerta,PER,true
leonardo jardim,Leonardo Jardim,PER,true
leonardo padura,Leonardo Padura,PER,true
leonardo suarez,Leonardo Suarez,PER,true
leoncio,Leoncio,PER,true
leonel álvarez,Leonel Álvarez,PER,true
leonela,Leonela,PER,true
leonela alemán,Leonela Alemán,PER,true
leonor,Leonor,PER,true
leonor espinosa,Leonor Espinosa,PER,true
leonora carrington,Leonora Carrington,PER,true
leopoldo,Leopoldo,PER,true
leopoldo durán,Leopoldo Durán,PER,true
leopoldo lópez,Leopoldo López,PER,true
lerber dimas,Lerber Dimas,PER,true
lerma,Lerma,PER,true
lester toledo,Lester Toledo,PER,true
letexier,Letexier,PER,true
letizia,Letizia,PER,true
letizia ortiz,Letizia Ortiz,PER,true
levy rincón,Levy Rincón,PER,true
lewandowski,Lewandowski,PER,true
lewi,Lewi,PER,true
lewis hamilton,Lewis Hamilton,PER,true
ley ángel,Ley Ángel,PER,true
leyton barrios,Leyton Barrios,PER,true
leyva,Leyva,PER,true
león,León,PER,true
león de greiff,León de Greiff,PER,true
león fredy muñoz,León Fredy Muñoz,PER,true
león morales,León Morales,PER,true
león tolstói,León Tolstói,PER,true
león xiv,León Xiv,PER,true
li de geely,Li de Geely,PER,true
liam,Liam,PER,true
liam gael,Liam Gael,PER,true
liam gael rodríguez,Liam Gael Rodríguez,PER,true
liam gallagher,Liam Gallagher,PER,true
liam payne,Liam Payne,PER,true
liam rodríguez,Liam Rodríguez,PER,true
libardo brochero,Libardo Brochero,PER,true
liborio cuéllar,Liborio Cuéllar,PER,true
libra,Libra,PER,true
libres,Libres,PER,true
licenciado cortillo,Licenciado Cortillo,PER,true
lidio garcia,Lidio García,PER,true
lidio garcía,Lidio García,PER,true
liendra,Liendra,PER,true
ligia del carmen,Ligia del Carmen,PER,true
lila moss,Lila Moss,PER,true
lili cristo nasser,Lili Cristo Nasser,PER,true
liliana,Liliana,PER,true
liliana borrero,Liliana Borrero,PER,true
liliana majana,Liliana Majana,PER,true
liliana martínez,Liliana Martínez,PER,true
liliana segovia,Liliana Segovia,PER,true
lilibeth chacón,Lilibeth Chacón,PER,true
lilo,Lilo,PER,true
lily collins,Lily Collins,PER,true
lily cristo,Lily Cristo,PER,true
lily cristo de sánchez,Lily Cristo de Sánchez,PER,true
lily cristo nasser,Lily Cristo Nasser,PER,true
lily godman,Lily Godman,PER,true
lina castillo,Lina Castillo,PER,true
lina cáceres,Lina Cáceres,PER,true
lina garrido,Lina Garrido,PER,true
lina lasso,Lina Lasso,PER,true
lina marcela castillo,Lina Marcela Castillo,PER,true
lina maría garrido,Lina María Garrido,PER,true
lina maría paniagua,Lina María Paniagua,PER,true
lina maría parra,Lina María Parra,PER,true
lina meruane,Lina Meruane,PER,true
lina moreno,Lina Moreno,PER,true
lina tejeiro,Lina Tejeiro,PER,true
lincoln palomeque,Lincoln Palomeque,PER,true
linda,Linda,PER,true
linda blair,Linda Blair,PER,true
linda caicedo,Linda Caicedo,PER,true
linda noskova,Linda Noskova,PER,true
linda nosková,Linda Nosková,PER,true
lindolfo,Lindolfo,PER,true
lindsay lohan,Lindsay Lohan,PER,true
lindsey collins,Lindsey Collins,PER,true
lindsey graham,Lindsey Graham,PER,true
link,Link,PER,true
lionel,Lionel,PER,true
lionel messi,Lionel Messi,PER,true
lionel mpasi,Lionel Mpasi,PER,true
lionel richie,Lionel Richie,PER,true
lionel scaloni,Lionel Scaloni,PER,true
liquidador,Liquidador,PER,true
lira,Lira,PER,true
lisa,Lisa,PER,true
lisa cook,Lisa Cook,PER,true
lisa kudrow,Lisa Kudrow,PER,true
lisandro junco,Lisandro Junco,PER,true
lisandro martínez,Lisandro Martínez,PER,true
lisandro meza,Lisandro Meza,PER,true
lisbeth fernández,Lisbeth Fernández,PER,true
lissette pinedo,Lissette Pinedo,PER,true
livi silva,Livi Silva,PER,true
livia chanes,Livia Chanes,PER,true
liyis murillo rodríguez,Liyis Murillo Rodríguez,PER,true
lizbeth robayo,Lizbeth Robayo,PER,true
lizcano,Lizcano,PER,true
llane,Llane,PER,true
llorca,Llorca,PER,true
lo celso,Lo Celso,PER,true
lobo,Lobo,PER,true
lobo menor,Lobo Menor,PER,true
lobos,Lobos,PER,true
locarno,Locarno,PER,true
lokillo,Lokillo,PER,true
lokillo flórez,Lokillo Flórez,PER,true
loko quintero,Loko Quintero,PER,true
lola,Lola,PER,true
lola montez,Lola Montez,PER,true
lolo,Lolo,PER,true
lombana,Lombana,PER,true
londian wason,Londian Wason,PER,true
looks,Looks,PER,true
lopes cabral,Lopes Cabral,PER,true
lopetegui,Lopetegui,PER,true
lopez fajardo,Lopez Fajardo,PER,true
lora,Lora,PER,true
lorangelly monsalvo,Lorangelly Monsalvo,PER,true
lorca,Lorca,PER,true
lorelei taron,Lorelei Tarón,PER,true
lorelei tarón,Lorelei Tarón,PER,true
lorena angarita,Lorena Angarita,PER,true
lorena fagua,Lorena Fagua,PER,true
lorena guerrero coka,Lorena Guerrero Coka,PER,true
lorena ocampo,Lorena Ocampo,PER,true
lorenza panero,Lorenza Panero,PER,true
lorenzo,Lorenzo,PER,true
lorenzo del mundial,Lorenzo del Mundial,PER,true
lorenzo muelas,Lorenzo Muelas,PER,true
lorenzo musetti,Lorenzo Musetti,PER,true
loro orejiamarillo,Loro Orejiamarillo,PER,true
los gallagher,Los Gallagher,PER,true
los mellos,Los Mellos,PER,true
losada,Losada,PER,true
lothar matthäus,Lothar Matthäus,PER,true
lou gehrig,Lou Gehrig,PER,true
louie,Louie,PER,true
louis,Louis,PER,true
louis-nicolás jandeaux,Louis-nicolás Jandeaux,PER,true
louise de sousa,Louise de Sousa,PER,true
lowe león,Lowe León,PER,true
lozano,Lozano,PER,true
luan santana,Luan Santana,PER,true
luca mezzetti,Luca Mezzetti,PER,true
luca parmitano,Luca Parmitano,PER,true
luca zidane,Luca Zidane,PER,true
lucas,Lucas,PER,true
lucas arnau,Lucas Arnau,PER,true
lucas gonzalez,Lucas González,PER,true
lucas gonzález,Lucas González,PER,true
lucas gámez,Lucas Gámez,PER,true
lucas jaramillo,Lucas Jaramillo,PER,true
lucas monzón,Lucas Monzón,PER,true
lucas paquetá,Lucas Paquetá,PER,true
lucas sampedro,Lucas Sampedro,PER,true
lucas trejo,Lucas Trejo,PER,true
lucas vignale,Lucas Vignale,PER,true
lucas villa,Lucas Villa,PER,true
lucca,Lucca,PER,true
luceidy rodríguez,Luceidy Rodríguez,PER,true
lucero,Lucero,PER,true
lucho,Lucho,PER,true
lucho 7,Lucho 7,PER,true
lucho amor,Lucho Amor,PER,true
lucho arango,Lucho Arango,PER,true
lucho bermúdez,Lucho Bermúdez,PER,true
lucho diaz,Lucho Díaz,PER,true
lucho díaz,Lucho Díaz,PER,true
lucho garzón,Lucho Garzón,PER,true
lucho salazar,Lucho Salazar,PER,true
lucho velasco,Lucho Velasco,PER,true
luchos,Luchos,PER,true
lucian freud,Lucian Freud,PER,true
luciana,Luciana,PER,true
luciana dangond,Luciana Dangond,PER,true
luciana roa,Luciana Roa,PER,true
luciano wernicke,Luciano Wernicke,PER,true
lucid,Lucid,PER,true
lucienne renaudin vary,Lucienne Renaudin Vary,PER,true
lucio,Lucio,PER,true
lucio s.a,Lucio S.a,PER,true
lucky,Lucky,PER,true
lucumí,Lucumí,PER,true
lucy,Lucy,PER,true
lucy davis,Lucy Davis,PER,true
lucy laborde,Lucy Laborde,PER,true
lucy marcela laborde betancourt,Lucy Marcela Laborde Betancourt,PER,true
lucy molinar,Lucy Molinar,PER,true
lucy vives,Lucy Vives,PER,true
lucía,Lucía,PER,true
lucía bautista,Lucía Bautista,PER,true
lucía méndez,Lucía Méndez,PER,true
lucía tamayo,Lucía Tamayo,PER,true
lucía torres,Lucía Torres,PER,true
ludmila vergara,Ludmila Vergara,PER,true
ludmila vergara rosales,Ludmila Vergara Rosales,PER,true
ludwika paleta,Ludwika Paleta,PER,true
luffy,Luffy,PER,true
lui,Lui,PER,true
luifer cuello,Luifer Cuello,PER,true
luigi 21 plus,Luigi 21 Plus,PER,true
luigi ciotti,Luigi Ciotti,PER,true
luigi echeverri,Luigi Echeverri,PER,true
luigi mangione,Luigi Mangione,PER,true
luis,Luis,PER,true
luis abel delgado,Luis Abel Delgado,PER,true
luis alberto,Luis Alberto,PER,true
luis alberto payares villa,Luis Alberto Payares Villa,PER,true
luis alberto posada,Luis Alberto Posada,PER,true
luis alberto tete samper,Luis Alberto Tete Samper,PER,true
luis alberto villota,Luis Alberto Villota,PER,true
luis albán,Luis Albán,PER,true
luis alfonso,Luis Alfonso,PER,true
luis alfredo garavito,Luis Alfredo Garavito,PER,true
luis alfredo ramos,Luis Alfredo Ramos,PER,true
luis almagro,Luis Almagro,PER,true
luis almario,Luis Almario,PER,true
luis andrés colmenares,Luis Andrés Colmenares,PER,true
luis arce,Luis Arce,PER,true
luis bernardo hurtado,Luis Bernardo Hurtado,PER,true
luis bonaparte,Luis Bonaparte,PER,true
luis borja,Luis Borja,PER,true
luis brandoni,Luis Brandoni,PER,true
luis buñuel,Luis Buñuel,PER,true
luis báez,Luis Báez,PER,true
luis caballero,Luis Caballero,PER,true
luis carlos galán,Luis Carlos Galán,PER,true
luis carlos gutiérrez,Luis Carlos Gutiérrez,PER,true
luis carlos reyes,Luis Carlos Reyes,PER,true
luis carlos sarmiento,Luis Carlos Sarmiento,PER,true
luis carlos sarmiento angulo,Luis Carlos Sarmiento Angulo,PER,true
luis carlos villegas,Luis Carlos Villegas,PER,true
luis carlos vélez,Luis Carlos Vélez,PER,true
luis de la fuente,Luis de la Fuente,PER,true
luis diaz,Luis Díaz,PER,true
luis diáz,Luis Diáz,PER,true
luis duque,Luis Duque,PER,true
luis díaz,Luis Díaz,PER,true
luis edmundo suárez,Luis Edmundo Suárez,PER,true
luis eduardo arango,Luis Eduardo Arango,PER,true
luis eduardo díaz,Luis Eduardo Díaz,PER,true
luis eduardo díaz mateus,Luis Eduardo Díaz Mateus,PER,true
luis eduardo vargas,Luis Eduardo Vargas,PER,true
luis enrique,Luis Enrique,PER,true
luis enrique abadía,Luis Enrique Abadía,PER,true
luis enrique méndez,Luis Enrique Méndez,PER,true
luis enrique rojas,Luis Enrique Rojas,PER,true
luis ernesto gómez,Luis Ernesto Gómez,PER,true
luis f. saldarriaga,Luis F. Saldarriaga,PER,true
luis f. velasco,Luis F. Velasco,PER,true
luis felipe,Luis Felipe,PER,true
luis felipe henao,Luis Felipe Henao,PER,true
luis felipe yague,Luis Felipe Yagüé,PER,true
luis felipe yagüe,Luis Felipe Yagüé,PER,true
luis fernando almario,Luis Fernando Almario,PER,true
luis fernando almario rojas,Luis Fernando Almario Rojas,PER,true
luis fernando andrade,Luis Fernando Andrade,PER,true
luis fernando llanos,Luis Fernando Llanos,PER,true
luis fernando mejía,Luis Fernando Mejía,PER,true
luis fernando montoya,Luis Fernando Montoya,PER,true
luis fernando muriel,Luis Fernando Muriel,PER,true
luis fernando reyes,Luis Fernando Reyes,PER,true
luis fernando suárez,Luis Fernando Suárez,PER,true
luis fernando velasco,Luis Fernando Velasco,PER,true
luis figo,Luis Figo,PER,true
luis fonsi,Luis Fonsi,PER,true
luis francisco bohórquez,Luis Francisco Bohórquez,PER,true
luis galarreta,Luis Galarreta,PER,true
luis gallón,Luis Gallón,PER,true
luis gerardo méndez,Luis Gerardo Méndez,PER,true
luis gilberto murillo,Luis Gilberto Murillo,PER,true
luis goyeneche,Luis Goyeneche,PER,true
luis goytisolo,Luis Goytisolo,PER,true
luis guillermo,Luis Guillermo,PER,true
luis guillermo de los ríos,Luis Guillermo de los Ríos,PER,true
luis guillermo perez,Luis Guillermo Pérez,PER,true
luis guillermo plata,Luis Guillermo Plata,PER,true
luis guillermo pérez,Luis Guillermo Pérez,PER,true
luis gustavo moreno,Luis Gustavo Moreno,PER,true
luis islas,Luis Islas,PER,true
luis javier suárez,Luis Javier Suárez,PER,true
luis josé rueda,Luis José Rueda,PER,true
luis m. lópez,Luis M. López,PER,true
luis manuel,Luis Manuel,PER,true
luis manuel otero alcántara,Luis Manuel Otero Alcántara,PER,true
luis mariano,Luis Mariano,PER,true
luis mariano diaz,Luis Mariano Díaz,PER,true
luis mariano díaz,Luis Mariano Díaz,PER,true
luis meneses,Luis Meneses,PER,true
luis miguel,Luis Miguel,PER,true
luis muriel,Luis Muriel,PER,true
luis méndez,Luis Méndez,PER,true
luis negrete blanco,Luis Negrete Blanco,PER,true
luis quintero,Luis Quintero,PER,true
luis quiñones,Luis Quiñones,PER,true
luis rendon,Luis Rendon,PER,true
luis roberto camacho,Luis Roberto Camacho,PER,true
luis roldán,Luis Roldán,PER,true
luis romo,Luis Romo,PER,true
luis rosales,Luis Rosales,PER,true
luis sinisterra,Luis Sinisterra,PER,true
luis suarez,Luis Suárez,PER,true
luis suárez,Luis Suárez,PER,true
luis tejada,Luis Tejada,PER,true
luis tete samper,Luis Tete Samper,PER,true
luis velasco,Luis Velasco,PER,true
luis vidales,Luis Vidales,PER,true
luis ángel díaz,Luis Ángel Díaz,PER,true
luis óscar galves,Luis Óscar Galves,PER,true
luisa,Luisa,PER,true
luisa castro,Luisa Castro,PER,true
luisa chimá,Luisa Chimá,PER,true
luisa duque,Luisa Duque,PER,true
luisa fernanda bermúdez,Luisa Fernanda Bermúdez,PER,true
luisa fernanda pulgarín,Luisa Fernanda Pulgarín,PER,true
luisa fernanda w,Luisa Fernanda W,PER,true
luisa fernández soto,Luisa Fernández Soto,PER,true
luisa postres,Luisa Postres,PER,true
luisa pulgarín,Luisa Pulgarín,PER,true
luisa vergara,Luisa Vergara,PER,true
luisa villegas,Luisa Villegas,PER,true
luisito comunica,Luisito Comunica,PER,true
luisra solano,Luisra Solano,PER,true
luister,Luister,PER,true
luister la voz,Luister la Voz,PER,true
luiz carlos barreto,Luiz Carlos Barreto,PER,true
luka modric,Luka Modric,PER,true
luka modrić,Luka Modrić,PER,true
lukaku,Lukaku,PER,true
lukas,Lukas,PER,true
lukas dhont,Lukas Dhont,PER,true
lula,Luiz Inácio Lula da Silva,PER,true
lula da silva,Lula da Silva,PER,true
luli pascualina,Luli Pascualina,PER,true
lulo,Lulo,PER,true
luly bossa,Luly Bossa,PER,true
lulú,Lulú,PER,true
lulú botero,Lulú Botero,PER,true
lumina,Lumina,PER,true
lummia,Lummia,PER,true
lumumba,Lumumba,PER,true
lumumba vea,Lumumba Vea,PER,true
lumunba,Lumunba,PER,true
luna anaya,Luna Anaya,PER,true
luna barreto,Luna Barreto,PER,true
luna pernía,Luna Pernía,PER,true
lupe,Lupe,PER,true
lupin,Lupin,PER,true
lupín,Lupín,PER,true
luque,Luque,PER,true
luquegi,Luquegi,PER,true
luquegi gil,Luquegi Gil,PER,true
luquegi gil neira,Luquegi Gil Neira,PER,true
luther king,Luther King,PER,true
lux,Lux,PER,true
lux de rosalía,Lux de Rosalía,PER,true
luz adriana camargo,Luz Adriana Camargo,PER,true
luz adriana vásquez,Luz Adriana Vásquez,PER,true
luz amparo álvarez,Luz Amparo Álvarez,PER,true
luz elena tatis,Luz Elena Tatis,PER,true
luz estella zapata pérez,Luz Estella Zapata Pérez,PER,true
luz estrada,Luz Estrada,PER,true
luz marina gordillo,Luz Marina Gordillo,PER,true
luz mery cárdenas,Luz Mery Cárdenas,PER,true
luz mery tristán,Luz Mery Tristán,PER,true
luz verónica estrada,Luz Verónica Estrada,PER,true
luz ángela,Luz Ángela,PER,true
lyda wilches,Lyda Wilches,PER,true
lyn may,Lyn May,PER,true
lynette howell taylor,Lynette Howell Taylor,PER,true
lápsus,Lápsus,PER,true
léo hamel,Léo Hamel,PER,true
lópez,López,PER,true
lópez cabral,López Cabral,PER,true
lópez obrador,López Obrador,PER,true
lópez pumarejo,López Pumarejo,PER,true
lópez romero,López Romero,PER,true
m. vargas,M. Vargas,PER,true
m6,M6,PER,true
ma. cecilia botero,Ma. Cecilia Botero,PER,true
mabel katz,Mabel Katz,PER,true
mabel lara,Mabel Lara,PER,true
mabel moreno,Mabel Moreno,PER,true
mac allister,Mac Allister,PER,true
mac master,Mac Master,PER,true
maca,Maca,PER,true
macabro,Macabro,PER,true
macaco,Macaco,PER,true
macafolla,Macafolla,PER,true
macalister silva,Macalister Silva,PER,true
macaulay culkin,Macaulay Culkin,PER,true
machado,Machado,PER,true
macho,Macho,PER,true
macho coca,Macho Coca,PER,true
macho viejo,Macho Viejo,PER,true
mackalister,Mackalister,PER,true
mackalister silva,David Mackalister Silva,PER,true
mackenzie dern,Mackenzie Dern,PER,true
macnelly,Macnelly,PER,true
macnelly torres,Macnelly Torres,PER,true
macondo,Macondo,PER,true
macron,Macron,PER,true
macumba,Macumba,PER,true
madden,Madden,PER,true
madonna,Madonna,PER,true
madre laura,Madre Laura,PER,true
madre pulga,Madre Pulga,PER,true
mads pedersen,Mads Pedersen,PER,true
madu carvalho,Madu Carvalho,PER,true
maduka okoye,Maduka Okoye,PER,true
maduro,Maduro,PER,true
mafapo,Mafapo,PER,true
mafe carrascal,Mafe Carrascal,PER,true
magistrada,Magistrada,PER,true
magistrada lombana,Magistrada Lombana,PER,true
magistrado,Magistrado,PER,true
magistrado ibáñez,Magistrado Ibáñez,PER,true
magistrado ramelli,Magistrado Ramelli,PER,true
magnier,Magnier,PER,true
magnolia garcía lugo,Magnolia García Lugo,PER,true
magnus,Magnus,PER,true
magola,Magola,PER,true
magritte,Magritte,PER,true
magui,Magui,PER,true
mahler,Mahler,PER,true
mahrez,Mahrez,PER,true
maia,Maia,PER,true
maicol,Maicol,PER,true
mailo,Mailo,PER,true
mainoo,Mainoo,PER,true
mainuki,Mainuki,PER,true
maisak,Maisak,PER,true
maisak skrillex,Maisak Skrillex,PER,true
maite perroni,Maite Perroni,PER,true
maitena,Maitena,PER,true
maja,Maja,PER,true
majida issa,Majida Issa,PER,true
malagón,Malagón,PER,true
malayo,Malayo,PER,true
malcolm deas,Malcolm Deas,PER,true
maldini,Maldini,PER,true
maloka,Maloka,PER,true
maloof,Maloof,PER,true
maloof habib,Maloof Habib,PER,true
malote,Malote,PER,true
maluma,Maluma,PER,true
mama gata,Mama Gata,PER,true
mamdani,Mamdani,PER,true
man,Man,PER,true
mana,Mana,PER,true
manchado,Manchado,PER,true
manchas,Manchas,PER,true
mancuso,Mancuso,PER,true
mandón,Mandón,PER,true
mane,Mane,PER,true
mane diaz,Mane Díaz,PER,true
mane díaz,Mane Díaz,PER,true
manel grau,Manel Grau,PER,true
manel pujol,Manel Pujol,PER,true
manelyk gonzález,Manelyk González,PER,true
mangione,Mangione,PER,true
manicurista,Manicurista,PER,true
manifold,Manifold,PER,true
manolo,Manolo,PER,true
manolo arjona,Manolo Arjona,PER,true
manolo bellon,Manolo Bellon,PER,true
manolo cardona,Manolo Cardona,PER,true
manolo solo,Manolo Solo,PER,true
manpowergroup,Manpowergroup,PER,true
manteco,Manteco,PER,true
manu,Manu,PER,true
manu carreño,Manu Carreño,PER,true
manu chao,Manu Chao,PER,true
manu gutiérrez,Manu Gutiérrez,PER,true
manuel,Manuel,PER,true
manuel alejandro,Manuel Alejandro,PER,true
manuel alejandro sessions,Manuel Alejandro Sessions,PER,true
manuel aragón,Manuel Aragón,PER,true
manuel arjona,Manuel Arjona,PER,true
manuel cubillos,Manuel Cubillos,PER,true
manuel fernández,Manuel Fernández,PER,true
manuel garcía rulfo,Manuel García Rulfo,PER,true
manuel garcía-rulfo,Manuel García-rulfo,PER,true
manuel grau,Manuel Grau,PER,true
manuel huerta,Manuel Huerta,PER,true
manuel josé,Manuel José,PER,true
manuel manolo maldonado,Manuel Manolo Maldonado,PER,true
manuel medrano,Manuel Medrano,PER,true
manuel mendoza,Manuel Mendoza,PER,true
manuel neuer,Manuel Neuer,PER,true
manuel sánchez,Manuel Sánchez,PER,true
manuel teodoro,Manuel Teodoro,PER,true
manuel trurizo,Manuel Trurizo,PER,true
manuel turizo,Manuel Turizo,PER,true
manuela bedoya,Manuela Bedoya,PER,true
manuela duque roldán,Manuela Duque Roldán,PER,true
manuela echeverri,Manuela Echeverri,PER,true
manuela echeverry,Manuela Echeverry,PER,true
manuela gonzález,Manuela González,PER,true
manuela gómez,Manuela Gómez,PER,true
manuela loaiza,Manuela Loaiza,PER,true
manuela martelli,Manuela Martelli,PER,true
manuela ocampo,Manuela Ocampo,PER,true
manuela qm,Manuela Qm,PER,true
manuela silva,Manuela Silva,PER,true
manuela sánchez goubert,Manuela Sánchez Goubert,PER,true
manuela vanegas,Manuela Vanegas,PER,true
manuela álvarez,Manuela Álvarez,PER,true
manuelita rodriguez,Manuelita Rodriguez,PER,true
manzambi,Manzambi,PER,true
manzur,Manzur,PER,true
maná,Maná,PER,true
mané,Mané,PER,true
maní,Maní,PER,true
mapp oea,Mapp Oea,PER,true
mar gómez,Mar Gómez,PER,true
maracucho,Maracucho,PER,true
maradona,Maradona,PER,true
maratonista,Maratonista,PER,true
marbelle,Marbelle,PER,true
marc anthony,Marc Anthony,PER,true
marc cucurella,Marc Cucurella,PER,true
marc hofstetter,Marc Hofstetter,PER,true
marc jacobs,Marc Jacobs,PER,true
marce,Marce,PER,true
marcel carné,Marcel Carné,PER,true
marcel patiño sedán,Marcel Patiño Sedán,PER,true
marcela abadía,Marcela Abadía,PER,true
marcela brun,Marcela Brun,PER,true
marcela brun vergara,Marcela Brun Vergara,PER,true
marcela gallego,Marcela Gallego,PER,true
marcela gómez,Marcela Gómez,PER,true
marcela gómez sepúlveda,Marcela Gómez Sepúlveda,PER,true
marcela monsalve,Marcela Monsalve,PER,true
marcela mosquera,Marcela Mosquera,PER,true
marcela noguera,Marcela Noguera,PER,true
marcela posada,Marcela Posada,PER,true
marcela restrepo,Marcela Restrepo,PER,true
marcela reyes,Marcela Reyes,PER,true
marcela ríos tobar,Marcela Ríos Tobar,PER,true
marcelo,Marcelo,PER,true
marcelo bielsa,Marcelo Bielsa,PER,true
marcelo cezán,Marcelo Cezán,PER,true
marcelo pecci,Marcelo Pecci,PER,true
marcelo rozo,Marcelo Rozo,PER,true
marcelo tinelli,Marcelo Tinelli,PER,true
marcia lucas,Marcia Lucas,PER,true
marco,Marco,PER,true
marco acosta,Marco Acosta,PER,true
marco rubio,Marco Rubio,PER,true
marco senesi,Marco Senesi,PER,true
marco silva,Marco Silva,PER,true
marcos carreño,Marcos Carreño,PER,true
marcos coll,Marcos Coll,PER,true
marcos gualotuna,Marcos Gualotuna,PER,true
marcos senesi,Marcos Senesi,PER,true
marcão,Marcão,PER,true
marelbys meza,Marelbys Meza,PER,true
marelen castillo,Marelen Castillo,PER,true
maren garcía,Maren García,PER,true
margaret atwood,Margaret Atwood,PER,true
margaret qualley,Margaret Qualley,PER,true
margareth chacón,Margareth Chacón,PER,true
margarita alvear,Margarita Alvear,PER,true
margarita bernal,Margarita Bernal,PER,true
margarita cabello,Margarita Cabello,PER,true
margarita conde sarmiento,Margarita Conde Sarmiento,PER,true
margarita guerra,Margarita Guerra,PER,true
margarita ortega,Margarita Ortega,PER,true
margarita rosa,Margarita Rosa,PER,true
marggy selene valdiris,Marggy Selene Valdiris,PER,true
margot,Margot,PER,true
margot robbie,Margot Robbie,PER,true
mari,Mari,PER,true
maria,Maria,PER,true
maria becerra,Maria Becerra,PER,true
maria camila potosi,María Camila Potosí,PER,true
maria carolina restrepo,María Carolina Restrepo,PER,true
maria clara posada,María Clara Posada,PER,true
maria claudia tarazona,María Claudia Tarazona,PER,true
maria consuelo araujo,Maria Consuelo Araujo,PER,true
maria corina machado,María Corina Machado,PER,true
maria eduarda rodrigues,Maria Eduarda Rodrigues,PER,true
maria elvira salazar,Maria Elvira Salazar,PER,true
maria fernanda,Maria Fernanda,PER,true
maria fernanda cabal,María Fernanda Cabal,PER,true
maria jose pizarro,María José Pizarro,PER,true
maria noemi arboleda,Maria Noemi Arboleda,PER,true
maria nohemi arboleda,Maria Nohemi Arboleda,PER,true
maria ramos,Maria Ramos,PER,true
mariam obregón,Mariam Obregón,PER,true
marian,Marian,PER,true
marian rojas estapé,Marian Rojas Estapé,PER,true
mariana asprilla,Mariana Asprilla,PER,true
mariana candela,Mariana Candela,PER,true
mariana gomez,Mariana Gomez,PER,true
mariana gómez,Mariana Gómez,PER,true
mariana mesa,Mariana Mesa,PER,true
mariana mozo,Mariana Mozo,PER,true
mariana pajón,Mariana Pajón,PER,true
mariana rondón,Mariana Rondón,PER,true
mariana tafur,Mariana Tafur,PER,true
mariana zapata,Mariana Zapata,PER,true
mariangel,Mariangel,PER,true
mariano closs,Mariano Closs,PER,true
mariano rajoy,Mariano Rajoy,PER,true
marie claire,Marie Claire,PER,true
marie claire gonzález,Marie Claire González,PER,true
mariel reyes,Mariel Reyes,PER,true
marilyn,Marilyn,PER,true
marilyn monroe,Marilyn Monroe,PER,true
marilyn patiño,Marilyn Patiño,PER,true
marina granziera,Marina Granziera,PER,true
marine le pen,Marine Le Pen,PER,true
mariness lezama,Mariness Lezama,PER,true
marino hinestroza,Marino Hinestroza,PER,true
mario alberto yepes,Mario Alberto Yepes,PER,true
mario alcocer,Mario Alcocer,PER,true
mario calderón,Mario Calderón,PER,true
mario cimarro,Mario Cimarro,PER,true
mario conde,Mario Conde,PER,true
mario de jesús álvarez gómez,Mario de Jesús Álvarez Gómez,PER,true
mario diaz-balart,Mario Diaz-balart,PER,true
mario díaz-balart,Mario Díaz-balart,PER,true
mario espitia,Mario Espitia,PER,true
mario fernández,Mario Fernández,PER,true
mario fernández alcocer,Mario Fernández Alcocer,PER,true
mario fuscaldo,Mario Fuscaldo,PER,true
mario hernandez,Mario Hernández,PER,true
mario hernández,Mario Hernández,PER,true
mario iguarán,Mario Iguarán,PER,true
mario kempes,Mario Kempes,PER,true
mario mendoza,Mario Mendoza,PER,true
mario montoya,Mario Montoya,PER,true
mario muñoz,Mario Muñoz,PER,true
mario pardo,Mario Pardo,PER,true
mario sábato,Mario Sábato,PER,true
mario urán,Mario Urán,PER,true
mario vanemerak,Mario Vanemerak,PER,true
mario vargas llosa,Mario Vargas Llosa,PER,true
mario villalobos,Mario Villalobos,PER,true
mario yepes,Mario Yepes,PER,true
marios oikonomou,Marios Oikonomou,PER,true
maritza aristizábal,Maritza Aristizábal,PER,true
mariángela,Mariángela,PER,true
marjane satrapi,Marjane Satrapi,PER,true
mark,Mark,PER,true
mark zuckerberg,Mark Zuckerberg,PER,true
marlaska,Marlaska,PER,true
marleyda soto,Marleyda Soto,PER,true
marlon,Marlon,PER,true
marlon alirio pérez,Marlon Alirio Pérez,PER,true
marlon duque,Marlon Duque,PER,true
marlon lora,Marlon Lora,PER,true
marlon perez,Marlon Perez,PER,true
marlon pérez,Marlon Pérez,PER,true
marlon torres,Marlon Torres,PER,true
marlon wayans,Marlon Wayans,PER,true
marlore anwandter,Marlore Anwandter,PER,true
marlos moreno,Marlos Moreno,PER,true
marly ospina,Marly Ospina,PER,true
marqués,Marqués,PER,true
marroncita,Marroncita,PER,true
marshall billingslea,Marshall Billingslea,PER,true
marta gómez,Marta Gómez,PER,true
marta gómez montero,Marta Gómez Montero,PER,true
marta liliana granados,Marta Liliana Granados,PER,true
marta lucia ramirez,Marta Lucia Ramirez,PER,true
marta lucía ramírez,Marta Lucía Ramírez,PER,true
marta moscarella,Marta Moscarella,PER,true
marta peralta,Marta Peralta,PER,true
martegani,Martegani,PER,true
martha,Martha,PER,true
martha amor,Martha Amor,PER,true
martha amor olaya,Martha Amor Olaya,PER,true
martha beltrán,Martha Beltrán,PER,true
martha carvajalino,Martha Carvajalino,PER,true
martha isabel bolaños,Martha Isabel Bolaños,PER,true
martha isabel porras,Martha Isabel Porras,PER,true
martha liliana ruiz,Martha Liliana Ruiz,PER,true
martha lillard,Martha Lillard,PER,true
martha lucía,Martha Lucía,PER,true
martha luz reyes,Martha Luz Reyes,PER,true
martha peralta,Martha Peralta,PER,true
martha sáchica,Martha Sáchica,PER,true
martin bala,Martin Bala,PER,true
martin baron,Martin Baron,PER,true
martin garrix,Martin Garrix,PER,true
martin heidegger,Martin Heidegger,PER,true
martin scorsese,Martin Scorsese,PER,true
martina camargo,Martina Camargo,PER,true
martina la peligrosa,Martina la Peligrosa,PER,true
martinelli,Martinelli,PER,true
martinson foster,Martinson Foster,PER,true
martín,Martín,PER,true
martín arzuaga,Martín Arzuaga,PER,true
martín bala,Martín Bala,PER,true
martín elías,Martín Elías,PER,true
martín palermo,Martín Palermo,PER,true
martín salcedo,Martín Salcedo,PER,true
martín santos,Martín Santos,PER,true
martín stereo,Martín Stereo,PER,true
martín vivas jiménez,Martín Vivas Jiménez,PER,true
martín zuleta,Martín Zuleta,PER,true
martínez,Martínez,PER,true
maruja,Maruja,PER,true
marulanda,Marulanda,PER,true
marvels,Marvels,PER,true
mary,Mary,PER,true
mary claire haver,Mary Claire Haver,PER,true
mary grueso,Mary Grueso,PER,true
mary hoyos,Mary Hoyos,PER,true
mary inés ussa sarri,Mary Inés Ussa Sarri,PER,true
mary jo,Mary Jo,PER,true
mary jo campbell,Mary Jo Campbell,PER,true
mary jo shannon,Mary Jo Shannon,PER,true
mary luz henao,Mary Luz Henao,PER,true
mary luz herrán,Mary Luz Herrán,PER,true
mary méndez,Mary Méndez,PER,true
mary rivera,Mary Rivera,PER,true
maryam botero,Maryam Botero,PER,true
maryi juliana,Maryi Juliana,PER,true
marylin monroe,Marylin Monroe,PER,true
maría afiuni,María Afiuni,PER,true
maría alejandra almendrales,María Alejandra Almendrales,PER,true
maría alejandra castaño,María Alejandra Castaño,PER,true
maría alejandra requena,María Alejandra Requena,PER,true
maría alejandra rocha,María Alejandra Rocha,PER,true
maría alejandra rojas,María Alejandra Rojas,PER,true
maría alexandra pacheco,María Alexandra Pacheco,PER,true
maría andrea godoy,María Andrea Godoy,PER,true
maría angélica mallarino,María Angélica Mallarino,PER,true
maría antonia,María Antonia,PER,true
maría antonia cuero,María Antonia Cuero,PER,true
maría arboleda arango,María Arboleda Arango,PER,true
maría becerra,María Becerra,PER,true
maría belén sáez,María Belén Sáez,PER,true
maría bernal,María Bernal,PER,true
maría berrío,María Berrío,PER,true
maría c. tarazona,María C. Tarazona,PER,true
maría camila,María Camila,PER,true
maría camila correa,María Camila Correa,PER,true
maría camila potosí,María Camila Potosí,PER,true
maría camilia potosí,María Camilia Potosí,PER,true
maría carolina hoyos,María Carolina Hoyos,PER,true
maría carolina hoyos turbay,María Carolina Hoyos Turbay,PER,true
maría carolina restrepo,María Carolina Restrepo,PER,true
maría cecilia botero,María Cecilia Botero,PER,true
maría clara posada,María Clara Posada,PER,true
maría claudia lacouture,María Claudia Lacouture,PER,true
maría claudia parias,María Claudia Parias,PER,true
maría claudia tarazona,María Claudia Tarazona,PER,true
maría conchita alonso,María Conchita Alonso,PER,true
maría consuelo araujo,María Consuelo Araujo,PER,true
maría consuelo araújo,María Consuelo Araújo,PER,true
maría corina,María Corina,PER,true
maría corina machado,María Corina Machado,PER,true
maría cristina lesmes,María Cristina Lesmes,PER,true
maría del jesús pinargote,María del Jesús Pinargote,PER,true
maría del mar chaverra,María del Mar Chaverra,PER,true
maría del mar garcía salinas,María del Mar García Salinas,PER,true
maría del mar pizarro,María del Mar Pizarro,PER,true
maría del pilar,María del Pilar,PER,true
maría del pilar correa,María del Pilar Correa,PER,true
maría del pilar paramero,María del Pilar Paramero,PER,true
maría elena villamil,María Elena Villamil,PER,true
maría elisa millán,María Elisa Millán,PER,true
maría elvira ramírez,María Elvira Ramírez,PER,true
maría elvira salazar,María Elvira Salazar,PER,true
maría eugenia otero,María Eugenia Otero,PER,true
maría fernanda cabal,María Fernanda Cabal,PER,true
maría fernanda carrascal,María Fernanda Carrascal,PER,true
maría fernanda delgado,María Fernanda Delgado,PER,true
maría fernanda herazo,María Fernanda Herazo,PER,true
maría fernanda lópez,María Fernanda López,PER,true
maría fernanda manotas,María Fernanda Manotas,PER,true
maría fernanda martínez,María Fernanda Martínez,PER,true
maría fernanda motas,María Fernanda Motas,PER,true
maría fernanda ortiz,María Fernanda Ortiz,PER,true
maría fernanda rojas,María Fernanda Rojas,PER,true
maría fernanda santa,María Fernanda Santa,PER,true
maría g. ábalos,María G. Ábalos,PER,true
maría gilma,María Gilma,PER,true
maría godoy,María Godoy,PER,true
maría helena doering,María Helena Doering,PER,true
maría helena döering,María Helena Döering,PER,true
maría isabel campo,María Isabel Campo,PER,true
maría isabel campo cuello,María Isabel Campo Cuello,PER,true
maría isabel rueda,María Isabel Rueda,PER,true
maría isabel ulloa,María Isabel Ulloa,PER,true
maría jimena duzán,María Jimena Duzán,PER,true
maría josé,María José,PER,true
maría josé charris,María José Charris,PER,true
maría josé martínez,María José Martínez,PER,true
maría josé marín,María José Marín,PER,true
maría josé navarro,María José Navarro,PER,true
maría josé pizarro,María José Pizarro,PER,true
maría josé rivas,María José Rivas,PER,true
maría josé rodríguez,María José Rodríguez,PER,true
maría la caprichosa,María la Caprichosa,PER,true
maría laura quintero,María Laura Quintero,PER,true
maría lorena gutiérrez botero,María Lorena Gutiérrez Botero,PER,true
maría lourdes afiuni,María Lourdes Afiuni,PER,true
maría lucía villalba,María Lucía Villalba,PER,true
maría macías,María Macías,PER,true
maría margarita giraldo,María Margarita Giraldo,PER,true
maría mercedes garcía,María Mercedes García,PER,true
maría mercedes ruiz,María Mercedes Ruiz,PER,true
maría mercedes sánchez,María Mercedes Sánchez,PER,true
maría montessori,María Montessori,PER,true
maría montserrat alvarado,María Montserrat Alvarado,PER,true
maría mulata,María Mulata,PER,true
maría nelly cortés,María Nelly Cortés,PER,true
maría noemí arboleda,María Noemí Arboleda,PER,true
maría nohemi arboleda,María Nohemi Arboleda,PER,true
maría nohemí arboleda,María Nohemí Arboleda,PER,true
maría ochoa,María Ochoa,PER,true
maría ortiz,María Ortiz,PER,true
maría paola suárez,María Paola Suárez,PER,true
maría paula jiménez,María Paula Jiménez,PER,true
maría paulina pérez,María Paulina Pérez,PER,true
maría paz chamorro mora,María Paz Chamorro Mora,PER,true
maría paz gaviria,María Paz Gaviria,PER,true
maría piedad,María Piedad,PER,true
maría piedad lópez vergara,María Piedad López Vergara,PER,true
maría potosí,María Potosí,PER,true
maría quevedo,María Quevedo,PER,true
maría roa,María Roa,PER,true
maría roa borjas,María Roa Borjas,PER,true
maría rocío cortés,María Rocío Cortés,PER,true
maría rocío cortés vargas,María Rocío Cortés Vargas,PER,true
maría rodrigues,María Rodrigues,PER,true
maría victoria pineda,María Victoria Pineda,PER,true
maría victoria polanco,María Victoria Polanco,PER,true
maría villate gaitán,María Villate Gaitán,PER,true
marín,Marín,PER,true
masaka kids,Masaka Kids,PER,true
masha,Masha,PER,true
mastantuono,Mastantuono,PER,true
masters del universo,Masters del Universo,PER,true
matador,Matador,PER,true
matamba,Matamba,PER,true
matamoros,Matamoros,PER,true
matarife,Matarife,PER,true
mateo,Mateo,PER,true
mateo arjona,Mateo Arjona,PER,true
mateo carvajal,Mateo Carvajal,PER,true
mateo castillo,Mateo Castillo,PER,true
mateo garcía,Mateo García,PER,true
mateo perez,Mateo Pérez,PER,true
mateo pérez,Mateo Pérez,PER,true
mateo ramirez,Mateo Ramírez,PER,true
mateo ramírez,Mateo Ramírez,PER,true
mateo salvatto,Mateo Salvatto,PER,true
mateo varela,Mateo Varela,PER,true
mateo yepes,Mateo Yepes,PER,true
mateta,Mateta,PER,true
mateus cunha,Mateus Cunha,PER,true
matheus cunha,Matheus Cunha,PER,true
mathieu van der poel,Mathieu Van Der Poel,PER,true
mathilde favier,Mathilde Favier,PER,true
mati barbero,Mati Barbero,PER,true
matilda,Matilda,PER,true
matilde díaz,Matilde Díaz,PER,true
matisse,Matisse,PER,true
matroda,Matroda,PER,true
matt damon,Matt Damon,PER,true
mattel,Mattel,PER,true
matthew ashley foster smith,Matthew Ashley Foster Smith,PER,true
matthew foster,Matthew Foster,PER,true
matthew mcconaughey,Matthew Mcconaughey,PER,true
matthew perry,Matthew Perry,PER,true
matthieu blazy,Matthieu Blazy,PER,true
maturana,Maturana,PER,true
matyury martínez,Matyury Martínez,PER,true
matías,Matías,PER,true
matías galarza,Matías Galarza,PER,true
mau,Mau,PER,true
maurel,Maurel,PER,true
maurice armitage,Maurice Armitage,PER,true
mauricio,Mauricio,LOC,true
mauricio barón,Mauricio Barón,PER,true
mauricio cabrera,Mauricio Cabrera,PER,true
mauricio campillo,Mauricio Campillo,PER,true
mauricio cardenas,Mauricio Cárdenas,PER,true
mauricio carmona,Mauricio Carmona,PER,true
mauricio cárdenas,Mauricio Cárdenas,PER,true
mauricio el quesero,Mauricio el Quesero,PER,true
mauricio gaona,Mauricio Gaona,PER,true
mauricio garcía villegas,Mauricio García Villegas,PER,true
mauricio gutiérrez,Mauricio Gutiérrez,PER,true
mauricio gómez,Mauricio Gómez,PER,true
mauricio hoyos,Mauricio Hoyos,PER,true
mauricio jaramillo,Mauricio Jaramillo,PER,true
mauricio jaramillo cuartas,Mauricio Jaramillo Cuartas,PER,true
mauricio josé jaramillo,Mauricio José Jaramillo,PER,true
mauricio lasso,Mauricio Lasso,PER,true
mauricio lenis,Mauricio Lenis,PER,true
mauricio leyva,Mauricio Leyva,PER,true
mauricio lizcano,Mauricio Lizcano,PER,true
mauricio macri,Mauricio Macri,PER,true
mauricio marín,Mauricio Marín,PER,true
mauricio mejía,Mauricio Mejía,PER,true
mauricio molina,Mauricio Molina,PER,true
mauricio molina álvarez,Mauricio Molina Álvarez,PER,true
mauricio ortiz,Mauricio Ortiz,PER,true
mauricio pava,Mauricio Pava,PER,true
mauricio pochettino,Mauricio Pochettino,PER,true
mauricio ramos,Mauricio Ramos,PER,true
mauricio reina,Mauricio Reina,PER,true
mauricio santoyo,Mauricio Santoyo,PER,true
mauricio tobon,Mauricio Tobon,PER,true
mauricio tobón,Mauricio Tobón,PER,true
mauricio toro,Mauricio Toro,PER,true
mauricio vargas,Mauricio Vargas,PER,true
mauricio vélez,Mauricio Vélez,PER,true
maurizio mariani,Maurizio Mariani,PER,true
mauro,Mauro,PER,true
mauro castillo,Mauro Castillo,PER,true
mauro menéndez,Mauro Menéndez,PER,true
mauro schmid,Mauro Schmid,PER,true
mauro silveira,Mauro Silveira,PER,true
mauro urquijo,Mauro Urquijo,PER,true
maverick,Maverick,PER,true
mavé,Mavé,PER,true
max beck,Max Beck,PER,true
max eberl,Max Eberl,PER,true
max henriquez,Max Henriquez,PER,true
max henríquez,Max Henríquez,PER,true
max holloway,Max Holloway,PER,true
max max,Max Max,PER,true
max miller,Max Miller,PER,true
max urbana,Max Urbana,PER,true
max verstappen,Max Verstappen,PER,true
maxi araujo,Maxi Araujo,PER,true
maximiliano,Maximiliano,PER,true
maximus,Maximus,PER,true
maya joint,Maya Joint,PER,true
mayak gyeran,Mayak Gyeran,PER,true
mayeidy,Mayeidy,PER,true
mayerly,Mayerly,PER,true
mayerly olaya,Rosa Mayerly Olaya,PER,true
mayor general,Mayor General,PER,true
mayr,Mayr,PER,true
mayra alejandra vera duarte,Mayra Alejandra Vera Duarte,PER,true
mayra ramírez,Mayra Ramírez,PER,true
mayra vera duarte,Mayra Vera Duarte,PER,true
maza márquez,Maza Márquez,PER,true
mazli,Mazli,PER,true
maía,Maía,PER,true
mañe,Mañe,PER,true
mbappe,Mbappe,PER,true
mbappe kane,Mbappe Kane,PER,true
mccain,Mccain,PER,true
mccartney,Mccartney,PER,true
mcdonagh,Mcdonagh,PER,true
mcdonalds,Mcdonalds,PER,true
mcgree,Mcgree,PER,true
mckennie,Mckennie,PER,true
mecha corta,Mecha Corta,PER,true
mechas,Mechas,PER,true
mecuc,Mecuc,PER,true
medardo arias,Medardo Arias,PER,true
medio labio,Medio Labio,PER,true
medvedev,Medvedev,PER,true
meeks,Meeks,PER,true
meg ryan,Meg Ryan,PER,true
megan,Megan,PER,true
megan fox,Megan Fox,PER,true
megaoperativo,Megaoperativo,PER,true
meghan,Meghan,PER,true
meghan markle,Meghan Markle,PER,true
meisel,Meisel,PER,true
meituan,Meituan,PER,true
mejía,Mejía,PER,true
mel brooks,Mel Brooks,PER,true
mel gibson,Mel Gibson,PER,true
melal siyoum,Melal Siyoum,PER,true
melanie,Melanie,PER,true
melanie pavola,Melanie Pavola,PER,true
melat siyoum,Melat Siyoum,PER,true
meli,Meli,PER,true
melina ramirez,Melina Ramirez,PER,true
melina ramírez,Melina Ramírez,PER,true
melissa,Melissa,PER,true
melissa fierro,Melissa Fierro,PER,true
melissa gate,Melissa Gate,PER,true
melissa martínez,Melissa Martínez,PER,true
melissa ávalos,Melissa Ávalos,PER,true
melnichenko,Melnichenko,PER,true
meluk,Meluk,PER,true
memin,Memin,PER,true
memo granados,Memo Granados,PER,true
memo ochoa,Memo Ochoa,PER,true
memo orozco,Memo Orozco,PER,true
memphis depay,Memphis Depay,PER,true
memín,Memín,PER,true
mencho,Mencho,PER,true
meneses,Meneses,PER,true
mengele,Mengele,PER,true
mennar,Mennar,PER,true
mercadeo,Mercadeo,PER,true
mercado caruso,Mercado Caruso,PER,true
mercar,Mercar,PER,true
mercedes garcía,Mercedes García,PER,true
mercy,Mercy,PER,true
merino,Merino,PER,true
merlier,Merlier,PER,true
merlín,Merlín,PER,true
merz,Merz,PER,true
messi,Messi,PER,true
messika,Messika,PER,true
mette-marit,Mette-marit,PER,true
mexicano,Mexicano,PER,true
mhoni vidente,Mhoni Vidente,PER,true
mia cataleya,Mía Cataleya,PER,true
mia couto,Mia Couto,PER,true
mia kataleya,Mia Kataleya,PER,true
mia kataleya ramírez,Mia Kataleya Ramírez,PER,true
mia khalifa,Mia Khalifa,PER,true
mia khataleya,Mia Khataleya,PER,true
michael,Michael,PER,true
michael 2,Michael 2,PER,true
michael bublé,Michael Bublé,PER,true
michael burry,Michael Burry,PER,true
michael byrne,Michael Byrne,PER,true
michael carrick,Michael Carrick,PER,true
michael estiven rodríguez,Michael Estiven Rodríguez,PER,true
michael fassbender,Michael Fassbender,PER,true
michael felipe santos,Michael Felipe Santos,PER,true
michael flores,Michael Flores,PER,true
michael hirst,Michael Hirst,PER,true
michael jackson,Michael Jackson,PER,true
michael jordan,Michael Jordan,PER,true
michael olise,Michael Olise,PER,true
michael page,Michael Page,PER,true
michael reid,Michael Reid,PER,true
michael salgado cassiani,Michael Salgado Cassiani,PER,true
michael schumacher,Michael Schumacher,PER,true
michael shifter,Michael Shifter,PER,true
michael valgren,Michael Valgren,PER,true
michael zheng,Michael Zheng,PER,true
michel jackson,Michel Jackson,PER,true
michel platini,Michel Platini,PER,true
michel torres,Michel Torres,PER,true
michelle bachelet,Michelle Bachelet,PER,true
michelle char,Michelle Char,PER,true
micher pérez fuentes,Micher Pérez Fuentes,PER,true
michiel vandeweert,Michiel Vandeweert,PER,true
michu cure,Michu Cure,PER,true
mick fern,Mick Fern,PER,true
mick jagger,Mick Jagger,PER,true
mickey,Mickey,PER,true
mickey barnes,Mickey Barnes,PER,true
micky ávila,Micky Ávila,PER,true
mico,Mico,PER,true
migue,Migue,PER,true
miguel,Miguel,PER,true
miguel a. bernal,Miguel A. Bernal,PER,true
miguel almirón,Miguel Almirón,PER,true
miguel andrés quintero,Miguel Andrés Quintero,PER,true
miguel angel borja,Miguel Angel Borja,PER,true
miguel angel pinto,Miguel Ángel Pinto,PER,true
miguel antonio santamaría dávila,Miguel Antonio Santamaría Dávila,PER,true
miguel bernad,Miguel Bernad,PER,true
miguel borja,Miguel Borja,PER,true
miguel bosé,Miguel Bosé,PER,true
miguel camelo,Miguel Camelo,PER,true
miguel castillo,Miguel Castillo,PER,true
miguel de cervantes,Miguel de Cervantes,PER,true
miguel de cervantes saavedra,Miguel de Cervantes Saavedra,PER,true
miguel díaz canel,Miguel Díaz Canel,PER,true
miguel díaz-canel,Miguel Díaz-canel,PER,true
miguel díaz‐canel,Miguel Díaz‐canel,PER,true
miguel farias,Miguel Farias,PER,true
miguel gomez,Miguel Gómez,PER,true
miguel gomez martinez,Miguel Gómez Martínez,PER,true
miguel gómez,Miguel Gómez,PER,true
miguel herrera,Miguel Herrera,PER,true
miguel huertas,Miguel Huertas,PER,true
miguel hurtado,Miguel Hurtado,PER,true
miguel maldonado,Miguel Maldonado,PER,true
miguel marulanda,Miguel Marulanda,PER,true
miguel marín,Miguel Marín,PER,true
miguel maza marquez,Miguel Maza Marquez,PER,true
miguel maza márquez,Miguel Maza Márquez,PER,true
miguel mejía,Miguel Mejía,PER,true
miguel mena,Miguel Mena,PER,true
miguel monsalve,Miguel Monsalve,PER,true
miguel ospino,Miguel Ospino,PER,true
miguel palacios,Miguel Palacios,PER,true
miguel polo,Miguel Polo,PER,true
miguel polo polo,Miguel Polo Polo,PER,true
miguel quintero,Miguel Quintero,PER,true
miguel rodríguez orejuela,Miguel Rodríguez Orejuela,PER,true
miguel ríos,Miguel Ríos,PER,true
miguel santamaría dávila,Miguel Santamaría Dávila,PER,true
miguel scime,Miguel Scime,PER,true
miguel sierra,Miguel Sierra,PER,true
miguel silva,Miguel Silva,PER,true
miguel uribe,Miguel Uribe,PER,true
miguel uribe londono,Miguel Uribe Londoño,PER,true
miguel uribe londoño,Miguel Uribe Londoño,PER,true
miguel uribe turbay,Miguel Uribe Turbay,PER,true
miguel varoni,Miguel Varoni,PER,true
miguel vergara,Miguel Vergara,PER,true
miguel zárate,Miguel Zárate,PER,true
miguel ángel,Miguel Ángel,PER,true
miguel ángel barreto,Miguel Ángel Barreto,PER,true
miguel ángel borja,Miguel Ángel Borja,PER,true
miguel ángel del río,Miguel Ángel del Río,PER,true
miguel ángel gómez,Miguel Ángel Gómez,PER,true
miguel ángel lotina,Miguel Ángel Lotina,PER,true
miguel ángel lópez,Miguel Ángel López,PER,true
miguel ángel pinto,Miguel Ángel Pinto,PER,true
miguel ángel sánchez,Miguel Ángel Sánchez,PER,true
miguelstereonline maicao,Miguelstereonline Maicao,PER,true
mike,Mike,PER,true
mike bahia,Mike Bahia,PER,true
mike fincke,Mike Fincke,PER,true
mike leigh,Mike Leigh,PER,true
mike myers,Mike Myers,PER,true
mike wazowski,Mike Wazowski,PER,true
mikel arteta,Mikel Arteta,PER,true
mikel merino,Mikel Merino,PER,true
mikel meriño,Mikel Meriño,PER,true
mikel oyarzabal,Mikel Oyarzabal,PER,true
mikey mills,Mikey Mills,PER,true
mikhail krasnov,Mikhail Krasnov,PER,true
mila,Mila,PER,true
milagros,Milagros,PER,true
milagros villamil,Milagros Villamil,PER,true
milan,Milan,PER,true
mileidy villada,Mileidy Villada,PER,true
milena,Milena,PER,true
miles davis,Miles Davis,PER,true
miley cyrus,Miley Cyrus,PER,true
milica,Milica,PER,true
milkman,Milkman,PER,true
milla patricia romero,Milla Patricia Romero,PER,true
milla romero,Milla Romero,PER,true
miller,Miller,PER,true
miller soto,Miller Soto,PER,true
milly alcock,Milly Alcock,PER,true
milo,Milo,PER,true
milo j,Milo J,PER,true
milo ventimiglia,Milo Ventimiglia,PER,true
milton cantante,Milton Cantante,PER,true
milton cerquera,Milton Cerquera,PER,true
milton chaparro,Milton Chaparro,PER,true
milton césar mesa,Milton César Mesa,PER,true
milton mesa,Milton Mesa,PER,true
milton restrepo,Milton Restrepo,PER,true
milú,Milú,PER,true
mimo garo,Mimo Garo,PER,true
mindo,Mindo,PER,true
mini uzi,Mini Uzi,PER,true
minminas edwin palma,Minminas Edwin Palma,PER,true
minvienda,Minvienda,PER,true
mireddys gonzález,Mireddys González,PER,true
miriam chebet,Miriam Chebet,PER,true
miriam tirado,Miriam Tirado,PER,true
miroslav jenča,Miroslav Jenča,PER,true
mirra andreeva,Mirra Andreeva,PER,true
mirra andréyeva,Mirra Andréyeva,PER,true
miryan,Miryan,PER,true
misael cadavid,Misael Cadavid,PER,true
misael martínez,Misael Martínez,PER,true
misael rodríguez,Misael Rodríguez,PER,true
misael torres,Misael Torres,PER,true
miura,Miura,PER,true
mj,Mj,PER,true
mo yan,Mo Yan,PER,true
moana,Moana,PER,true
mocho,Mocho,PER,true
modi,Modi,PER,true
modigliani,Modigliani,PER,true
modric,Modric,PER,true
mohamad qalibaf,Mohamad Qalibaf,PER,true
mohamed irfaan ali,Mohamed Irfaan Ali,PER,true
mohamed salah,Mohamed Salah,PER,true
mohammed manai,Mohammed Manai,PER,true
mohammed shahabuddin,Mohammed Shahabuddin,PER,true
moises,Moises,PER,true
moisés,Moisés,PER,true
mojica,Mojica,PER,true
mojtaba,Mojtaba,PER,true
mojtaba jamenei,Mojtaba Jamenei,PER,true
mojtaba jameneí,Mojtaba Jameneí,PER,true
molina,Molina,PER,true
molière,Molière,PER,true
molly bustamante,Molly Bustamante,PER,true
momo,Momo,PER,true
momoko seto,Momoko Seto,PER,true
mon laferte,Mon Laferte,PER,true
mona,Mona,PER,true
monaco,Monaco,PER,true
mondragón,Mondragón,PER,true
monedero,Monedero,PER,true
monet,Monet,PER,true
mongo,Mongo,PER,true
monito,Monito,PER,true
mono,Mono,PER,true
mono capuchino,Mono Capuchino,PER,true
mono huevo,Mono Huevo,PER,true
mono jojoy,Mono Jojoy,PER,true
mono milicio,Mono Milicio,PER,true
mono núñez,Mono Núñez,PER,true
monsenor,Monsenor,PER,true
monsenor rafael,Monsenor Rafael,PER,true
monseñor cárdenas,Monseñor Cárdenas,PER,true
monsieur perine,Monsieur Periné,PER,true
monsieur periné,Monsieur Periné,PER,true
montealegre,Montealegre,PER,true
montero,Montero,PER,true
montiel,Montiel,PER,true
montoya,Montoya,PER,true
montserrat,Montserrat,PER,true
montserrat alvarado,Montserrat Alvarado,PER,true
monzón,Monzón,PER,true
mor,Mor,PER,true
mora,Mora,PER,true
mora lópez,Mora López,PER,true
morales,Morales,PER,true
morcilla,Morcilla,PER,true
mordisco,Iván Mordisco,PER,true
morelia dávila,Morelia Dávila,PER,true
morelos,Morelos,PER,true
moreno,Moreno,PER,true
moreno mejía,Moreno Mejía,PER,true
morgan,Morgan,PER,true
morgan freeman,Morgan Freeman,PER,true
morin,Morin,PER,true
morocho,Morocho,PER,true
morrongo,Morrongo,PER,true
moscas,Moscas,PER,true
mosly,Mosly,PER,true
mosquera marmolejo,Mosquera Marmolejo,PER,true
motosierra,Motosierra,PER,true
mototaxista,Mototaxista,PER,true
mourinho,Mourinho,PER,true
mozart,Mozart,PER,true
mpasi,Mpasi,PER,true
mr black,Mr Black,PER,true
mr. beast,Mr. Beast,PER,true
mr. black,Mr. Black,PER,true
mr. h,Mr. H,PER,true
mr. stiven,Mr. Stiven,PER,true
mr. taxes,Mr. Taxes,PER,true
mr.black,Mr.black,PER,true
mrbeast,Mrbeast,PER,true
mucutuy,Mucutuy,PER,true
muelitas,Muelitas,PER,true
muhammad ali,Muhammad Ali,PER,true
mujica,Mujica,PER,true
mulino,Mulino,PER,true
murakami,Murakami,PER,true
muralidhar,Muralidhar,PER,true
murat,Murat,PER,true
murat yakin,Murat Yakin,PER,true
muriel,Muriel,PER,true
murio gabriel latorre,Murio Gabriel Latorre,PER,true
murtaugh,Murtaugh,PER,true
musa,Musa,PER,true
musa besaile,Musa Besaile,PER,true
musa besaile fayad,Musa Besaile Fayad,PER,true
musiala,Musiala,PER,true
muslera,Muslera,PER,true
mussolini,Mussolini,PER,true
muñoz,Muñoz,PER,true
muñoz olaya,Muñoz Olaya,PER,true
myke towers,Myke Towers,PER,true
mykee,Mykee,PER,true
myla,Myla,PER,true
myriam carolina martínez,Myriam Carolina Martínez,PER,true
myrian hernández,Myrian Hernández,PER,true
mábel lara,Mábel Lara,PER,true
márquez,Márquez,PER,true
máximo tedesco,Máximo Tedesco,PER,true
méndez,Méndez,PER,true
mía,Mía,PER,true
mía cataleya,Mía Cataleya,PER,true
mía catleya ramírez,Mía Catleya Ramírez,PER,true
mía colucci,Mía Colucci,PER,true
mía kathaleya,Mía Kathaleya,PER,true
mía ramírez,Mía Ramírez,PER,true
mónica,Mónica,PER,true
mónica albarracín,Mónica Albarracín,PER,true
mónica eugenia sánchez,Mónica Eugenia Sánchez,PER,true
mónica fonnegra,Mónica Fonnegra,PER,true
mónica lombana,Mónica Lombana,PER,true
mónica mesa,Mónica Mesa,PER,true
mónica moreno,Mónica Moreno,PER,true
mónica moreno realphe,Mónica Moreno Realphe,PER,true
mónica núñez,Mónica Núñez,PER,true
mónica pérez,Mónica Pérez,PER,true
mónica rocío lombana,Mónica Rocío Lombana,PER,true
mónica rodríguez,Mónica Rodríguez,PER,true
mónica savdié,Mónica Savdié,PER,true
mónica sánchez,Mónica Sánchez,PER,true
mónica urrea,Mónica Urrea,PER,true
n.n,N.n,PER,true
na hong-jin,Na Hong-jin,PER,true
nabil báladi,Nabil Báladi,PER,true
nacarid portal,Nacarid Portal,PER,true
nacho,Nacho,PER,true
nadia ferreira,Nadia Ferreira,PER,true
nadia plazas,Nadia Plazas,PER,true
nadin ortiz,Nadin Ortiz,PER,true
naferito,Naferito,PER,true
nagelsmann,Nagelsmann,PER,true
nahir galarza,Nahir Galarza,PER,true
nahuel bustos,Nahuel Bustos,PER,true
naim,Naim,PER,true
naim darrechi,Naim Darrechi,PER,true
nain,Nain,PER,true
nairo,Nairo,PER,true
nairo quintana,Nairo Quintana,PER,true
nairo quintanade,Nairo Quintanade,PER,true
naishtat,Naishtat,PER,true
nalfi blanco,Nalfi Blanco,PER,true
name,Name,PER,true
nana calistar,Nana Calistar,PER,true
nana kwaku bonsam,Nana Kwaku Bonsam,PER,true
nancy guerrero,Nancy Guerrero,PER,true
nancy guthrie,Nancy Guthrie,PER,true
nancy patricia gutiérrez,Nancy Patricia Gutiérrez,PER,true
nancy sojo zambrano,Nancy Sojo Zambrano,PER,true
nando,Nando,PER,true
nanis ochoa,Nanis Ochoa,PER,true
nanni moretti,Nanni Moretti,PER,true
nany pardo,Nany Pardo,PER,true
naomi osaka,Naomi Osaka,PER,true
napoleón,Napoleón,PER,true
narciso,Narciso,PER,true
narco vip,Narco Vip,PER,true
narcochofer,Narcochofer,PER,true
narcostore,Narcostore,PER,true
nardiplast,Nardiplast,PER,true
naren daryanani,Naren Daryanani,PER,true
narendra modi,Narendra Modi,PER,true
narizin,Narizin,PER,true
naruto,Naruto,PER,true
narváez,Narváez,PER,true
nasire best,Nasire Best,PER,true
nassr,Nassr,PER,true
natalia bautista,Natalia Bautista,PER,true
natalia bedoya,Natalia Bedoya,PER,true
natalia buitrago,Natalia Buitrago,PER,true
natalia castillo,Natalia Castillo,PER,true
natalia curvelo,Natalia Curvelo,PER,true
natalia fernandez,Natalia Fernández,PER,true
natalia fernández,Natalia Fernández,PER,true
natalia garizabal,Natalia Garizabal,PER,true
natalia gutiérrez,Natalia Gutiérrez,PER,true
natalia jiménez,Natalia Jiménez,PER,true
natalia laforucade,Natalia Laforucade,PER,true
natalia lafourcade,Natalia Lafourcade,PER,true
natalia linares,Natalia Linares,PER,true
natalia lopez,Natalia Lopez,PER,true
natalia lópez,Natalia López,PER,true
natalia mendieta,Natalia Mendieta,PER,true
natalia molano,Natalia Molano,PER,true
natalia palma,Natalia Palma,PER,true
natalia parís,Natalia París,PER,true
natalia ponce de león,Natalia Ponce de León,PER,true
natalia reyes,Natalia Reyes,PER,true
natalia santodomingo,Natalia Santodomingo,PER,true
natalia villalba,Natalia Villalba,PER,true
natalie ackermann,Natalie Ackermann,PER,true
natalie harp,Natalie Harp,PER,true
natalie ng,Natalie Ng,PER,true
nataly arbeláez,Nataly Arbeláez,PER,true
nataly torres,Nataly Torres,PER,true
nataly umaña,Nataly Umaña,PER,true
nataly vélez,Nataly Vélez,PER,true
natasha ward,Natasha Ward,PER,true
nate jacobs,Nate Jacobs,PER,true
nate morris,Nate Morris,PER,true
nathalia otálora,Nathalia Otálora,PER,true
nathan silver,Nathan Silver,PER,true
nathaniel morris,Nathaniel Morris,PER,true
nathy peluso,Nathy Peluso,PER,true
naty botero,Naty Botero,PER,true
navia,Navia,PER,true
nay,Nay,PER,true
nayely larrahondo,Nayely Larrahondo,PER,true
nayib bukele,Nayib Bukele,PER,true
naín,Naín,PER,true
nea alemán,Nea Alemán,PER,true
necar zadegan,Necar Zadegan,PER,true
ned,Ned,PER,true
neerlandés,Neerlandés,PER,true
negra,Negra,PER,true
negra candela,Negra Candela,PER,true
negrito,Negrito,PER,true
negro,Negro,PER,true
negro ober,Negro Ober,PER,true
negro primo,Negro Primo,PER,true
negro yolber,Negro Yolber,PER,true
neider garcía,Neider García,PER,true
neil cubides,Neil Cubides,PER,true
neill cubides,Neill Cubides,PER,true
neiser villarreal,Neiser Villarreal,PER,true
neiver madera ricardo,Neiver Madera Ricardo,PER,true
nellie,Nellie,PER,true
nellie oleson,Nellie Oleson,PER,true
nelson cuevas,Nelson Cuevas,PER,true
nelson deossa,Nelson Deossa,PER,true
nelson diosa,Nelson Diosa,PER,true
nelson fredy padilla,Nelson Fredy Padilla,PER,true
nelson hernández,Nelson Hernández,PER,true
nelson norbey quintero,Nelson Norbey Quintero,PER,true
nelson ramos,Nelson Ramos,PER,true
nelson sinisterra,Nelson Sinisterra,PER,true
nelson tapia,Nelson Tapia,PER,true
nelson velásquez,Nelson Velásquez,PER,true
nemonte nenquimo,Nemonte Nenquimo,PER,true
nencol,Nencol,PER,true
neon,Neon,PER,true
nerón,Nerón,PER,true
nestico,Nestico,PER,true
nestor lorenzo,Néstor Lorenzo,PER,true
nestorbo,Nestorbo,PER,true
netanyahu,Netanyahu,PER,true
neuer,Neuer,PER,true
neutro,Neutro,PER,true
neutro shorty,Neutro Shorty,PER,true
new glenn,New Glenn,PER,true
new yorker,New Yorker,PER,true
newlin,Newlin,PER,true
neymar,Neymar,PER,true
nhora mondragón,Nhora Mondragón,PER,true
nicaragüense alejandro serrano,Nicaragüense Alejandro Serrano,PER,true
niche sánchez,Niche Sánchez,PER,true
nicholas galtzine,Nicholas Galtzine,PER,true
nicholas hoult,Nicholas Hoult,PER,true
nicholls,Nicholls,PER,true
nick,Nick,PER,true
nick kyrgios,Nick Kyrgios,PER,true
nick reiner,Nick Reiner,PER,true
nicki nicole,Nicki Nicole,PER,true
nicky,Nicky,PER,true
nicky jam,Nicky Jam,PER,true
nico echavarría,Nico Echavarría,PER,true
nico schlotterbeck,Nico Schlotterbeck,PER,true
nico terol,Nico Terol,PER,true
nico williams,Nico Williams,PER,true
nicol cristina amaya,Nicol Cristina Amaya,PER,true
nicola cruz,Nicola Cruz,PER,true
nicolas barguil,Nicolás Barguil,PER,true
nicolas cage,Nicolas Cage,PER,true
nicolas maduro,Nicolás Maduro,PER,true
nicolas mejía,Nicolas Mejía,PER,true
nicolas petro,Nicolás Petro,PER,true
nicole amaya,Nicole Amaya,PER,true
nicole castañeda,Nicole Castañeda,PER,true
nicole scherzinger,Nicole Scherzinger,PER,true
nicole sánchez castillo,Nicole Sánchez Castillo,PER,true
nicolás,Nicolás,PER,true
nicolás alcocer,Nicolás Alcocer,PER,true
nicolás arrieta,Nicolás Arrieta,PER,true
nicolás barguil,Nicolás Barguil,PER,true
nicolás benedetti,Nicolás Benedetti,PER,true
nicolás castellano,Nicolás Castellano,PER,true
nicolás chiesa,Nicolás Chiesa,PER,true
nicolás cortés,Nicolás Cortés,PER,true
nicolás de zubiría,Nicolás de Zubiría,PER,true
nicolás echavarría,Nicolás Echavarría,PER,true
nicolás gallo,Nicolás Gallo,PER,true
nicolás grossman,Nicolás Grossman,PER,true
nicolás gómez,Nicolás Gómez,PER,true
nicolás gómez arenas,Nicolás Gómez Arenas,PER,true
nicolás johansen,Nicolás Johansen,PER,true
nicolás maduro,Nicolás Maduro,PER,true
nicolás mejía,Nicolás Mejía,PER,true
nicolás nohra,Nicolás Nohra,PER,true
nicolás otamendi,Nicolás Otamendi,PER,true
nicolás petro,Nicolás Petro,PER,true
nicolás pérez,Nicolás Pérez,PER,true
nicolás rincón gille,Nicolás Rincón Gille,PER,true
nicolás samper camargo,Nicolás Samper Camargo,PER,true
nicolás vallejo,Nicolás Vallejo,PER,true
nidia góngora,Nidia Góngora,PER,true
nieto,Nieto,PER,true
nieves,Nieves,PER,true
nigel farage,Nigel Farage,PER,true
nika,Nika,PER,true
nikkei,Nikkei,PER,true
niklas natt och dag,Niklas Natt Och Dag,PER,true
nimbus,Nimbus,PER,true
nina pizarro,Nina Pizarro,PER,true
nino guerrero,Niño Guerrero,PER,true
nirmal purja,Nirmal Purja,PER,true
nixon,Nixon,PER,true
niña pastori,Niña Pastori,PER,true
niñera,Niñera,PER,true
niño guerrero,Niño Guerrero,PER,true
niño prodigio,Niño Prodigio,PER,true
noah freud,Noah Freud,PER,true
noah schnapp,Noah Schnapp,PER,true
nobel,Nobel,PER,true
nobel de literatura,Nobel de Literatura,PER,true
nobel de paz,Nobel de Paz,PER,true
noboa,Noboa,PER,true
nodal,Nodal,PER,true
noel gallagher,Noel Gallagher,PER,true
noemí arboleda,Noemí Arboleda,PER,true
noemí casquet,Noemí Casquet,PER,true
noemí sanín,Noemí Sanín,PER,true
noguera,Noguera,PER,true
nohemí arboleda,Nohemí Arboleda,PER,true
nohemí pérez,Nohemí Pérez,PER,true
nohora cano,Nohora Cano,PER,true
nohra puyana,Nohra Puyana,PER,true
nolan,Nolan,PER,true
noma,Noma,PER,true
nona,Nona,PER,true
norberto mujica,Norberto Mujica,PER,true
norela daza figueroa,Norela Daza Figueroa,PER,true
norma hurtado,Norma Hurtado,PER,true
norma nivia,Norma Nivia,PER,true
norma parra,Norma Parra,PER,true
norma vera,Norma Vera,PER,true
norman alarcón,Norman Alarcón,PER,true
norman cabrera,Norman Cabrera,PER,true
norman chaparro,Norman Chaparro,PER,true
norris,Norris,PER,true
noskova,Noskova,PER,true
notebooklm,Notebooklm,PER,true
nova,Nova,PER,true
novak djokovic,Novak Djokovic,PER,true
novoa,Novoa,PER,true
nuam,Nuam,PER,true
nubia toloza,Nubia Toloza,PER,true
nuncio,Nuncio,PER,true
nuncio apostólico,Nuncio Apostólico,PER,true
nurit peled,Nurit Peled,PER,true
nuro,Nuro,PER,true
nydia quintero,Nydia Quintero,PER,true
nydia érika bautista,Nydia Érika Bautista,PER,true
náfer durán,Náfer Durán,PER,true
néiser,Néiser,PER,true
néiser villarreal,Néiser Villarreal,PER,true
nélson ramos,Nélson Ramos,PER,true
néstor clausen,Néstor Clausen,PER,true
néstor humberto,Néstor Humberto,PER,true
néstor humberto martínez,Néstor Humberto Martínez,PER,true
néstor javier celada ciceri,Néstor Javier Celada Ciceri,PER,true
néstor león camelo,Néstor León Camelo,PER,true
néstor lorenzo,Néstor Lorenzo,PER,true
néstor morales,Néstor Morales,PER,true
néstor pekerman,Néstor Pekerman,PER,true
néstor pékerman,Néstor Pékerman,PER,true
nórida rodríguez,Nórida Rodríguez,PER,true
núñez,Núñez,PER,true
nürburgring,Nürburgring,PER,true
oakley,Oakley,PER,true
obama,Obama,PER,true
ober,Ober,PER,true
oboya horticulture,Oboya Horticulture,PER,true
ocampo,Ocampo,PER,true
occam,Occam,PER,true
oceano cruz,Oceano Cruz,PER,true
ochoa,Ochoa,PER,true
octavio,Octavio,PER,true
octavio cardona,Octavio Cardona,PER,true
odin,Odin,PER,true
odinsa,Odinsa,PER,true
odinsa vías,Odinsa Vías,ORG,true
odiseo,Odiseo,PER,true
okc,Okc,PER,true
olav kooij,Olav Kooij,PER,true
olga albaladejo,Olga Albaladejo,PER,true
olga lucía sapuy,Olga Lucía Sapuy,PER,true
olga lucía velásquez,Olga Lucía Velásquez,PER,true
olga lucía zuluaga,Olga Lucía Zuluaga,PER,true
olga patricia salazar,Olga Patricia Salazar,PER,true
olga piedrahita,Olga Piedrahita,PER,true
olise,Olise,PER,true
oliver,Oliver,PER,true
oliver kahn,Oliver Kahn,PER,true
oliver laxe,Oliver Laxe,PER,true
oliver sinesterra,Oliver Sinesterra,PER,true
oliver tree,Oliver Tree,PER,true
oliveros,Oliveros,PER,true
olivia,Olivia,PER,true
olivia rodrigo,Olivia Rodrigo,PER,true
olivia wilde,Olivia Wilde,PER,true
olivier rousteing,Olivier Rousteing,PER,true
ollanta humala,Ollanta Humala,PER,true
olmedo lopez,Olmedo López,PER,true
olmedo lópez,Olmedo López,PER,true
olveiro pérez,Olveiro Pérez,PER,true
olveiro pérez mahecha,Olveiro Pérez Mahecha,PER,true
omaira pancho,Omaira Pancho,PER,true
omaira pancho sanza,Omaira Pancho Sanza,PER,true
omakase,Omakase,PER,true
oman,Oman,PER,true
omar abdulkadir artan,Omar Abdulkadir Artan,PER,true
omar alfanno,Omar Alfanno,PER,true
omar artan,Omar Artan,PER,true
omar bula,Omar Bula,PER,true
omar bula escobar,Omar Bula Escobar,PER,true
omar courtz,Omar Courtz,PER,true
omar fernández frasica,Omar Fernández Frasica,PER,true
omar geles,Omar Geles,PER,true
omar gonzález,Omar González,PER,true
omar lengerke,Omar Lengerke,PER,true
omar murillo,Omar Murillo,PER,true
omar pérez,Omar Pérez,PER,true
omar rayo,Omar Rayo,PER,true
omar vásquez,Omar Vásquez,PER,true
oppenheimer,Oppenheimer,PER,true
orbán,Orbán,PER,true
ordonez,Ordonez,PER,true
ordóñez,Ordóñez,PER,true
oreja,Oreja,PER,true
oreja de van gogh,Oreja de Van Gogh,PER,true
orgeni viera,Orgeni Viera,PER,true
orión,Orión,PER,true
orjan nyland,Orjan Nyland,PER,true
orlando dangond,Orlando Dangond,PER,true
orlando gill,Orlando Gill,PER,true
orlando medina,Orlando Medina,PER,true
orlando oquendo,Orlando Oquendo,PER,true
orlando sierra,Orlando Sierra,PER,true
ornella sierra,Ornella Sierra,PER,true
orsi,Orsi,PER,true
orsomarso,Orsomarso,PER,true
orzuelo,Orzuelo,PER,true
os,Os,PER,true
osama,Osama,PER,true
oscar davila,Óscar Dávila,PER,true
oscar onley,Oscar Onley,PER,true
oscar piastri,Oscar Piastri,PER,true
oscar sánchez,Oscar Sánchez,PER,true
oscar torres,Oscar Torres,PER,true
oscar tunjo,Oscar Tunjo,PER,true
oscarito,Oscarito,PER,true
osorio,Osorio,PER,true
ospina,Ospina,PER,true
osuna,Osuna,PER,true
osvaldo ríos,Osvaldo Ríos,PER,true
oswaldo cisneros,Oswaldo Cisneros,PER,true
oswaldo díaz,Oswaldo Díaz,PER,true
oswaldo ortiz,Oswaldo Ortiz,PER,true
otamendi,Otamendi,PER,true
otis,Otis,PER,true
otoniel,Otoniel,PER,true
otoniel pérez,Otoniel Pérez,PER,true
otto,Otto,PER,true
ottomar josé lascarro,Ottomar José Lascarro,PER,true
ottomar lascarro,Ottomar Lascarro,PER,true
ottomar lascarro torres,Ottomar Lascarro Torres,PER,true
otty patino,Otty Patiño,PER,true
otty patiño,Otty Patiño,PER,true
otón,Otón,PER,true
ousmane dembelé,Ousmane Dembelé,PER,true
ousmane dembélé,Ousmane Dembélé,PER,true
ovidio granados,Ovidio Granados,PER,true
ovidio granados melo,Ovidio Granados Melo,PER,true
oviedo,Oviedo,PER,true
owain rhys davies,Owain Rhys Davies,PER,true
oyarzabal,Oyarzabal,PER,true
ozuna,Ozuna,PER,true
ozzy osbourne,Ozzy Osbourne,PER,true
p. diddy,P. Diddy,PER,true
pabla flores,Pabla Flores,PER,true
pablito,Pablito,PER,true
pablo,Pablo,PER,true
pablo acuña,Pablo Acuña,PER,true
pablo alborán,Pablo Alborán,PER,true
pablo andrés rivas herazo,Pablo Andrés Rivas Herazo,PER,true
pablo arango,Pablo Arango,PER,true
pablo ardila,Pablo Ardila,PER,true
pablo bustos,Pablo Bustos,PER,true
pablo escobar,Pablo Escobar,PER,true
pablo fortaleza,Pablo Fortaleza,PER,true
pablo gómez,Pablo Gómez,PER,true
pablo lunati,Pablo Lunati,PER,true
pablo montoya,Pablo Montoya,PER,true
pablo navarrete,Pablo Navarrete,PER,true
pablo ortiz,Pablo Ortiz,PER,true
pablo peirano,Pablo Peirano,PER,true
pablo porras,Pablo Porras,PER,true
pablo repetto,Pablo Repetto,PER,true
pablo rivas herazo,Pablo Rivas Herazo,PER,true
pablo sabbag,Pablo Sabbag,PER,true
pablo yamasaki,Pablo Yamasaki,PER,true
pacho,Pacho,PER,true
pacho galán,Pacho Galán,PER,true
pacho maturana,Pacho Maturana,PER,true
pachón,Pachón,PER,true
paco,Paco,PER,true
paco benítez,Paco Benítez,PER,true
padres saavedra,Padres Saavedra,PER,true
page six,Page Six,PER,true
paisa,Paisa,PER,true
paisa ayuda,Paisa Ayuda,PER,true
paiva,Paiva,PER,true
pajarito,Pajarito,PER,true
pajoy,Pajoy,PER,true
pakistaní,Pakistaní,PER,true
pala,Pala,PER,true
palantir,Palantir,PER,true
palizada,Palizada,PER,true
palma,Palma,PER,true
palmer,Palmer,PER,true
paloma,Paloma,PER,true
paloma valencia,Paloma Valencia,PER,true
palomo,Palomo,PER,true
pam bondi,Pam Bondi,PER,true
pamela anderson,Pamela Anderson,PER,true
pamela martínez,Pamela Martínez,PER,true
pan-pot,Pan-pot,PER,true
panchito,Panchito,PER,true
panini,Panini,PER,true
pantera,Pantera,PER,true
panterita,Panterita,PER,true
pao,Pao,PER,true
paola andrea holguín,Paola Andrea Holguín,PER,true
paola dávila,Paola Dávila,PER,true
paola fernández,Paola Fernández,PER,true
paola gonzález,Paola González,PER,true
paola holguin,Paola Holguin,PER,true
paola holguín,Paola Holguín,PER,true
paola jara,Paola Jara,PER,true
paola jimena,Paola Jimena,PER,true
paola marquez,Paola Marquez,PER,true
paola meneses,Paola Meneses,PER,true
paola márquez,Paola Márquez,PER,true
paola ochoa,Paola Ochoa,PER,true
paola palmariny,Paola Palmariny,PER,true
paola penaloza,Paola Penaloza,PER,true
paola rey,Paola Rey,PER,true
paola turbay,Paola Turbay,PER,true
paolo almario,Paolo Almario,PER,true
paolo maldini,Paolo Maldini,PER,true
papasito,Papasito,PER,true
papo,Papo,PER,true
papucho,Papucho,PER,true
papá pitufo,Papá Pitufo,PER,true
paraguayo,Paraguayo,PER,true
parastoo ahmadi,Parastoo Ahmadi,PER,true
paredes,Paredes,PER,true
paris,Paris,PER,true
paris hilton,Paris Hilton,PER,true
paris jackson,Paris Jackson,PER,true
park,Park,PER,true
park geon-roung,Park Geon-roung,PER,true
parmenio medina,Parmenio Medina,PER,true
parra,Parra,PER,true
pascual álvarez,Pascual Álvarez,PER,true
pasteur,Pasteur,PER,true
pastor alape,Pastor Alape,PER,true
pastor ruiz mahecha,Pastor Ruiz Mahecha,PER,true
pastrana,Pastrana,PER,true
pata larga,Pata Larga,PER,true
pata pelua,Pata Pelua,PER,true
patek philippe,Patek Philippe,PER,true
patepalo,Patepalo,PER,true
patiño,Patiño,PER,true
patrice lumumba,Patrice Lumumba,PER,true
patricia acosta,Patricia Acosta,PER,true
patricia ariza,Patricia Ariza,PER,true
patricia calero,Patricia Calero,PER,true
patricia duque,Patricia Duque,PER,true
patricia grisales,Patricia Grisales,PER,true
patricia iriarte,Patricia Iriarte,PER,true
patricia janiot,Patricia Janiot,PER,true
patricia pardo,Patricia Pardo,PER,true
patricia restrepo,Patricia Restrepo,PER,true
patricia tamayo,Patricia Tamayo,PER,true
patricia urrea,Patricia Urrea,PER,true
patricio pron,Patricio Pron,PER,true
patrick bruel,Patrick Bruel,PER,true
patrick vieira,Patrick Vieira,PER,true
patrón,Patrón,PER,true
patsnap,Patsnap,PER,true
patón,Patón,PER,true
paul,Paul,PER,true
paul avery,Paul Avery,PER,true
paul magnier,Paul Magnier,PER,true
paul mccartney,Paul Mccartney,PER,true
paul pogba,Paul Pogba,PER,true
paul van dyk,Paul Van Dyk,PER,true
paula,Paula,PER,true
paula aguirre,Paula Aguirre,PER,true
paula albornoz,Paula Albornoz,PER,true
paula andrea betancur,Paula Andrea Betancur,PER,true
paula andrea ramírez,Paula Andrea Ramírez,PER,true
paula andrea ramírez barbosa,Paula Andrea Ramírez Barbosa,PER,true
paula arenas,Paula Arenas,PER,true
paula cortés calle,Paula Cortés Calle,PER,true
paula klein,Paula Klein,PER,true
paula leca,Paula Leca,PER,true
paula patiño,Paula Patiño,PER,true
paula pera,Paula Pera,PER,true
paula ramírez,Paula Ramírez,PER,true
paula rincón,Paula Rincón,PER,true
paulina ceballos,Paulina Ceballos,PER,true
paulina estrada,Paulina Estrada,PER,true
paulina rubio,Paulina Rubio,PER,true
paulina vega,Paulina Vega,PER,true
paulino riascos,Paulino Riascos,PER,true
paulo,Paulo,PER,true
paulo londra,Paulo Londra,PER,true
pauna,Pauna,PER,true
pautips,Pautips,PER,true
pava,Pava,PER,true
pavel durov,Pavel Durov,PER,true
pavlović,Pavlović,PER,true
pawlikowski,Pawlikowski,PER,true
payo,Payo,PER,true
paz urbana,Paz Urbana,PER,true
pbo. diego luis rendón,Pbo. Diego Luis Rendón,PER,true
peabo bryson,Peabo Bryson,PER,true
peaky blinders,Peaky Blinders,PER,true
pedersen,Pedersen,PER,true
pediatra,Pediatra,PER,true
pedri,Pedri,PER,true
pedro,Pedro,PER,true
pedro acuña,Pedro Acuña,PER,true
pedro agustín,Pedro Agustín,PER,true
pedro almodóvar,Pedro Almodóvar,PER,true
pedro antonio ordóñez,Pedro Antonio Ordóñez,PER,true
pedro arnulfo sánchez,Pedro Arnulfo Sánchez,PER,true
pedro carvajal,Pedro Carvajal,PER,true
pedro castillo,Pedro Castillo,PER,true
pedro de la torre,Pedro de la Torre,PER,true
pedro díaz romero,Pedro Díaz Romero,PER,true
pedro flórez,Pedro Flórez,PER,true
pedro gallese,Pedro Gallese,PER,true
pedro josé suárez,Pedro José Suárez,PER,true
pedro josé suárez vacca,Pedro José Suárez Vacca,PER,true
pedro julio movilla,Pedro Julio Movilla,PER,true
pedro lemebel,Pedro Lemebel,PER,true
pedro mario lópez,Pedro Mario López,PER,true
pedro marín,Pedro Marín,PER,true
pedro mauricio gutiérrez,Pedro Mauricio Gutiérrez,PER,true
pedro movilla,Pedro Movilla,PER,true
pedro méndez,Pedro Méndez,PER,true
pedro neto,Pedro Neto,PER,true
pedro ordóñez,Pedro Ordóñez,PER,true
pedro pablo siaucho,Pedro Pablo Siaucho,PER,true
pedro pascal,Pedro Pascal,PER,true
pedro pascasio,Pedro Pascasio,PER,true
pedro pascasio martínez,Pedro Pascasio Martínez,PER,true
pedro porro,Pedro Porro,PER,true
pedro ruiz,Pedro Ruiz,PER,true
pedro sanchez,Pedro Sánchez,PER,true
pedro suárez,Pedro Suárez,PER,true
pedro suárez vacca,Pedro Suárez Vacca,PER,true
pedro sánchez,Pedro Sánchez,PER,true
pedro tobón,Pedro Tobón,PER,true
pedro vergara,Pedro Vergara,PER,true
pegassi,Pegassi,PER,true
pekerman,Pekerman,PER,true
pekerman james,Pekerman James,PER,true
peladita,Peladita,PER,true
pele,Pele,PER,true
peluca,Peluca,PER,true
peluche,Peluche,PER,true
peláez,Peláez,PER,true
pelé,Pelé,PER,true
pelícano,Pelícano,PER,true
pemba,Pemba,PER,true
penagos,Penagos,PER,true
penalosa,Penalosa,PER,true
penarol,Penarol,PER,true
penca de sábila,Penca de Sábila,PER,true
penelope robin,Penelope Robin,PER,true
penent,Penent,PER,true
penélope cruz,Penélope Cruz,PER,true
penélope robin,Penélope Robin,PER,true
pep guardiola,Pep Guardiola,PER,true
pepe,Pepe,PER,true
pepe aguilar,Pepe Aguilar,PER,true
pepe habichuela,Pepe Habichuela,PER,true
perez hilton,Perez Hilton,PER,true
perico,Perico,PER,true
perico delgado,Perico Delgado,PER,true
perilla,Perilla,PER,true
perjudica,Perjudica,PER,true
perla,Perla,PER,true
perla4,Perla4,PER,true
perpetran,Perpetran,PER,true
perrito,Perrito,PER,true
perrito loco,Perrito Loco,PER,true
perseo,Perseo,PER,true
personero de chiriguaná,Personero de Chiriguaná,PER,true
peruano,Peruano,PER,true
perucho navarro,Perucho Navarro,PER,true
pescado picho,Pescado Picho,PER,true
pescador,Pescador,PER,true
pete docter,Pete Docter,PER,true
pete hegseth,Pete Hegseth,PER,true
peter,Peter,PER,true
peter albeiro,Peter Albeiro,PER,true
peter hujar,Peter Hujar,PER,true
peter manjarrés,Peter Manjarrés,PER,true
peter parker,Peter Parker,PER,true
peter van norden,Peter Van Norden,PER,true
petro,Gustavo Petro,PER,true
petroleaks,Petroleaks,PER,true
petrona,Petrona,PER,true
petronio,Petronio,PER,true
petronio álvarez,Petronio Álvarez,PER,true
petros,Petros,PER,true
peña,Peña,PER,true
peñalosa,Peñalosa,PER,true
pharrell williams,Pharrell Williams,PER,true
phil foden,Phil Foden,PER,true
philip morris,Philip Morris,PER,true
philipp lahm,Philipp Lahm,PER,true
philipsen,Philipsen,PER,true
phillip morris,Phillip Morris,PER,true
pibe,Pibe,PER,true
pibe valderrama,Pibe Valderrama,PER,true
pibes chorros,Pibes Chorros,PER,true
pica pica viejo,Pica Pica Viejo,PER,true
picasso,Picasso,PER,true
pichi,Pichi,PER,true
picis,Picis,PER,true
pico de loro,Pico de Loro,PER,true
picoloro,Picoloro,PER,true
pie grande,Pie Grande,PER,true
piedad urdinola,Piedad Urdinola,PER,true
pierluigi collina,Pierluigi Collina,PER,true
piero hincapié,Piero Hincapié,PER,true
pierre deny,Pierre Deny,PER,true
piers morgan,Piers Morgan,PER,true
pietro crespi,Pietro Crespi,PER,true
pieve,Pieve,PER,true
pilar quintana,Pilar Quintana,PER,true
pilar rodríguez,Pilar Rodríguez,PER,true
pilar rueda,Pilar Rueda,PER,true
pilar sanabria,Pilar Sanabria,PER,true
pilar schmitt,Pilar Schmitt,PER,true
pimpo,Pimpo,PER,true
pimpón,Pimpón,PER,true
pinedo,Pinedo,PER,true
pinilla,Pinilla,PER,true
pink,Pink,PER,true
pinky,Pinky,PER,true
pinochet,Pinochet,PER,true
pinocho,Pinocho,PER,true
pinto,Pinto,PER,true
pinzón,Pinzón,PER,true
piojo,Piojo,PER,true
piolín,Piolín,PER,true
pipe,Pipe,PER,true
pipe bueno,Pipe Bueno,PER,true
pipe calderón,Pipe Calderón,PER,true
pipe flórez,Pipe Flórez,PER,true
pipe peláez,Pipe Peláez,PER,true
pipe tulua,Pipe Tuluá,PER,true
pipe tuluá,Pipe Tuluá,PER,true
pique,Pique,PER,true
piquiña,Piquiña,PER,true
piqué,Piqué,PER,true
pirata,Pirata,PER,true
pirata patria,Pirata Patria,PER,true
pirlo,Pirlo,PER,true
pirobo,Pirobo,PER,true
pirra,Pirra,PER,true
pirry,Pirry,PER,true
piscis,Piscis,PER,true
pital,Pital,PER,true
pitbull,Pitbull,PER,true
piter albeiro,Piter Albeiro,PER,true
pitt,Pitt,PER,true
pitufo,Pitufo,PER,true
pix,Pix,PER,true
pixar,Pixar,PER,true
pizarro,Pizarro,PER,true
piñero,Piñero,PER,true
placebo,Placebo,PER,true
planeación,Planeación,PER,true
plantón,Plantón,PER,true
plas johnson,Plas Johnson,PER,true
plata,Plata,PER,true
platón,Platón,PER,true
player,Player,PER,true
plazas vega,Plazas Vega,PER,true
plinio,Plinio,PER,true
plinio apuleyo,Plinio Apuleyo,PER,true
plinio apuleyo mendoza,Plinio Apuleyo Mendoza,PER,true
plinio cedeño,Plinio Cedeño,PER,true
pluma blanca,Pluma Blanca,PER,true
pluribus,Pluribus,PER,true
plutarco urrutia,Plutarco Urrutia,PER,true
pochettino,Pochettino,PER,true
pocho,Pocho,PER,true
pocholo,Pocholo,PER,true
poderoso,Poderoso,PER,true
pogacar,Pogacar,PER,true
pogačar,Pogačar,PER,true
poiesis,Poiesis,PER,true
poin,Poin,PER,true
polilla,Polilla,PER,true
pollo carvajal,Pollo Carvajal,PER,true
polo,Polo,PER,true
polo polo,Miguel Polo Polo,PER,true
polvo,Polvo,PER,true
pomelito,Pomelito,PER,true
poncho,Poncho,PER,true
poncho herrera,Poncho Herrera,PER,true
poncho zuleta,Poncho Zuleta,PER,true
ponyo,Ponyo,PER,true
popeye,Popeye,PER,true
popovich,Popovich,PER,true
popular hania orozco,Popular Hania Orozco,PER,true
porcari,Porcari,PER,true
porras,Porras,PER,true
portillo,Portillo,PER,true
portinari,Portinari,PER,true
posa,Posa,PER,true
poseidón,Poseidón,PER,true
post malone,Post Malone,PER,true
potter,Potter,PER,true
prabowo,Prabowo,PER,true
premio nobel de física,Premio Nobel de Física,PER,true
prestamista,Prestamista,PER,true
prichard colón,Prichard Colón,PER,true
primo gay,Primo Gay,PER,true
primo rojas,Primo Rojas,PER,true
primoz roglic,Primoz Roglic,PER,true
primož roglič,Primož Roglič,PER,true
prince,Prince,PER,true
prince royce,Prince Royce,PER,true
princesa,Princesa,PER,true
princesa leonor,Princesa Leonor,PER,true
prison break,Prison Break,PER,true
procuradora,Procuradora,PER,true
profanan,Profanan,PER,true
profe,Profe,PER,true
profe jordi,Profe Jordi,PER,true
profesor de la unal,Profesor de la Unal,PER,true
profesor gamboa,Profesor Gamboa,PER,true
profesor salomón,Profesor Salomón,PER,true
prominar,Prominar,PER,true
prosantander,Prosantander,PER,true
prudente,Prudente,PER,true
príncipe de la canción,Príncipe de la Canción,PER,true
príncipe de las tinieblas,Príncipe de las Tinieblas,PER,true
príncipe guillermo,Príncipe Guillermo,PER,true
príncipe harry,Príncipe Harry,PER,true
pubill,Pubill,PER,true
puccini,Puccini,PER,true
puchis,Puchis,PER,true
pugna,Pugna,PER,true
puig,Puig,PER,true
puigdemont,Puigdemont,PER,true
pulgarín madrigal,Pulgarín Madrigal,PER,true
pulguita,Pulguita,PER,true
pulisic,Pulisic,PER,true
pulpo,Pulpo,PER,true
pulte,Pulte,PER,true
puma,Puma,PER,true
punch,Punch,PER,true
pupilo,Pupilo,PER,true
putin,Putin,PER,true
putintseva,Putintseva,PER,true
páramo,Páramo,PER,true
pável dúrov,Pável Dúrov,PER,true
pékerman,Pékerman,PER,true
pérez hilton,Pérez Hilton,PER,true
pérez mahecha,Pérez Mahecha,PER,true
qantas,Qantas,PER,true
qifrey,Qifrey,PER,true
qjmotor,Qjmotor,PER,true
quansah,Quansah,PER,true
queen,Queen,PER,true
queiroz,Queiroz,PER,true
quena ribadeneira,Quena Ribadeneira,PER,true
quentin tarantino,Quentin Tarantino,PER,true
querubín,Querubín,PER,true
quessep,Quessep,PER,true
quevedo,Quevedo,PER,true
quilcué,Quilcué,PER,true
quintero,Quintero,PER,true
quinto guerra,Quinto Guerra,PER,true
quiropráctico,Quiropráctico,PER,true
quiroz,Quiroz,PER,true
quiñones,Quiñones,PER,true
rabanne,Rabanne,PER,true
racero,Racero,PER,true
radamel falcao,Radamel Falcao,PER,true
radi,Radi,PER,true
radican,Radican,PER,true
rafa,Rafa,PER,true
rafa leão,Rafa Leão,PER,true
rafa nadal,Rafa Nadal,PER,true
rafa pérez,Rafa Pérez,PER,true
rafa taibo,Rafa Taibo,PER,true
rafael acevedo,Rafael Acevedo,PER,true
rafael albeiro chavarro,Rafael Albeiro Chavarro,PER,true
rafael antonio matera,Rafael Antonio Matera,PER,true
rafael antonio niño,Rafael Antonio Niño,PER,true
rafael bisquerra,Rafael Bisquerra,PER,true
rafael castillo,Rafael Castillo,PER,true
rafael correa,Rafael Correa,PER,true
rafael curruchiche,Rafael Curruchiche,PER,true
rafael dudamel,Rafael Dudamel,PER,true
rafael enrique cruz,Rafael Enrique Cruz,PER,true
rafael escalona,Rafael Escalona,PER,true
rafael fragozo,Rafael Fragozo,PER,true
rafael freyle,Rafael Freyle,PER,true
rafael guarín,Rafael Guarín,PER,true
rafael guillermo acevedo,Rafael Guillermo Acevedo,PER,true
rafael leão,Rafael Leão,PER,true
rafael martínez,Rafael Martínez,PER,true
rafael moreno,Rafael Moreno,PER,true
rafael nieto,Rafael Nieto,PER,true
rafael orozco,Rafael Orozco,PER,true
rafael oñate rivero,Rafael Oñate Rivero,PER,true
rafael pardo,Rafael Pardo,PER,true
rafael poveda,Rafael Poveda,PER,true
rafael quero,Rafael Quero,PER,true
rafael romero ángel,Rafael Romero Ángel,PER,true
rafael santos,Rafael Santos,PER,true
rafael santos borre,Rafael Santos Borre,PER,true
rafael santos borré,Rafael Santos Borré,PER,true
rafael santos díaz,Rafael Santos Díaz,PER,true
rafael zea,Rafael Zea,PER,true
rafaela cortés,Rafaela Cortés,PER,true
rafaella chávez,Rafaella Chávez,PER,true
rafiki,Rafiki,PER,true
rafita,Rafita,PER,true
raimundo malagón,Raimundo Malagón,PER,true
raimundo sala,Raimundo Sala,PER,true
rainiero,Rainiero,PER,true
rajoy,Rajoy,PER,true
ralf,Ralf,PER,true
ralf schumacher,Ralf Schumacher,PER,true
rama judicial,Rama Judicial,PER,true
rambo,Rambo,PER,true
ramelli,Ramelli,PER,true
ramen week,Ramen Week,PER,true
rami herrera,Rami Herrera,PER,true
rami malek,Rami Malek,PER,true
ramiro bejarano,Ramiro Bejarano,PER,true
ramiro valdés,Ramiro Valdés,PER,true
ramon jesurun,Ramón Jesurún,PER,true
ramos,Ramos,PER,true
ramírez,Ramírez,PER,true
ramón de jesús jesurún franco,Ramón de Jesús Jesurún Franco,PER,true
ramón freixa,Ramón Freixa,PER,true
ramón jesurun,Ramón Jesurun,PER,true
ramón jesurún,Ramón Jesurún,PER,true
ramón orlando maniglia,Ramón Orlando Maniglia,PER,true
ranean anciani,Ranean Anciani,PER,true
rangel,Rangel,PER,true
ransomware,Ransomware,PER,true
raphael,Raphael,PER,true
raphinha,Raphinha,PER,true
raphy leavitt,Raphy Leavitt,PER,true
rapidan,Rapidan,PER,true
rapunzel,Rapunzel,PER,true
raquel,Raquel,PER,true
raquel guerrero,Raquel Guerrero,PER,true
rashford,Rashford,PER,true
rasputín,Rasputín,PER,true
rata,Rata,PER,true
ratón,Ratón,PER,true
raul castro,Raúl Castro,PER,true
raul montes,Raúl Montes,PER,true
rausch bistró,Rausch Bistró,PER,true
rauw alejandro,Rauw Alejandro,PER,true
rawayana,Rawayana,PER,true
ray-ban,Ray-ban,PER,true
rayan cherki,Rayan Cherki,PER,true
raúl blanco,Raúl Blanco,PER,true
raúl castro,Raúl Castro,PER,true
raúl delgado,Raúl Delgado,PER,true
raúl giraldo,Raúl Giraldo,PER,true
raúl gonzález,Raúl González,PER,true
raúl jiménez,Raúl Jiménez,PER,true
raúl montes,Raúl Montes,PER,true
raúl ocampo,Raúl Ocampo,PER,true
raúl reyes,Raúl Reyes,PER,true
raúl rodríguez castro,Raúl Rodríguez Castro,PER,true
raúl soto,Raúl Soto,PER,true
raúl sánchez,Raúl Sánchez,PER,true
reciclador,Reciclador,PER,true
rectora,Rectora,PER,true
regaño,Regaño,PER,true
reggaetonero wisin,Reggaetonero Wisin,PER,true
rehusen martínez,Rehusen Martínez,PER,true
reina camila,Reina Camila,PER,true
reina camilla,Reina Camilla,PER,true
reina letizia,Reina Letizia,PER,true
reina margarita de dinamarca,Reina Margarita de Dinamarca,PER,true
reinaldo maldonado,Reinaldo Maldonado,PER,true
reinaldo rueda,Reinaldo Rueda,PER,true
relatora,Relatora,PER,true
rember,Rember,PER,true
rembrandt,Rembrandt,PER,true
remco evenepoel,Remco Evenepoel,PER,true
remezon,Remezon,PER,true
remezón,Remezón,PER,true
renacua,Renacua,PER,true
renata lozano,Renata Lozano,PER,true
renata peñalosa,Renata Peñalosa,PER,true
renato siebert,Renato Siebert,PER,true
rendón,Rendón,PER,true
rene higuita,René Higuita,PER,true
rengifo,Rengifo,PER,true
renzo,Renzo,PER,true
renzo meneses,Renzo Meneses,PER,true
rené higuita,René Higuita,PER,true
repetto,Repetto,PER,true
rescatista,Rescatista,PER,true
restrepo,Restrepo,PER,true
revolcon,Revolcon,PER,true
revolcón,Revolcón,PER,true
rey,Rey,PER,true
rey del pop,Rey del Pop,PER,true
rey guerrero,Rey Guerrero,PER,true
reyes,Reyes,PER,true
reykon,Reykon,PER,true
reynaldo armas,Reynaldo Armas,PER,true
reynaldo ortiz,Reynaldo Ortiz,PER,true
rhaenyra,Rhaenyra,PER,true
ricardo,Ricardo,PER,true
ricardo alarcón,Ricardo Alarcón,PER,true
ricardo arango,Ricardo Arango,PER,true
ricardo arjona,Ricardo Arjona,PER,true
ricardo ayerbe,Ricardo Ayerbe,PER,true
ricardo bonilla,Ricardo Bonilla,PER,true
ricardo darín,Ricardo Darín,PER,true
ricardo henao,Ricardo Henao,PER,true
ricardo herrera,Ricardo Herrera,PER,true
ricardo leyva,Ricardo Leyva,PER,true
ricardo montaner,Ricardo Montaner,PER,true
ricardo olea,Ricardo Olea,PER,true
ricardo orrego,Ricardo Orrego,PER,true
ricardo raphael,Ricardo Raphael,PER,true
ricardo roa,Ricardo Roa,PER,true
ricardo salinas,Ricardo Salinas,PER,true
ricardo salinas pliego,Ricardo Salinas Pliego,PER,true
ricardo torres,Ricardo Torres,PER,true
ricardo torres castro,Ricardo Torres Castro,PER,true
ricardo vesga,Ricardo Vesga,PER,true
ricardo vélez,Ricardo Vélez,PER,true
ricardo ávila,Ricardo Ávila,PER,true
richard alexander caicedo,Richard Alexander Caicedo,PER,true
richard alexander caicedo rico,Richard Alexander Caicedo Rico,PER,true
richard branson,Richard Branson,PER,true
richard caicedo,Richard Caicedo,PER,true
richard caicedo rico,Richard Caicedo Rico,PER,true
richard carapaz,Richard Carapaz,PER,true
richard flórez,Richard Flórez,PER,true
richard páez,Richard Páez,PER,true
richard rios,Richard Ríos,PER,true
richard ríos,Richard Ríos,PER,true
rick scott,Rick Scott,PER,true
ricky,Ricky,PER,true
ricky martin,Ricky Martin,PER,true
ridazo,Ridazo,PER,true
ridley scott,Ridley Scott,PER,true
rifirrafe,Rifirrafe,PER,true
rigo,Rigo,PER,true
rigoberto urán,Rigoberto Urán,PER,true
rihanna,Rihanna,PER,true
riho terras,Riho Terras,PER,true
rikarena,Rikarena,PER,true
riky,Riky,PER,true
rina,Rina,PER,true
rincón,Rincón,PER,true
ringo,Ringo,PER,true
rinkēvičs,Rinkēvičs,PER,true
riopalia,Riopalia,PER,true
riquelme,Riquelme,PER,true
risas,Risas,PER,true
rita fernández,Rita Fernández,PER,true
ritvales,Ritvales,PER,true
riv,Riv,PER,true
rivadavia,Rivadavia,PER,true
rivelino,Rivelino,PER,true
rivera,Rivera,PER,true
riveros bazzani,Riveros Bazzani,PER,true
roa,Roa,PER,true
rob dieperink,Rob Dieperink,PER,true
rob reiner,Rob Reiner,PER,true
robb,Robb,PER,true
robbie williams,Robbie Williams,PER,true
robert andrés plazas,Robert Andrés Plazas,PER,true
robert cerchar charris,Robert Cerchar Charris,PER,true
robert de niro,Robert de Niro,PER,true
robert downey jr,Robert Downey Jr,PER,true
robert farah,Robert Farah,PER,true
robert gilman,Robert Gilman,PER,true
robert graves,Robert Graves,PER,true
robert lewandowski,Robert Lewandowski,PER,true
robert pattinson,Robert Pattinson,PER,true
robert plazas,Robert Plazas,PER,true
roberta metsola,Roberta Metsola,PER,true
roberto alvo,Roberto Alvo,PER,true
roberto angulo,Roberto Angulo,PER,true
roberto angulo garcía,Roberto Angulo García,PER,true
roberto ayala,Roberto Ayala,PER,true
roberto benes,Roberto Benes,PER,true
roberto camacho,Roberto Camacho,PER,true
roberto camacho prada,Roberto Camacho Prada,PER,true
roberto carlos,Roberto Carlos,PER,true
roberto cavalli,Roberto Cavalli,PER,true
roberto deniz,Roberto Deniz,PER,true
roberto escobar,Roberto Escobar,PER,true
roberto esquenazi,Roberto Esquenazi,PER,true
roberto josé tercero,Roberto José Tercero,PER,true
roberto josé tercero solano,Roberto José Tercero Solano,PER,true
roberto lopes,Roberto Lopes,PER,true
roberto mancini,Roberto Mancini,PER,true
roberto manrique,Roberto Manrique,PER,true
roberto marrero,Roberto Marrero,PER,true
roberto martínez,Roberto Martínez,PER,true
roberto moreno,Roberto Moreno,PER,true
roberto moreno mejía,Roberto Moreno Mejía,PER,true
roberto ortiz,Roberto Ortiz,PER,true
roberto pombo,Roberto Pombo,PER,true
roberto prieto,Roberto Prieto,PER,true
roberto ramírez,Roberto Ramírez,PER,true
roberto romano,Roberto Romano,PER,true
roberto rubiano vargas,Roberto Rubiano Vargas,PER,true
roberto sanchez,Roberto Sánchez,PER,true
roberto solano,Roberto Solano,PER,true
roberto solano navarra,Roberto Solano Navarra,PER,true
roberto sánchez,Roberto Sánchez,PER,true
roberto tercero solano navarra,Roberto Tercero Solano Navarra,PER,true
roberto velásquez,Roberto Velásquez,PER,true
robi draco rosa,Robi Draco Rosa,PER,true
robin hood,Robin Hood,PER,true
robin williams,Robin Williams,PER,true
robincito,Robincito,PER,true
robinsito,Robinsito,PER,true
robinson castillo charris,Robinson Castillo Charris,PER,true
robinson díaz,Robinson Díaz,PER,true
roby texeira,Roby Texeira,PER,true
rochi stevenson,Rochi Stevenson,PER,true
rochi stivenson,Rochi Stivenson,PER,true
rockero,Rockero,PER,true
rocky,Rocky,PER,true
rocky balboa,Rocky Balboa,PER,true
rocío acosta,Rocío Acosta,PER,true
rocío barrios,Rocío Barrios,PER,true
rocío dussán,Rocío Dussán,PER,true
rocío salas,Rocío Salas,PER,true
rocío san miguel,Rocío San Miguel,PER,true
rod stewart,Rod Stewart,PER,true
rodallega,Rodallega,PER,true
rodolfo,Rodolfo,PER,true
rodolfo de paoli,Rodolfo de Paoli,PER,true
rodolfo hernández,Rodolfo Hernández,PER,true
rodolfo morales,Rodolfo Morales,PER,true
rodri,Rodri,PER,true
rodri hernández,Rodri Hernández,PER,true
rodrigo botero,Rodrigo Botero,PER,true
rodrigo candamil,Rodrigo Candamil,PER,true
rodrigo contreras,Rodrigo Contreras,PER,true
rodrigo de paul,Rodrigo de Paul,PER,true
rodrigo hernández,Rodrigo Hernández,PER,true
rodrigo lara,Rodrigo Lara,PER,true
rodrigo londono,Rodrigo Londoño,PER,true
rodrigo londoño,Rodrigo Londoño,PER,true
rodrigo niebles botero,Rodrigo Niebles Botero,PER,true
rodrigo paz,Rodrigo Paz,PER,true
rodrigo rojas,Rodrigo Rojas,PER,true
rodrigo salazar,Rodrigo Salazar,PER,true
rodrigo uprimny,Rodrigo Uprimny,PER,true
rodrigo ureña,Rodrigo Ureña,PER,true
rodríguez,Rodríguez,PER,true
rodríguez orejuela,Rodríguez Orejuela,PER,true
rodríguez zapatero,José Luis Rodríguez Zapatero,PER,true
rogelio salmona,Rogelio Salmona,PER,true
roger bacon,Roger Bacon,PER,true
roger font,Roger Font,PER,true
roger martínez,Roger Martínez,PER,true
roger mina,Roger Mina,PER,true
roger stone,Roger Stone,PER,true
roger taylor,Roger Taylor,PER,true
rogers devia,Rogers Devia,PER,true
rogers mauricio devia,Rogers Mauricio Devia,PER,true
rojas,Rojas,PER,true
rojas pinilla,Rojas Pinilla,PER,true
rojo,Rojo,PER,true
rolando gonzález,Rolando González,PER,true
rolando ochoa,Rolando Ochoa,PER,true
roldan,Roldan,PER,true
roldán,Roldán,PER,true
rolex,Rolex,PER,true
rolling ruanas,Rolling Ruanas,PER,true
romario,Romario,PER,true
romel arévalo,Romel Arévalo,PER,true
romelio martínez,Romelio Martínez,PER,true
romeo,Romeo,PER,true
romeo santos,Romeo Santos,PER,true
romero,Romero,PER,true
romina pourmokhtari,Romina Pourmokhtari,PER,true
román,Román,PER,true
román camacho,Román Camacho,PER,true
román quintero,Román Quintero,PER,true
romário,Romário,PER,true
ron acusador,Ron Acusador,PER,true
ronal longa,Ronal Longa,PER,true
ronald housni jaller,Ronald Housni Jaller,PER,true
ronald koeman,Ronald Koeman,PER,true
ronaldinho,Ronaldinho,PER,true
ronaldo,Ronaldo,PER,true
ronaldo nazário,Ronaldo Nazário,PER,true
ronaldo pájaro,Ronaldo Pájaro,PER,true
ronan farrow,Ronan Farrow,PER,true
ronda rousey,Ronda Rousey,PER,true
roni kaplan,Roni Kaplan,PER,true
ronny,Ronny,PER,true
roro,Roro,PER,true
rosa dory chaparro,Rosa Dory Chaparro,PER,true
rosa elvia velasco,Rosa Elvia Velasco,PER,true
rosa elvira cely,Rosa Elvira Cely,PER,true
rosa mayerly,Rosa Mayerly,PER,true
rosa mayerly olaya,Rosa Mayerly Olaya,PER,true
rosa muñoz,Rosa Muñoz,PER,true
rosa olaya,Rosa Olaya,PER,true
rosa rosado,Rosa Rosado,PER,true
rosa villavicencio,Rosa Villavicencio,PER,true
rosalbina bautista,Rosalbina Bautista,PER,true
rosalia,Rosalia,PER,true
rosalina bautista,Rosalina Bautista,PER,true
rosalía,Rosalía,PER,true
rosalín orozco becerra,Rosalín Orozco Becerra,PER,true
rosario caldas,Rosario Caldas,PER,true
rosario lópez,Rosario López,PER,true
rosas,Rosas,PER,true
rosine dallos,Rosine Dallos,PER,true
rosita,Rosita,PER,true
rosita jiménez,Rosita Jiménez,PER,true
rosmery maturana,Rosmery Maturana,PER,true
rossy lemos,Rossy Lemos,PER,true
rossy lemus,Rossy Lemus,PER,true
rotorr,Rotorr,PER,true
rottweiler,Rottweiler,PER,true
roxana guzmán,Roxana Guzmán,PER,true
roxy,Roxy,PER,true
roy,Roy,PER,true
roy barreras,Roy Barreras,PER,true
royer gómez herrera,Royer Gómez Herrera,PER,true
ruano,Ruano,PER,true
ruben blades,Ruben Blades,PER,true
ruben vargas,Ruben Vargas,PER,true
rubi,Rubi,PER,true
rubio,Rubio,PER,true
rubius,Rubius,PER,true
ruby rumié,Ruby Rumié,PER,true
rubén,Rubén,PER,true
rubén barbosa,Rubén Barbosa,PER,true
rubén blades,Rubén Blades,PER,true
rubén darío gallo,Rubén Darío Gallo,PER,true
rubén gallego,Rubén Gallego,PER,true
rubén torrado,Rubén Torrado,PER,true
rubén vargas,Rubén Vargas,PER,true
ruddy rodríguez,Ruddy Rodríguez,PER,true
rudi garcía,Rudi García,PER,true
rudolf hommes,Rudolf Hommes,PER,true
rufino josé cuervo,Rufino José Cuervo,PER,true
rufito,Rufito,PER,true
ruggeri,Ruggeri,PER,true
ruiz,Ruiz,PER,true
rulfo,Rulfo,PER,true
rumba,Rumba,PER,true
rupert murdoch,Rupert Murdoch,PER,true
rusinque,Rusinque,PER,true
ruso,Ruso,PER,true
rusowsky,Rusowsky,PER,true
russell,Russell,PER,true
russell crowe,Russell Crowe,PER,true
russo,Russo,PER,true
ruth maritza quevedo fique,Ruth Maritza Quevedo Fique,PER,true
ruth quevedo,Ruth Quevedo,PER,true
rutte,Rutte,PER,true
rutte de la otan,Rutte de la Otan,PER,true
ruvén afanador,Ruvén Afanador,PER,true
rvssian,Rvssian,PER,true
rxnde akozta,Rxnde Akozta,PER,true
ryan castro,Ryan Castro,PER,true
ryan gosling,Ryan Gosling,PER,true
ryan lance,Ryan Lance,PER,true
ryan mendes,Ryan Mendes,PER,true
ryan reynolds,Ryan Reynolds,PER,true
ryu,Ryu,PER,true
räikkönen,Räikkönen,PER,true
réiver sanmartín,Réiver Sanmartín,PER,true
ríchard páez,Ríchard Páez,PER,true
ríos,Ríos,PER,true
róver perseverance,Róver Perseverance,PER,true
saade,Saade,PER,true
saar,Saar,PER,true
saavedra,Saavedra,PER,true
sabalenka,Sabalenka,PER,true
sabri lamouchi,Sabri Lamouchi,PER,true
sabrina,Sabrina,PER,true
sabrina carpenter,Sabrina Carpenter,PER,true
sacudón de lorenzo,Sacudón de Lorenzo,PER,true
sadam huseín,Sadam Huseín,PER,true
sadie sink,Sadie Sink,PER,true
sadio mané,Sadio Mané,PER,true
saeta,Saeta,PER,true
safwan awae,Safwan Awae,PER,true
sagitario,Sagitario,PER,true
saibari,Saibari,PER,true
salac,Salac,PER,true
salah,Salah,PER,true
salazar,Salazar,PER,true
salchichón,Salchichón,PER,true
salgado,Salgado,PER,true
salgado lyons,Salgado Lyons,PER,true
salim hanna,Salim Hanna,PER,true
salim jaller,Salim Jaller,PER,true
salma,Salma,PER,true
salma hayek,Salma Hayek,PER,true
salman rushdie,Salman Rushdie,PER,true
salome,Salome,PER,true
salome rodriguez,Salome Rodriguez,PER,true
salomé,Salomé,PER,true
salomé rodríguez,Salomé Rodríguez,PER,true
salomón,Salomón,PER,true
salomón hoy,Salomón HOY,PER,true
salsa mur,Salsa Mur,PER,true
salsagorda,Salsagorda,PER,true
salud hernández,Salud Hernández,PER,true
salvador illa,Salvador Illa,PER,true
salvatore bonpensiero,Salvatore Bonpensiero,PER,true
salvatore mancuso,Salvatore Mancuso,PER,true
salwa,Salwa,PER,true
salwa maloof,Salwa Maloof,PER,true
salwa maloof habib,Salwa Maloof Habib,PER,true
salwa maoof habid,Salwa Maoof Habid,PER,true
sam abu haykal,Sam Abu Haykal,PER,true
sam altman,Sam Altman,PER,true
sam bankman-fried,Sam Bankman-fried,PER,true
sam levinson,Sam Levinson,PER,true
sam neill,Sam Neill,PER,true
sam shaw,Sam Shaw,PER,true
sam smith,Sam Smith,PER,true
sam worthington,Sam Worthington,PER,true
samantha,Samantha,PER,true
samantha correa,Samantha Correa,PER,true
samantha rodríguez,Samantha Rodríguez,PER,true
samaria,Samaria,PER,true
sambueza,Sambueza,PER,true
samir,Samir,PER,true
samir bedoya,Samir Bedoya,PER,true
samir nasry daccach,Samir Nasry Daccach,PER,true
sammy,Sammy,PER,true
sammy marrero,Sammy Marrero,PER,true
sampaio,Sampaio,PER,true
samper,Samper,PER,true
samper pizano,Samper Pizano,PER,true
samuel,Samuel,PER,true
samuel biener,Samuel Biener,PER,true
samuel bluman,Samuel Bluman,PER,true
samuel bluman levy,Samuel Bluman Levy,PER,true
samuel enrique salazar,Samuel Enrique Salazar,PER,true
samuel enrique salazar soto,Samuel Enrique Salazar Soto,PER,true
samuel gutiérrez,Samuel Gutiérrez,PER,true
samuel l. jackson,Samuel L. Jackson,PER,true
samuel martínez,Samuel Martínez,PER,true
samuel morales,Samuel Morales,PER,true
samuel salazar,Samuel Salazar,PER,true
samuel ávila,Samuel Ávila,PER,true
samuelito,Samuelito,PER,true
samán de la suerte,Samán de la Suerte,PER,true
san juan bosco,San Juan Bosco,PER,true
san juan pablo ii,San Juan Pablo Ii,PER,true
san martín de porres,San Martín de Porres,PER,true
san miguel arcángel,San Miguel Arcángel,PER,true
sanabria,Sanabria,PER,true
sanalejo,Sanalejo,PER,true
sandoval,Sandoval,PER,true
sandra bessudo,Sandra Bessudo,PER,true
sandra borda,Sandra Borda,PER,true
sandra bullock,Sandra Bullock,PER,true
sandra cadena,Sandra Cadena,PER,true
sandra carvajal,Sandra Carvajal,PER,true
sandra chindoy,Sandra Chindoy,PER,true
sandra estupiñan,Sandra Estupiñan,PER,true
sandra estupiñán,Sandra Estupiñán,PER,true
sandra forero,Sandra Forero,PER,true
sandra hüller,Sandra Hüller,PER,true
sandra liliana velásquez,Sandra Liliana Velásquez,PER,true
sandra martínez,Sandra Martínez,PER,true
sandra milena martínez,Sandra Milena Martínez,PER,true
sandra muñoz,Sandra Muñoz,PER,true
sandra ortiz,Sandra Ortiz,PER,true
sandra paola hurtado,Sandra Paola Hurtado,PER,true
sandra patricia gómez,Sandra Patricia Gómez,PER,true
sandra ramírez,Sandra Ramírez,PER,true
sandra rocío hernández,Sandra Rocío Hernández,PER,true
sandra rodríguez,Sandra Rodríguez,PER,true
sandra suarez,Sandra Suárez,PER,true
sandra suárez,Sandra Suárez,PER,true
sandra valenzuela,Sandra Valenzuela,PER,true
sandra varón,Sandra Varón,PER,true
sandra vilardy,Sandra Vilardy,PER,true
sandra vélez,Sandra Vélez,PER,true
sandra yorlady toro,Sandra Yorlady Toro,PER,true
sandy astrid,Sandy Astrid,PER,true
sandy astrid serene,Sandy Astrid Serene,PER,true
sandy serene ruiz,Sandy Serene Ruiz,PER,true
sanguino,Sanguino,PER,true
santafereño,Santafereño,PER,true
santandereano,Santandereano,PER,true
santiago,Santiago,PER,true
santiago abascal,Santiago Abascal,PER,true
santiago alarcón,Santiago Alarcón,PER,true
santiago arboleda,Santiago Arboleda,PER,true
santiago arias,Santiago Arias,PER,true
santiago botero,Santiago Botero,PER,true
santiago buitrago,Santiago Buitrago,PER,true
santiago cruz,Santiago Cruz,PER,true
santiago giraldo,Santiago Giraldo,PER,true
santiago mele,Santiago Mele,PER,true
santiago moreno,Santiago Moreno,PER,true
santiago muñoz,Santiago Muñoz,PER,true
santiago osorio,Santiago Osorio,PER,true
santiago perafán silva,Santiago Perafán Silva,PER,true
santiago peña,Santiago Peña,PER,true
santiago rodríguez,Santiago Rodríguez,PER,true
santiago rojas,Santiago Rojas,PER,true
santiago tobón,Santiago Tobón,PER,true
santiago umba,Santiago Umba,PER,true
santiago uribe,Santiago Uribe,PER,true
santiago vargas,Santiago Vargas,PER,true
santiago ángel,Santiago Ángel,PER,true
santiago íñiguez,Santiago Íñiguez,PER,true
santidad,Santidad,PER,true
santimaye,Santimaye,PER,true
santo de dios,Santo de Dios,PER,true
santofimio,Santofimio,PER,true
santos,Santos,PER,true
santos borré,Santos Borré,PER,true
santoyo,Santoyo,PER,true
sao,Sao,PER,true
saoko,Saoko,PER,true
sara,Sara,PER,true
sara castellanos,Sara Castellanos,PER,true
sara corrales,Sara Corrales,PER,true
sara echeverría,Sara Echeverría,PER,true
sara goldring,Sara Goldring,PER,true
sara landry,Sara Landry,PER,true
sara lópez,Sara López,PER,true
sara mesa,Sara Mesa,PER,true
sara milena echeverría,Sara Milena Echeverría,PER,true
sara millerey,Sara Millerey,PER,true
sara tufano,Sara Tufano,PER,true
sara valentina,Sara Valentina,PER,true
sara vargas,Sara Vargas,PER,true
sarabia,Sarabia,PER,true
sarah brightman,Sarah Brightman,PER,true
sarah ferguson,Sarah Ferguson,PER,true
saray,Saray,PER,true
saray guerra sánchez,Saray Guerra Sánchez,PER,true
saray robayo,Saray Robayo,PER,true
saray robayo bechara,Saray Robayo Bechara,PER,true
saray rovayo,Saray Rovayo,PER,true
saraí aboites,Saraí Aboites,PER,true
sargento,Sargento,PER,true
sarmiento,Sarmiento,PER,true
sarmiento angulo,Sarmiento Angulo,PER,true
saros,Saros,PER,true
sasaki,Sasaki,PER,true
sasha,Sasha,PER,true
satel samaniego,Satel Samaniego,PER,true
satsky,Satsky,PER,true
saul naranjo,Saul Naranjo,PER,true
saulo ferraz campos,Saulo Ferraz Campos,PER,true
sayuris garcía,Sayuris García,PER,true
sayuris nayleth garcía,Sayuris Nayleth García,PER,true
saúl cruz,Saúl Cruz,PER,true
saúl duarte,Saúl Duarte,PER,true
saúl duarte naranjo,Saúl Duarte Naranjo,PER,true
saúl pineda,Saúl Pineda,PER,true
saúl severini,Saúl Severini,PER,true
scaloni,Scaloni,PER,true
schaeffler,Schaeffler,PER,true
schiaparelli,Schiaparelli,PER,true
schjelderup,Schjelderup,PER,true
schumacher,Schumacher,PER,true
scotiabank,Scotiabank,PER,true
scott bessent,Scott Bessent,PER,true
sean,Sean,PER,true
sean paul,Sean Paul,PER,true
sebas marín,Sebas Marín,PER,true
sebastia,Sebastia,PER,true
sebastian montoya,Sebastián Montoya,PER,true
sebastian moss,Sebastian Moss,PER,true
sebastian villa,Sebastián Villa,PER,true
sebastián beccacece,Sebastián Beccacece,PER,true
sebastián botero,Sebastián Botero,PER,true
sebastián caicedo,Sebastián Caicedo,PER,true
sebastián de belalcázar,Sebastián de Belalcázar,PER,true
sebastián durán,Sebastián Durán,PER,true
sebastián falla,Sebastián Falla,PER,true
sebastián giraldo,Sebastián Giraldo,PER,true
sebastián guanumen,Sebastián Guanumen,PER,true
sebastián guzmán,Sebastián Guzmán,PER,true
sebastián lópez,Sebastián López,PER,true
sebastián martínez,Sebastián Martínez,PER,true
sebastián montoya,Sebastián Montoya,PER,true
sebastián moreno,Sebastián Moreno,PER,true
sebastián nohra,Sebastián Nohra,PER,true
sebastián oliveros,Sebastián Oliveros,PER,true
sebastián reyes,Sebastián Reyes,PER,true
sebastián rosero,Sebastián Rosero,PER,true
sebastián vallebona,Sebastián Vallebona,PER,true
sebastián vega,Sebastián Vega,PER,true
sebastián viera,Sebastián Viera,PER,true
sebastián vignolo,Sebastián Vignolo,PER,true
sebastián villa,Sebastián Villa,PER,true
sebastián villalobos,Sebastián Villalobos,PER,true
sebastián yatra,Sebastián Yatra,PER,true
sebastián zuleta,Sebastián Zuleta,PER,true
sebastían trujillo,Sebastían Trujillo,PER,true
secretaria de desarrollo,Secretaria de Desarrollo,PER,true
secretaria de desarrollo social,Secretaria de Desarrollo Social,PER,true
secretaria de hacienda,Secretaria de Hacienda,PER,true
segura,Segura,PER,true
seili paola de hoyos,Seili Paola de Hoyos,PER,true
selena gomez,Selena Gomez,PER,true
selena gómez,Selena Gómez,PER,true
selin esen,Selin Esen,PER,true
sencia,Sencia,PER,true
sendé,Sendé,PER,true
seniat,Seniat,PER,true
sentencia,Sentencia,PER,true
sepp kuss,Sepp Kuss,PER,true
sepúlveda,Sepúlveda,PER,true
serafino iacono,Serafino Iacono,PER,true
serena,Serena,PER,true
serena williams,Serena Williams,PER,true
sergio abreu,Sergio Abreu,PER,true
sergio araujo,Sergio Araujo,PER,true
sergio araújo,Sergio Araújo,PER,true
sergio arturo piñeros,Sergio Arturo Piñeros,PER,true
sergio barbosa,Sergio Barbosa,PER,true
sergio busquets,Sergio Busquets,PER,true
sergio cabrera,Sergio Cabrera,PER,true
sergio díaz,Sergio Díaz,PER,true
sergio díaz-granados,Sergio Díaz-granados,PER,true
sergio fajardo,Sergio Fajardo,PER,true
sergio george,Sergio George,PER,true
sergio higuita,Sergio Higuita,PER,true
sergio mogollón,Sergio Mogollón,PER,true
sergio mosquera,Sergio Mosquera,PER,true
sergio mutis caballero,Sergio Mutis Caballero,PER,true
sergio ocampo,Sergio Ocampo,PER,true
sergio palau,Sergio Palau,PER,true
sergio piñeros,Sergio Piñeros,PER,true
sergio piñeros botero,Sergio Piñeros Botero,PER,true
sergio ramírez,Sergio Ramírez,PER,true
sergio rochet,Sergio Rochet,PER,true
sergio rodríguez,Sergio Rodríguez,PER,true
sergio santiago,Sergio Santiago,PER,true
sergio vargas,Sergio Vargas,PER,true
sergio zamora,Sergio Zamora,PER,true
serguéi lavrov,Serguéi Lavrov,PER,true
serna,Serna,PER,true
severini,Severini,PER,true
señor biter,Señor Biter,PER,true
señor de la panela,Señor de la Panela,PER,true
shadday estéreo,Shadday Estéreo,PER,true
shai gilgeous,Shai Gilgeous,PER,true
shake shack,Shake Shack,PER,true
shakibecca,Shakibecca,PER,true
shakira,Shakira,PER,true
sharay posada,Sharay Posada,PER,true
sharid fayad,Sharid Fayad,PER,true
shark tank,Shark Tank,PER,true
shary,Shary,PER,true
sheila,Sheila,PER,true
sheila gandara,Sheila Gandara,PER,true
sheila gándara,Sheila Gándara,PER,true
shein,Shein,PER,true
sheldon,Sheldon,PER,true
shenlong,Shenlong,PER,true
sheyla garcía,Sheyla García,PER,true
shia labeouf,Shia Labeouf,PER,true
shilton,Shilton,PER,true
shimizu toru,Shimizu Toru,PER,true
shirra,Shirra,PER,true
shnaider,Shnaider,PER,true
show de rubio,Show de Rubio,PER,true
showman,Showman,PER,true
shrek,Shrek,PER,true
siberiano,Siberiano,PER,true
sicariato,Sicariato,PER,true
sicariato de josé triana,Sicariato de José Triana,PER,true
sicario,Sicario,PER,true
siddharta gautama,Siddharta Gautama,PER,true
sidny lopes,Sidny Lopes,PER,true
sidny lopes cabral,Sidny Lopes Cabral,PER,true
sigifredo lópez,Sigifredo López,PER,true
silvana guerrero,Silvana Guerrero,PER,true
silvana tenreyro,Silvana Tenreyro,PER,true
silveira,Silveira,PER,true
silvestre,Silvestre,PER,true
silvestre dangond,Silvestre Dangond,PER,true
silvi,Silvi,PER,true
silvia abello,Silvia Abello,PER,true
silvia argüello,Silvia Argüello,PER,true
silvia duzán,Silvia Duzán,PER,true
silvia gómez,Silvia Gómez,PER,true
silvia tcherassi,Silvia Tcherassi,PER,true
silvio brito,Silvio Brito,PER,true
silvio garattini,Silvio Garattini,PER,true
silvio ordóñez chávez,Silvio Ordóñez Chávez,PER,true
silvy araujo,Silvy Araujo,PER,true
silvy araújo,Silvy Araújo,PER,true
simci,Simci,PER,true
simeone,Simeone,PER,true
simon brand,Simon Brand,PER,true
simona waltert,Simona Waltert,PER,true
simulador,Simulador,PER,true
simón,Simón,PER,true
simón brand,Simón Brand,PER,true
simón gómez,Simón Gómez,PER,true
simón gómez azza,Simón Gómez Azza,PER,true
simón mesa soto,Simón Mesa Soto,PER,true
simón molina,Simón Molina,PER,true
simón trinidad,Simón Trinidad,PER,true
simón vargas,Simón Vargas,PER,true
sindy pahola,Sindy Pahola,PER,true
sindy pahola pulgarín madrigal,Sindy Pahola Pulgarín Madrigal,PER,true
sindy pulgarín,Sindy Pulgarín,PER,true
sinner,Sinner,PER,true
sinú,Sinú,PER,true
siri hustvedt,Siri Hustvedt,PER,true
sismóloga,Sismóloga,PER,true
sisu,Sisu,PER,true
sixto porras,Sixto Porras,PER,true
skarlent rodríguez,Skarlent Rodríguez,PER,true
slavenka drakulic,Slavenka Drakulic,PER,true
slavko vincic,Slavko Vincic,PER,true
slayer,Slayer,PER,true
smirnoff,Smirnoff,PER,true
smotrich,Smotrich,PER,true
smurfit,Smurfit,PER,true
sneyder pinilla,Sneyder Pinilla,PER,true
snoop dogg,Snoop Dogg,PER,true
snoopy,Snoopy,PER,true
sobrino,Sobrino,PER,true
sofia,Sofia,PER,true
sofia vergara,Sofía Vergara,PER,true
sofonisba,Sofonisba,PER,true
sofía,Sofía,PER,true
sofía avendaño,Sofía Avendaño,PER,true
sofía castro,Sofía Castro,PER,true
sofía cortés ortiz,Sofía Cortés Ortiz,PER,true
sofía del guercio,Sofía del Guercio,PER,true
sofía gallo,Sofía Gallo,PER,true
sofía jaramillo,Sofía Jaramillo,PER,true
sofía murillo,Sofía Murillo,PER,true
sofía osío,Sofía Osío,PER,true
sofía osío luna,Sofía Osío Luna,PER,true
sofía otero,Sofía Otero,PER,true
sofía petro,Sofía Petro,PER,true
sofía upegui calle,Sofía Upegui Calle,PER,true
sofía vela,Sofía Vela,PER,true
sofía vergara,Sofía Vergara,PER,true
solari,Solari,PER,true
soldo,Soldo,PER,true
soley,Soley,PER,true
soligrey gallego,Soligrey Gallego,PER,true
solovino,Solovino,PER,true
sombra,Sombra,PER,true
son heung-min,Son Heung-min,PER,true
sondra macollins,Sondra Macollins,PER,true
sondra mccollins,Sondra Mccollins,PER,true
sonia,Sonia,PER,true
sonia bazanta vides,Sonia Bazanta Vides,PER,true
sonia restrepo,Sonia Restrepo,PER,true
sonia rodríguez,Sonia Rodríguez,PER,true
sonia sarmiento,Sonia Sarmiento,PER,true
sonic,Sonic,PER,true
sonny rollins,Sonny Rollins,PER,true
sooyoung,Sooyoung,PER,true
sophia larrota,Sophia Larrota,PER,true
sophie adenot,Sophie Adenot,PER,true
soraya montoya,Soraya Montoya,PER,true
soraya pino,Soraya Pino,PER,true
soren waerenskjold,Soren Waerenskjold,PER,true
soya,Soya,PER,true
spacexai,Spacexai,PER,true
speakeasy,Speakeasy,PER,true
speed,Speed,PER,true
spencer tunick,Spencer Tunick,PER,true
spiderman,Spiderman,PER,true
spielberg,Spielberg,PER,true
sriram krishnan,Sriram Krishnan,PER,true
stale solbakken,Stale Solbakken,PER,true
stalin motta,Stalin Motta,PER,true
stallone,Stallone,PER,true
stan lee,Stan Lee,PER,true
starmer,Starmer,PER,true
starship,Starship,PER,true
stefan medina,Stefan Medina,PER,true
stefan zweig,Stefan Zweig,PER,true
stefani gamboa,Stefani Gamboa,PER,true
stefany cuadrado,Stefany Cuadrado,PER,true
stefanía galvis,Stefanía Galvis,PER,true
stefanía sánchez,Stefanía Sánchez,PER,true
stella mccartney,Stella Mccartney,PER,true
stendhal,Stendhal,PER,true
stephanie,Stephanie,PER,true
stephanie cayo,Stephanie Cayo,PER,true
stephen colbert,Stephen Colbert,PER,true
stephen hawking,Stephen Hawking,PER,true
stephen king,Stephen King,PER,true
stephens,Stephens,PER,true
steve aoki,Steve Aoki,PER,true
steve jobs,Steve Jobs,PER,true
steve mcqueen,Steve Mcqueen,PER,true
steve toussaint,Steve Toussaint,PER,true
steven ordóñez,Steven Ordóñez,PER,true
steven portillo,Steven Portillo,PER,true
steven portillo gómez,Steven Portillo Gómez,PER,true
steven spielberg,Steven Spielberg,PER,true
stewart mclean,Stewart Mclean,PER,true
stitch,Stitch,PER,true
stiven barreiro,Stiven Barreiro,PER,true
stonex,Stonex,PER,true
strauss,Strauss,PER,true
stream,Stream,PER,true
streamer davo xeneize,Streamer Davo Xeneize,PER,true
streamer ishowspeed,Streamer Ishowspeed,PER,true
ståle solbakken,Ståle Solbakken,PER,true
subalterno,Subalterno,PER,true
subsecretario de energía,Subsecretario de Energía,PER,true
sue tilley,Sue Tilley,PER,true
sueco,Sueco,PER,true
suegra de carolina flores,Suegra de Carolina Flores,PER,true
sundar pichai,Sundar Pichai,PER,true
supergirl,Supergirl,PER,true
superintendente,Superintendente,PER,true
superintendente de salud,Superintendente de Salud,PER,true
superintendente de transporte,Superintendente de Transporte,PER,true
superman,Superman,PER,true
supermerk2,Supermerk2,PER,true
supertex,Supertex,PER,true
suri,Suri,PER,true
suri noelle,Suri Noelle,PER,true
susana,Susana,PER,true
susana castellanos,Susana Castellanos,PER,true
susana cordeiro,Susana Cordeiro,PER,true
susana muhamad,Susana Muhamad,PER,true
susana ochoa,Susana Ochoa,PER,true
suspiro,Suspiro,PER,true
svetlana alexiévich,Svetlana Alexiévich,PER,true
swagger,Swagger,PER,true
swami castro,Swami Castro,PER,true
sydney sweeney,Sydney Sweeney,PER,true
sydney towle,Sydney Towle,PER,true
sylvester stallone,Sylvester Stallone,PER,true
sánchez,Sánchez,PER,true
sébastien desabre,Sébastien Desabre,PER,true
sócrates,Sócrates,PER,true
søren wærenskjold,Søren Wærenskjold,PER,true
t. j. klune,T. J. Klune,PER,true
tabares,Tabares,PER,true
tadej pogacar,Tadej Pogacar,PER,true
tadej pogačar,Tadej Pogačar,PER,true
tadej v,Tadej V,PER,true
taha ali,Taha Ali,PER,true
tahiana bueno,Tahiana Bueno,PER,true
tahicelis marcano,Tahicelis Marcano,PER,true
tahith chong,Tahith Chong,PER,true
tajín,Tajín,PER,true
taliana vargas,Taliana Vargas,PER,true
talluah,Talluah,PER,true
tallulah willis,Tallulah Willis,PER,true
tamayo,Tamayo,PER,true
tamy,Tamy,PER,true
tanner,Tanner,PER,true
tapeo,Tapeo,PER,true
tapia,Tapia,PER,true
tareck el aissami,Tareck el Aissami,PER,true
taremi,Taremi,PER,true
tarik saleh,Tarik Saleh,PER,true
tariq panja,Tariq Panja,PER,true
tarzán,Tarzán,PER,true
tashigi,Tashigi,PER,true
tasnim,Tasnim,PER,true
tata becerra,Tata Becerra,PER,true
tata salazar,Tata Salazar,PER,true
tataloo,Tataloo,PER,true
tatiana,Tatiana,PER,true
tatiana cabello,Tatiana Cabello,PER,true
tatiana calderón,Tatiana Calderón,PER,true
tatiana cruz,Tatiana Cruz,PER,true
tatiana céspedes,Tatiana Céspedes,PER,true
tatiana franco,Tatiana Franco,PER,true
tatiana gaona,Tatiana Gaona,PER,true
tatiana gordillo,Tatiana Gordillo,PER,true
tatiana hernández,Tatiana Hernández,PER,true
tatiana rodríguez,Tatiana Rodríguez,PER,true
tatis serrano,Tatis Serrano,PER,true
tato,Tato,PER,true
tato marenco,Tato Marenco,PER,true
taty almeida,Taty Almeida,PER,true
tatyana henríquez,Tatyana Henríquez,PER,true
tatán,Tatán,PER,true
tatán mejía,Tatán Mejía,PER,true
tauro,Tauro,PER,true
tavo bernate,Tavo Bernate,PER,true
taxes,Taxes,PER,true
tay keith,Tay Keith,PER,true
taylor swift,Taylor Swift,PER,true
tayron guerrero,Tayron Guerrero,PER,true
tchouaméni,Tchouaméni,PER,true
tebi,Tebi,PER,true
tebi bernal,Tebi Bernal,PER,true
ted lasso,Ted Lasso,PER,true
tedros,Tedros,PER,true
tejada,Tejada,PER,true
tekashi,Tekashi,PER,true
temer,Temer,PER,true
tendero,Tendero,PER,true
teniente,Teniente,PER,true
teniente pérez,Teniente Pérez,PER,true
teo,Teo,PER,true
teo echeverría,Teo Echeverría,PER,true
teo gutierrez,Teo Gutierrez,PER,true
teo gutiérrez,Teo Gutiérrez,PER,true
ter stegen,Ter Stegen,PER,true
terafab,Terafab,PER,true
teresa gutiérrez,Teresa Gutiérrez,PER,true
tereza cristina,Tereza Cristina,PER,true
termocandelaria power,Termocandelaria Power,PER,true
terrel williams,Terrel Williams,PER,true
terry,Terry,PER,true
terry gutiérrez,Terry Gutiérrez,PER,true
tesillo,Tesillo,PER,true
teta,Teta,PER,true
teó gutiérrez,Teó Gutiérrez,PER,true
teófilo,Teófilo,PER,true
teófilo gutiérrez,Teófilo Gutiérrez,PER,true
thalia,Thalia,PER,true
thalía johana saldarriaga,Thalía Johana Saldarriaga,PER,true
the pitt,The Pitt,PER,true
thea booysen,Thea Booysen,PER,true
theo montoya,Theo Montoya,PER,true
thiago agustín tirante,Thiago Agustín Tirante,PER,true
thiago almada,Thiago Almada,PER,true
thiago mendes,Thiago Mendes,PER,true
thiago silva,Thiago Silva,PER,true
thibaut courtouis,Thibaut Courtouis,PER,true
thierry henry,Thierry Henry,PER,true
thierry ways,Thierry Ways,PER,true
thomas greg,Thomas Greg,PER,true
thomas müller,Thomas Müller,PER,true
thomas partey,Thomas Partey,PER,true
thomas piketty,Thomas Piketty,PER,true
thomas rovira,Thomas Rovira,PER,true
thomas silva,Thomas Silva,PER,true
thomas tuchel,Thomas Tuchel,PER,true
thompson,Thompson,PER,true
thomás tuchel,Thomás Tuchel,PER,true
thoreau,Thoreau,PER,true
thune,Thune,PER,true
thúy,Thúy,PER,true
tiana,Tiana,PER,true
tiananmen,Tiananmen,PER,true
tibasosa,Tibasosa,PER,true
tibiazo,Tibiazo,PER,true
tic,Tic,PER,true
tielemans,Tielemans,PER,true
tiffany,Tiffany,PER,true
tigrillo,Tigrillo,PER,true
tik tok,Tik Tok,PER,true
tiktoker,Tiktoker,PER,true
tilda swinton,Tilda Swinton,PER,true
tilly,Tilly,PER,true
tilly norwood,Tilly Norwood,PER,true
tilín,Tilín,PER,true
tim burchett,Tim Burchett,PER,true
tim burton,Tim Burton,PER,true
tim cook,Tim Cook,PER,true
tim merlier,Tim Merlier,PER,true
tim olyphant,Tim Olyphant,PER,true
tim payne,Tim Payne,PER,true
tim spector,Tim Spector,PER,true
timmy,Timmy,PER,true
timochenko,Timochenko,PER,true
timockenko,Timockenko,PER,true
timonazo,Timonazo,PER,true
timothy garton ash,Timothy Garton Ash,PER,true
timothée chalamet,Timothée Chalamet,PER,true
tina turner,Tina Turner,PER,true
tina vandersteel,Tina Vandersteel,PER,true
tinelli,Tinelli,PER,true
tini,Tini,PER,true
tini stoessel,Tini Stoessel,PER,true
tinni,Tinni,PER,true
tino,Tino,PER,true
tino asprilla,Tino Asprilla,PER,true
tirofijo,Tirofijo,PER,true
tissot,Tissot,PER,true
titi,Titi,PER,true
titi vega,Titi Vega,PER,true
tito,Tito,PER,true
tito murcia,Tito Murcia,PER,true
tito nieves,Tito Nieves,PER,true
tito rueda,Tito Rueda,PER,true
tius luka,Tius Luka,PER,true
tmz,Tmz,PER,true
tobby,Tobby,PER,true
toby,Toby,PER,true
toby muse,Toby Muse,PER,true
toby tobón,Toby Tobón,PER,true
tobón,Tobón,PER,true
toca,Toca,PER,true
todd blanche,Todd Blanche,PER,true
todd temkin,Todd Temkin,PER,true
tokischa,Tokischa,PER,true
tola,Tola,PER,true
tolú jazz quintet,Tolú Jazz Quintet,PER,true
tom,Tom,PER,true
tom barrack,Tom Barrack,PER,true
tom cruise,Tom Cruise,PER,true
tom hanks,Tom Hanks,PER,true
tom hiddleston,Tom Hiddleston,PER,true
tom holland,Tom Holland,PER,true
tom kane,Tom Kane,PER,true
tom rahill,Tom Rahill,PER,true
tom selleck,Tom Selleck,PER,true
tomac,Tomac,PER,true
tommy john,Tommy John,PER,true
tommy shelby,Tommy Shelby,PER,true
tomoko akane,Tomoko Akane,PER,true
tomorrowland,Tomorrowland,PER,true
tomás bermúdez,Tomás Bermúdez,PER,true
tomás gonzález,Tomás González,PER,true
tomás guanipa,Tomás Guanipa,PER,true
tomás molina,Tomás Molina,PER,true
tomás restrepo,Tomás Restrepo,PER,true
tomás rodríguez,Tomás Rodríguez,PER,true
tomás uribe,Tomás Uribe,PER,true
tomás ángel,Tomás Ángel,PER,true
tonegawa,Tonegawa,PER,true
tony,Tony,PER,true
tony dalton,Tony Dalton,PER,true
tony dize,Tony Dize,PER,true
topara,Topara,PER,true
toph,Toph,PER,true
topuria,Topuria,PER,true
tori penso,Tori Penso,PER,true
tornado,Tornado,PER,true
torre,Torre,PER,true
torregrosa,Torregrosa,PER,true
torstein træen,Torstein Træen,PER,true
toshifumi,Toshifumi,PER,true
toshimitsu motegi,Toshimitsu Motegi,PER,true
toto la momposina,Totó la Momposina,PER,true
totoro,Totoro,PER,true
totoró,Totoró,PER,true
totoy,Totoy,PER,true
totto,Totto,PER,true
tottus,Tottus,PER,true
totó,Totó,PER,true
totó la momposina,Totó la Momposina,PER,true
tovar,Tovar,PER,true
toño,Toño,PER,true
transfermarkt,Transfermarkt,PER,true
travis kelce,Travis Kelce,PER,true
travis scott,Travis Scott,PER,true
trent,Trent,PER,true
trent alexander-arnold,Trent Alexander-arnold,PER,true
trenzas,Trenzas,PER,true
tributo,Tributo,PER,true
trinh,Trinh,PER,true
trionda,Trionda,PER,true
tripita,Tripita,PER,true
tristan tate,Tristan Tate,PER,true
troublemakers,Troublemakers,PER,true
troy,Troy,PER,true
trueno,Trueno,PER,true
trujillo,Trujillo,PER,true
trum,Trum,PER,true
trump,Donald Trump,PER,true
truxton extreme,Truxton Extreme,PER,true
tuchel,Tuchel,PER,true
tuit,Tuit,PER,true
tulande,Tulande,PER,true
tulio gómez,Tulio Gómez,PER,true
tulio zuloaga,Tulio Zuloaga,PER,true
tulita,Tulita,PER,true
tulsi gabbard,Tulsi Gabbard,PER,true
tumban,Tumban,PER,true
tumor,Tumor,PER,true
tunez,Tunez,PER,true
tunjano,Tunjano,PER,true
tunjano jorge roa,Tunjano Jorge Roa,PER,true
tupac,Tupac,PER,true
tupac shakur,Tupac Shakur,PER,true
tuplús,Tuplús,PER,true
turbay,Turbay,PER,true
turistren,Turistren,PER,true
turner,Turner,PER,true
tuti vargas,Tuti Vargas,PER,true
tuto patiño,Tuto Patiño,PER,true
tuya,Tuya,PER,true
tyler hoechlin,Tyler Hoechlin,PER,true
tyler mane,Tyler Mane,PER,true
tyler robinson,Tyler Robinson,PER,true
tyron guerrero,Tyron Guerrero,PER,true
tío sam,Tío Sam,PER,true
ubeimar delgado,Ubeimar Delgado,PER,true
ubeimar ríos,Ubeimar Ríos,PER,true
udi neco,Udi Neco,PER,true
ueda,Ueda,PER,true
uli,Uli,PER,true
uli hoeness,Uli Hoeness,PER,true
ulises,Ulises,PER,true
uma thurman,Uma Thurman,PER,true
unai,Unai,PER,true
unai emery,Unai Emery,PER,true
unai simon,Unai Simon,PER,true
unai simón,Unai Simón,PER,true
undergold,Undergold,PER,true
uniformado,Uniformado,PER,true
urbaser,Urbaser,PER,true
urbi,Urbi,PER,true
urdinola,Urdinola,PER,true
urgencio,Urgencio,PER,true
uribe,Álvaro Uribe,PER,true
uriel giraldo,Uriel Giraldo,PER,true
uriel gómez grisales,Uriel Gómez Grisales,PER,true
uriel sanabria arias,Uriel Sanabria Arias,PER,true
urologo,Urologo,PER,true
ursula von der leyen,Ursula Von Der Leyen,PER,true
urán,Urán,PER,true
usain bolt,Usain Bolt,PER,true
usbekistán,Usbekistán,PER,true
uscátegui,Uscátegui,PER,true
uzbeko,Uzbeko,PER,true
uzbeko khusanov,Uzbeko Khusanov,PER,true
vaguito,Vaguito,PER,true
valbonesi,Valbonesi,PER,true
valderrama,Valderrama,PER,true
valdés,Valdés,PER,true
valentina,Valentina,PER,true
valentina barrios,Valentina Barrios,PER,true
valentina ferrer,Valentina Ferrer,PER,true
valentina lizcano,Valentina Lizcano,PER,true
valentina lozano,Valentina Lozano,PER,true
valentina marcano,Valentina Marcano,PER,true
valentina mor,Valentina Mor,PER,true
valentina ramos,Valentina Ramos,PER,true
valentina santa gáez,Valentina Santa Gáez,PER,true
valentina taguado,Valentina Taguado,PER,true
valentina vanegas,Valentina Vanegas,PER,true
valentino,Valentino,PER,true
valentino lázaro,Valentino Lázaro,PER,true
valentín lavín,Valentín Lavín,PER,true
valeria,Valeria,PER,true
valeria afanador,Valeria Afanador,PER,true
valeria arboleda,Valeria Arboleda,PER,true
valeria galviz,Valeria Galviz,PER,true
valeria garcía payán,Valeria García Payán,PER,true
valeria marquez,Valeria Márquez,PER,true
valeria moreno,Valeria Moreno,PER,true
valeria márquez,Valeria Márquez,PER,true
valerie domínguez,Valerie Domínguez,PER,true
valerie lafaurie,Valerie Lafaurie,PER,true
valgren,Valgren,PER,true
vallejo,Vallejo,PER,true
valu cervantes,Valu Cervantes,PER,true
valverde,Valverde,PER,true
valvoline,Valvoline,PER,true
van 7,Van 7,PER,true
van der dijs,Van Der Dijs,PER,true
van der poel,Van Der Poel,PER,true
van dijk,Van Dijk,PER,true
van gogh,Van Gogh,PER,true
vanessa cortés,Vanessa Cortés,PER,true
vanessa de la torre,Vanessa de la Torre,PER,true
vanessa lópez,Vanessa López,PER,true
vanessa pulgarin,Vanessa Pulgarín,PER,true
vanessa pulgarín,Vanessa Pulgarín,PER,true
vanessa spath,Vanessa Spath,PER,true
vaneza peláez,Vaneza Peláez,PER,true
vapuleó,Vapuleó,PER,true
varela,Varela,PER,true
vargas,Vargas,PER,true
vargas lleras,Enrique Vargas Lleras,PER,true
varoni,Varoni,PER,true
vegetti,Vegetti,PER,true
velarde,Velarde,PER,true
velasco,Velasco,PER,true
velatón,Velatón,PER,true
velorio,Velorio,PER,true
velásquez,Velásquez,PER,true
velázquez,Velázquez,PER,true
veneno,Veneno,PER,true
vente,Vente,PER,true
ventino,Ventino,PER,true
venus williams,Venus Williams,PER,true
vera wang,Vera Wang,PER,true
veronica alcocer,Verónica Alcocer,PER,true
verstappen,Verstappen,PER,true
verónica,Verónica,PER,true
verónica alcocer,Verónica Alcocer,PER,true
verónica cardona lópez,Verónica Cardona López,PER,true
verónica espinosa moreno,Verónica Espinosa Moreno,PER,true
verónica estrada,Verónica Estrada,PER,true
verónica guerrero,Verónica Guerrero,PER,true
verónica orozco,Verónica Orozco,PER,true
verónica soto,Verónica Soto,PER,true
vic g,Vic G,PER,true
vice,Vice,PER,true
vicecontralor,Vicecontralor,PER,true
vicente,Vicente,PER,true
vicente fernández,Vicente Fernández,PER,true
vicente fox,Vicente Fox,PER,true
vickingo,Vickingo,PER,true
vicky acosta,Vicky Acosta,PER,true
vicky dávila,Vicky Dávila,PER,true
vicky hernández,Vicky Hernández,PER,true
vicky pérez,Vicky Pérez,PER,true
victor chala,Víctor Chalá,PER,true
victor osimhen,Victor Osimhen,PER,true
victor willis,Victor Willis,PER,true
victoria beckham,Victoria Beckham,PER,true
victoria justice,Victoria Justice,PER,true
victoria martín,Victoria Martín,PER,true
victoria pérez,Victoria Pérez,PER,true
victorino,Victorino,PER,true
vidente,Vidente,PER,true
vidés,Vidés,PER,true
vieira vidente,Vieira Vidente,PER,true
viejo,Viejo,PER,true
viejo palpatine,Viejo Palpatine,PER,true
vigna,Vigna,PER,true
vikander,Vikander,PER,true
viking row,Viking Row,PER,true
vikingo,Vikingo,PER,true
villa,Villa,PER,true
villamizar,Villamizar,PER,true
villar,Villar,PER,true
vilma jay,Vilma Jay,PER,true
vilma palma,Vilma Palma,PER,true
vin diesel,Vin Diesel,PER,true
vincent kompany,Vincent Kompany,PER,true
vincent pastore,Vincent Pastore,PER,true
vincent ramos,Vincent Ramos,PER,true
vingegaard,Vingegaard,PER,true
vini jr,Vini Jr,PER,true
vinicius,Vinicius,PER,true
vinicius jr,Vinicius Jr,PER,true
vinícius,Vinícius,PER,true
vinícius jr,Vinícius Jr,PER,true
violeta,Violeta,PER,true
violeta bergonzi,Violeta Bergonzi,PER,true
violeta guerrero,Violeta Guerrero,PER,true
viral i felipe saruma,Viral I Felipe Saruma,PER,true
virgelina chará,Virgelina Chará,PER,true
virgen,Virgen,PER,true
virgen de la medalla,Virgen de la Medalla,PER,true
virgen del carmen,Virgen del Carmen,PER,true
virgen maría,Virgen María,PER,true
virgil van dijk,Virgil Van Dijk,PER,true
virgina vallejo,Virgina Vallejo,PER,true
virginia vallejo,Virginia Vallejo,PER,true
virginia woolf,Virginia Woolf,PER,true
virgo,Virgo,PER,true
vitinha,Vitinha,PER,true
vito,Vito,PER,true
vitricio,Vitricio,PER,true
viuda,Viuda,PER,true
vivaldi,Vivaldi,PER,true
viveros,Viveros,PER,true
vives,Vives,PER,true
vivi barguil,Vivi Barguil,PER,true
vivi puñaleto,Vivi Puñaleto,PER,true
vivian aisen,Vivian Aisen,PER,true
vivian morales,Vivian Morales,PER,true
viviana,Viviana,PER,true
viviana marín,Viviana Marín,PER,true
viviana marín carmona,Viviana Marín Carmona,PER,true
viviana ravelo,Viviana Ravelo,PER,true
viviana santos,Viviana Santos,PER,true
viviana vargas,Viviana Vargas,PER,true
viviane,Viviane,PER,true
viviane morales,Viviane Morales,PER,true
vivis beigbeder,Vivis Beigbeder,PER,true
viáfara,Viáfara,PER,true
viña machado,Viña Machado,PER,true
vlad yatsenko,Vlad Yatsenko,PER,true
vladimir nabokov,Vladimir Nabokov,PER,true
vladimir putin,Vladimir Putin,PER,true
vladímir putin,Vladímir Putin,PER,true
vlahovic,Vlahovic,PER,true
volqueta,Volqueta,PER,true
voltaire,Voltaire,PER,true
von humboldt,Von Humboldt,PER,true
vondrousova,Vondrousova,PER,true
vonlanthen,Vonlanthen,PER,true
vozinha,Vozinha,PER,true
vázquez,Vázquez,PER,true
vélez,Vélez,PER,true
víctor acosta,Víctor Acosta,PER,true
víctor alfonso gamboa,Víctor Alfonso Gamboa,PER,true
víctor bala,Víctor Bala,PER,true
víctor campaz,Víctor Campaz,PER,true
víctor cantillo,Víctor Cantillo,PER,true
víctor chala,Víctor Chalá,PER,true
víctor chalá,Víctor Chalá,PER,true
víctor gamboa,Víctor Gamboa,PER,true
víctor gamboa chaparro,Víctor Gamboa Chaparro,PER,true
víctor gómez,Víctor Gómez,PER,true
víctor hugo,Víctor Hugo,PER,true
víctor hugo aristizábal,Víctor Hugo Aristizábal,PER,true
víctor hugo morales,Víctor Hugo Morales,PER,true
víctor hugo yepes garcía,Víctor Hugo Yepes García,PER,true
víctor jara,Víctor Jara,PER,true
víctor mallarino,Víctor Mallarino,PER,true
víctor manuel salcedo,Víctor Manuel Salcedo,PER,true
víctor manuelle,Víctor Manuelle,PER,true
víctor marulanda,Víctor Marulanda,PER,true
víctor mosquera,Víctor Mosquera,PER,true
víctor mosquera abogados,Víctor Mosquera Abogados,PER,true
víctor muñoz,Víctor Muñoz,PER,true
víctor quero,Víctor Quero,PER,true
víctor quero navas,Víctor Quero Navas,PER,true
víctor ramos,Víctor Ramos,PER,true
víctor salcedo,Víctor Salcedo,PER,true
víctor wembanyama,Víctor Wembanyama,PER,true
víctor willis,Víctor Willis,PER,true
wadith manzur,Wadith Manzur,PER,true
waerenskjold,Waerenskjold,PER,true
wagner moura,Wagner Moura,PER,true
waika,Waika,PER,true
waka,Waka,PER,true
waldo urrego,Waldo Urrego,PER,true
walford pérez,Walford Pérez,PER,true
waller,Waller,PER,true
wally,Wally,PER,true
walmer pacheco,Walmer Pacheco,PER,true
walter giraldo,Walter Giraldo,PER,true
walter kolm,Walter Kolm,PER,true
walter martinez,Walter Martinez,PER,true
walter martínez,Walter Martínez,PER,true
walter mendoza,Walter Mendoza,PER,true
walter mercado,Walter Mercado,PER,true
walter rodríguez,Walter Rodríguez,PER,true
walter vargas,Walter Vargas,PER,true
walton,Walton,PER,true
walz,Walz,PER,true
warren buffett,Warren Buffett,PER,true
warsh,Warsh,PER,true
wasticredit,Wasticredit,PER,true
wayúu,Wayúu,PER,true
wehen wiesbaden,Wehen Wiesbaden,PER,true
wembanyama,Wembanyama,PER,true
wendy guevara,Wendy Guevara,PER,true
wendy herrera,Wendy Herrera,PER,true
wendy sepulveda,Wendy Sepúlveda,PER,true
wendy sepúlveda,Wendy Sepúlveda,PER,true
wendy yohana,Wendy Yohana,PER,true
wendy yohana sepúlveda,Wendy Yohana Sepúlveda,PER,true
wenger,Wenger,PER,true
westcol,Westcol,PER,true
weverton,Weverton,PER,true
whitaker,Whitaker,PER,true
whitman,Whitman,PER,true
whitney houston,Whitney Houston,PER,true
wikipedia,Wikipedia,PER,true
wilber martínez,Wilber Martínez,PER,true
wilder eusse,Wilder Eusse,PER,true
wilder eusse osorio,Wilder Eusse Osorio,PER,true
wilfran castillo,Wilfran Castillo,PER,true
wilfreth aguilera,Wilfreth Aguilera,PER,true
wilfrido batista,Wilfrido Batista,PER,true
wilfrido vargas,Wilfrido Vargas,PER,true
will fiorillo,Will Fiorillo,PER,true
will smith,Will Smith,PER,true
willa dunn,Willa Dunn,PER,true
willer ditta,Willer Ditta,PER,true
willi,Willi,PER,true
william dau,William Dau,PER,true
william gibson,William Gibson,PER,true
william jerez medina,William Jerez Medina,PER,true
william lozano,William Lozano,PER,true
william mebarak,William Mebarak,PER,true
william orbit,William Orbit,PER,true
william ospina,William Ospina,PER,true
william rincón,William Rincón,PER,true
william vargas,William Vargas,PER,true
william villamizar,William Villamizar,PER,true
william vinasco,William Vinasco,PER,true
williams,Williams,PER,true
willian malkun,Willian Malkun,PER,true
willie colón,Willie Colón,PER,true
willington ortiz,Willington Ortiz,PER,true
willinton ortiz,Willinton Ortiz,PER,true
willner rivas,Willner Rivas,PER,true
wills,Wills,PER,true
willy,Willy,PER,true
willy chavarría,Willy Chavarría,PER,true
willy colón,Willy Colón,PER,true
willy drews,Willy Drews,PER,true
willy garcía,Willy García,PER,true
wilman bocanegra,Wilman Bocanegra,PER,true
wilmar,Wilmar,PER,true
wilmar barrios,Wilmar Barrios,PER,true
wilmar bayona,Wilmar Bayona,PER,true
wilmar mejía,Wilmar Mejía,PER,true
wilmar paredes,Wilmar Paredes,PER,true
wilmar roldan,Wilmar Roldán,PER,true
wilmar roldán,Wilmar Roldán,PER,true
wilmer,Wilmer,PER,true
wilmer carrillo,Wilmer Carrillo,PER,true
wilmer castellanos,Wilmer Castellanos,PER,true
wilmer guerrero,Wilmer Guerrero,PER,true
wilson,Wilson,PER,true
wilson devia,Wilson Devia,PER,true
wilson gonzalez,Wilson Gonzalez,PER,true
wilson gonzález,Wilson González,PER,true
wilson gonzález reyes,Wilson González Reyes,PER,true
wilson martinez,Wilson Martinez,PER,true
wilson martínez,Wilson Martínez,PER,true
wilson martínez londoño,Wilson Martínez Londoño,PER,true
wilson morelo,Wilson Morelo,PER,true
wilson ruiz,Wilson Ruiz,PER,true
wilson ruíz,Wilson Ruíz,PER,true
wilson vicente gonzález,Wilson Vicente González,PER,true
wilton sampaio,Wilton Sampaio,PER,true
winfree,Winfree,PER,true
winny,Winny,PER,true
winsner nessir sandoval,Winsner Nessir Sandoval,PER,true
winsner sandoval,Winsner Sandoval,PER,true
winston churchill,Winston Churchill,PER,true
wiseman,Wiseman,PER,true
wisin,Wisin,PER,true
wladimir gómez becerra,Wladimir Gómez Becerra,PER,true
wladimir klitschko,Wladimir Klitschko,PER,true
wobi,Wobi,PER,true
wong,Wong,PER,true
woodcock,Woodcock,PER,true
woody,Woody,PER,true
wout van aert,Wout Van Aert,PER,true
wsj,Wsj,PER,true
wualys fuentes,Wualys Fuentes,PER,true
wálmer pacheco,Wálmer Pacheco,PER,true
wálter vargas,Wálter Vargas,PER,true
wærenskjold,Wærenskjold,PER,true
wílmar paredes,Wílmar Paredes,PER,true
wílmar roldán,Wílmar Roldán,PER,true
wílmer barahona,Wílmer Barahona,PER,true
wílmer cabrera,Wílmer Cabrera,PER,true
xabi alonso,Xabi Alonso,PER,true
xavi hernandez,Xavi Hernandez,PER,true
xavi hernández,Xavi Hernández,PER,true
xavier becerra,Xavier Becerra,PER,true
xavier jordán,Xavier Jordán,PER,true
xavier león,Xavier León,PER,true
xavier trudeau,Xavier Trudeau,PER,true
xenu,Xenu,PER,true
xhaka,Xhaka,PER,true
xi,Xi,PER,true
xi jinping,Xi Jinping,PER,true
ximena duque,Ximena Duque,PER,true
xiomara saldarriaga,Xiomara Saldarriaga,PER,true
xu jiayin,Xu Jiayin,PER,true
yael trepy,Yael Trepy,PER,true
yahir acuña,Yahir Acuña,PER,true
yailin,Yailin,PER,true
yair bermúdez,Yair Bermúdez,PER,true
yakin,Yakin,PER,true
yamal,Yamal,PER,true
yamandú orsi,Yamandú Orsi,PER,true
yami safdie,Yami Safdie,PER,true
yamil arana,Yamil Arana,PER,true
yamile,Yamile,PER,true
yamile humar,Yamile Humar,PER,true
yamir lópez,Yamir López,PER,true
yamit beltrán,Yamit Beltrán,PER,true
yamit picón rodríguez,Yamit Picón Rodríguez,PER,true
yamith caicedo,Yamith Caicedo,PER,true
yan diomande,Yan Diomande,PER,true
yan diomandé,Yan Diomandé,PER,true
yandel,Yandel,PER,true
yanet mosquera,Yanet Mosquera,PER,true
yang shuang-zi,Yang Shuang-zi,PER,true
yango,Yango,PER,true
yanilis romero,Yanilis Romero,PER,true
yanis varoufakis,Yanis Varoufakis,PER,true
yanjane meneses,Yanjane Meneses,PER,true
yannai kadamani,Yannai Kadamani,PER,true
yaser asprilla,Yaser Asprilla,PER,true
yasleidis martínez,Yasleidis Martínez,PER,true
yaya muñoz,Yaya Muñoz,PER,true
yazmín,Yazmín,PER,true
yeferson,Yeferson,PER,true
yeferson cossio,Yeferson Cossio,PER,true
yefferson,Yefferson,PER,true
yeimi arrieta,Yeimi Arrieta,PER,true
yeimi paola vargas,Yeimi Paola Vargas,PER,true
yeimi velásquez,Yeimi Velásquez,PER,true
yeimy montoya,Yeimy Montoya,PER,true
yeimy paola vargas,Yeimy Paola Vargas,PER,true
yeiro muñoz,Yeiro Muñoz,PER,true
yeison,Yeison,PER,true
yeison guzmán,Yeison Guzmán,PER,true
yeison jimenez,Yeison Jiménez,PER,true
yeison jiménez,Yeison Jiménez,PER,true
yeison lópez,Yeison López,PER,true
yeison pacheco,Yeison Pacheco,PER,true
yeison suárez,Yeison Suárez,PER,true
yender,Yender,PER,true
yenifer paola ortega,Yenifer Paola Ortega,PER,true
yenny,Yenny,PER,true
yenny guaina,Yenny Guaina,PER,true
yenny nohava,Yenny Nohava,PER,true
yeonjun,Yeonjun,PER,true
yepes,Yepes,PER,true
yerai cortés,Yerai Cortés,PER,true
yeremy pino,Yeremy Pino,PER,true
yerry mina,Yerry Mina,PER,true
yerson mosquera,Yerson Mosquera,PER,true
yesid lancheros,Yesid Lancheros,PER,true
yesid sandoval,Yesid Sandoval,PER,true
yessid pulgar,Yessid Pulgar,PER,true
yhorman hurtado,Yhorman Hurtado,PER,true
yimmi chará,Yimmi Chará,PER,true
yimvert berroterán,Yimvert Berroterán,PER,true
yina,Yina,PER,true
yina calderón,Yina Calderón,PER,true
yina rose,Yina Rose,PER,true
yineth ochoa,Yineth Ochoa,PER,true
yira castro,Yira Castro,PER,true
yisell,Yisell,PER,true
ylixa toloza,Ylixa Toloza,PER,true
yogui,Yogui,PER,true
yohir akerman,Yohir Akerman,PER,true
yoi,Yoi,PER,true
yoko,Yoko,PER,true
yokoi kenji,Yokoi Kenji,PER,true
yoky barrios,Yoky Barrios,PER,true
yolanda celis,Yolanda Celis,PER,true
yolanda díaz,Yolanda Díaz,PER,true
yolanda estefany arias,Yolanda Estefany Arias,PER,true
yolanda villavicencio,Yolanda Villavicencio,PER,true
yoly illidge,Yoly Illidge,PER,true
yonaiker,Yonaiker,PER,true
yonathan duque,Yonathan Duque,PER,true
yonky,Yonky,PER,true
yoon suk yeol,Yoon Suk Yeol,PER,true
yorcín,Yorcín,PER,true
yordano,Yordano,PER,true
yordin fabián pérez,Yordin Fabián Pérez,PER,true
yorgelis delgado,Yorgelis Delgado,PER,true
yorgelys delgado,Yorgelys Delgado,PER,true
yosef,Yosef,PER,true
yoshan valois,Yoshan Valois,PER,true
yovanna ventura,Yovanna Ventura,PER,true
yoyo,Yoyo,PER,true
yuberjen,Yuberjen,PER,true
yuberjén martínez,Yuberjén Martínez,PER,true
yuli pineda,Yuli Pineda,PER,true
yuli ruiz,Yuli Ruiz,PER,true
yuli ruíz,Yuli Ruíz,PER,true
yulia putintseva,Yulia Putintseva,PER,true
yuliana samboní,Yuliana Samboní,PER,true
yulieth,Yulieth,PER,true
yulieth angulo,Yulieth Angulo,PER,true
yulieth escobar,Yulieth Escobar,PER,true
yulieth ángulo,Yulieth Ángulo,PER,true
yulitza toloza,Yulitza Toloza,PER,true
yulixa,Yulixa,PER,true
yulixa lozada,Yulixa Lozada,PER,true
yulixa tolosa,Yulixa Tolosa,PER,true
yulixa toloza,Yulixa Toloza,PER,true
yuly ferreira,Yuly Ferreira,PER,true
yuranis velazco,Yuranis Velazco,PER,true
yuri,Yuri,PER,true
yuri copete,Yuri Copete,PER,true
yuridia,Yuridia,PER,true
yury copete,Yury Copete,PER,true
yván gil,Yván Gil,PER,true
zafira,Zafira,PER,true
zafiro,Zafiro,PER,true
zahara,Zahara,PER,true
zako sapey,Zako Sapey,PER,true
zambada,Zambada,PER,true
zandra bernal,Zandra Bernal,PER,true
zapata,Zapata,PER,true
zapateiro,Zapateiro,PER,true
zapatero,Zapatero,PER,true
zarco,Zarco,PER,true
zarco aldinever,Zarco Aldinever,PER,true
zarigüeya,Zarigüeya,PER,true
zayn malik,Zayn Malik,PER,true
zelda,Zelda,PER,true
zelenski,Volodímir Zelenski,PER,true
zelensky,Zelensky,PER,true
zelmar michelini,Zelmar Michelini,PER,true
zendaya,Zendaya,PER,true
zerrate,Zerrate,PER,true
zeta,Zeta,PER,true
zeus,Zeus,PER,true
zhu rongji,Zhu Rongji,PER,true
zidane,Zidane,PER,true
zinedine,Zinedine,PER,true
zinedine zidane,Zinedine Zidane,PER,true
zion suzuki,Zion Suzuki,PER,true
zlatan ibrahimovic,Zlatan Ibrahimovic,PER,true
zlatko dalić,Zlatko Dalić,PER,true
zoe gottuso,Zoe Gottuso,PER,true
zoe gotusso,Zoe Gotusso,PER,true
zohran mamdani,Zohran Mamdani,PER,true
zoo,Zoo,PER,true
zoraida molina,Zoraida Molina,PER,true
zorrito,Zorrito,PER,true
zulandy mambuscay,Zulandy Mambuscay,PER,true
zuleta,Zuleta,PER,true
zulma,Zulma,PER,true
zulma cucunuba,Zulma Cucunuba,PER,true
zulma cucunubá,Zulma Cucunubá,PER,true
zverev,Zverev,PER,true
águila,Águila,PER,true
álbum panini,Álbum Panini,PER,true
álex,Álex,PER,true
álex bueno,Álex Bueno,PER,true
álex de la iglesia,Álex de la Iglesia,PER,true
álex manga,Álex Manga,PER,true
álex márquez,Álex Márquez,PER,true
álex saab,Álex Saab,PER,true
álex ubago,Álex Ubago,PER,true
álvarez,Álvarez,PER,true
álvarez balanta,Álvarez Balanta,PER,true
álvaro alejandro gámez,Álvaro Alejandro Gámez,PER,true
álvaro angulo,Álvaro Angulo,PER,true
álvaro arbeloa,Álvaro Arbeloa,PER,true
álvaro ashton,Álvaro Ashton,PER,true
álvaro bayona,Álvaro Bayona,PER,true
álvaro díaz,Álvaro Díaz,PER,true
álvaro gonzález,Álvaro González,PER,true
álvaro gómez hurtado,Álvaro Gómez Hurtado,PER,true
álvaro hernán prada,Álvaro Hernán Prada,PER,true
álvaro jair,Álvaro Jair,PER,true
álvaro leyva,Álvaro Leyva,PER,true
álvaro montero,Álvaro Montero,PER,true
álvaro prada,Álvaro Prada,PER,true
álvaro rengifo,Álvaro Rengifo,PER,true
álvaro restrepo,Álvaro Restrepo,PER,true
álvaro rodríguez,Álvaro Rodríguez,PER,true
álvaro sánchez,Álvaro Sánchez,PER,true
álvaro uribe,Álvaro Uribe,PER,true
ángel,Ángel,PER,true
ángel barajas,Ángel Barajas,PER,true
ángel beccassino,Ángel Beccassino,PER,true
ángel cappa,Ángel Cappa,PER,true
ángel custodio,Ángel Custodio,PER,true
ángel roa,Ángel Roa,PER,true
ángela aguilar,Ángela Aguilar,PER,true
ángela benedetti,Ángela Benedetti,PER,true
ángela leonarda cueros torres,Ángela Leonarda Cueros Torres,PER,true
ángela maría buitrago,Ángela María Buitrago,PER,true
ángela maría ceballos,Ángela María Ceballos,PER,true
ángela maría mora,Ángela María Mora,PER,true
ángela maría pérez,Ángela María Pérez,PER,true
ángela maría robledo,Ángela María Robledo,PER,true
ángela mora,Ángela Mora,PER,true
ángela serrano,Ángela Serrano,PER,true
ángela silva,Ángela Silva,PER,true
ángela vergara,Ángela Vergara,PER,true
árbitra,Árbitra,PER,true
árbol,Árbol,PER,true
ávila,Ávila,PER,true
échele cabeza,Échele Cabeza,PER,true
éder,Éder,PER,true
édgar barraza,Édgar Barraza,PER,true
édgar buitrago,Édgar Buitrago,PER,true
édgar díaz,Édgar Díaz,PER,true
édgar hoyos díaz,Édgar Hoyos Díaz,PER,true
édgar negret,Édgar Negret,PER,true
édgar rentería,Édgar Rentería,PER,true
éiner rubio,Éiner Rubio,PER,true
érika,Érika,PER,true
érika zapata,Érika Zapata,PER,true
étienne bousquet-cassagne,Étienne Bousquet-cassagne,PER,true
ídolo,Ídolo,PER,true
ímer machado,Ímer Machado,PER,true
índice davivienda,Índice Davivienda,PER,true
índigo,Índigo,PER,true
íngrid betancourt,Íngrid Betancourt,PER,true
ñeque,Ñeque,PER,true
ómar bula,Omar Bula,PER,true
ómar geles,Ómar Geles,PER,true
ómar oróstegui,Ómar Oróstegui,PER,true
ómphalos,Ómphalos,PER,true
óscar alarcón,Óscar Alarcón,PER,true
óscar albeiro figueroa,Óscar Albeiro Figueroa,PER,true
óscar aristizábal,Óscar Aristizábal,PER,true
óscar aristizábal botero,Óscar Aristizábal Botero,PER,true
óscar barreto,Óscar Barreto,PER,true
óscar benavides,Óscar Benavides,PER,true
óscar borda,Óscar Borda,PER,true
óscar borja,Óscar Borja,PER,true
óscar dávila,Óscar Dávila,PER,true
óscar figueroa,Óscar Figueroa,PER,true
óscar gamarra,Óscar Gamarra,PER,true
óscar giovanny marulanda,Óscar Giovanny Marulanda,PER,true
óscar iván zuluaga,Óscar Iván Zuluaga,PER,true
óscar leandro mojica,Óscar Leandro Mojica,PER,true
óscar mojica,Óscar Mojica,PER,true
óscar murillo,Óscar Murillo,PER,true
óscar muñoz,Óscar Muñoz,PER,true
óscar naranjo,Óscar Naranjo,PER,true
óscar pareja,Óscar Pareja,PER,true
óscar perea,Óscar Perea,PER,true
óscar ruggeri,Óscar Ruggeri,PER,true
óscar torres,Óscar Torres,PER,true
óscar tunjo,Óscar Tunjo,PER,true
óscar villalobos,Óscar Villalobos,PER,true
óscar villamizar,Óscar Villamizar,PER,true
óscar ávila,Óscar Ávila,PER,true
úrsula ablanque,Úrsula Ablanque,PER,true
úrsula iguarán,Úrsula Iguarán,PER,true
